input_id,link,title,category,address,open_hours,popular_times,website,phone,plus_code,review_count,review_rating,reviews_per_rating,latitude,longitude,cid,status,descriptions,reviews_link,thumbnail,timezone,price_range,data_id,images,reservations,order_online,menu,owner,complete_address,about,user_reviews,user_reviews_extended,emails
dc5180bc-cf0d-48b5-97bd-ea5bdf1953db,https://www.google.com/maps/place/Rechtsanwaltskanzlei+Ercan+G%C3%BCl/data=!4m7!3m6!1s0x47bd0eb1c7562b9b:0xbf527363f56035c3!8m2!3d50.1181343!4d8.6785709!16s%2Fg%2F1hc3x8gl3!19sChIJmytWx7EOvUcRwzVg9WNzUr8?authuser=0&hl=en&rclk=1,Rechtsanwaltskanzlei Ercan Gül,Lawyer,"Eschersheimer Landstraße 1-3, 60322 Frankfurt am Main","{""Friday"":[""9 am–6 pm""],""Monday"":[""9 am–6 pm""],""Saturday"":[""Closed""],""Sunday"":[""Closed""],""Thursday"":[""9 am–6 pm""],""Tuesday"":[""9 am–6 pm""],""Wednesday"":[""9 am–6 pm""]}",{},http://www.ra-guel.com/,069 59799251,4M9H+7C Frankfurt am Main,37,4.800000,"{""1"":0,""2"":1,""3"":1,""4"":3,""5"":32}",50.118134,8.678571,13786208282490189251,,,,https://streetviewpixels-pa.googleapis.com/v1/thumbnail?panoid=OjFa5HAIqz_aCG6oA-cgpQ&cb_client=search.gws-prod.gps&w=408&h=240&yaw=261.28732&pitch=0&thumbfov=100,Europe/Berlin,,0x47bd0eb1c7562b9b:0xbf527363f56035c3,"[{""title"":""All"",""image"":""https://streetviewpixels-pa.googleapis.com/v1/thumbnail?panoid=OjFa5HAIqz_aCG6oA-cgpQ\u0026cb_client=maps_sv.tactile.gps\u0026w=224\u0026h=298\u0026yaw=261.28732\u0026pitch=0\u0026thumbfov=100""},{""title"":""By owner"",""image"":""https://lh3.googleusercontent.com/p/AF1QipMdWAjOEOXHj-czRctelTguoIDYBnX2Sovwdwo=w529-h298-k-no""},{""title"":""Street View \u0026 360°"",""image"":""https://streetviewpixels-pa.googleapis.com/v1/thumbnail?panoid=OjFa5HAIqz_aCG6oA-cgpQ\u0026cb_client=maps_sv.tactile.gps\u0026w=224\u0026h=298\u0026yaw=261.28732\u0026pitch=0\u0026thumbfov=100""}]",null,null,"{""link"":"""",""source"":""""}","{""id"":""109547381158834664337"",""name"":""Rechtsanwaltskanzlei Ercan Gül (Owner)"",""link"":""https://www.google.com/maps/contrib/109547381158834664337""}","{""borough"":""Frankfurt-Innenstadt II"",""street"":""Eschersheimer Landstraße 1-3"",""city"":""Frankfurt am Main"",""postal_code"":""60322"",""state"":"""",""country"":""DE""}","[{""id"":""accessibility"",""name"":""Accessibility"",""options"":[{""name"":""Wheelchair-accessible entrance"",""enabled"":true}]},{""id"":""amenities"",""name"":""Amenities"",""options"":[{""name"":""Toilet"",""enabled"":true}]},{""id"":""planning"",""name"":""Planning"",""options"":[{""name"":""Appointments recommended"",""enabled"":true}]}]",[],null,
dc5180bc-cf0d-48b5-97bd-ea5bdf1953db,https://www.google.com/maps/place/Rechtsanw%C3%A4ltin+Rukiye+Kocbay/data=!4m7!3m6!1s0x47bd0f4f102ef205:0xfa56d98ae4e4e7c1!8m2!3d50.1154811!4d8.6805055!16s%2Fg%2F11tk2bkfq1!19sChIJBfIuEE8PvUcRwefk5IrZVvo?authuser=0&hl=en&rclk=1,Rechtsanwältin Rukiye Kocbay,Legal services,"Thurn-und-Taxis-Platz 6, 60313 Frankfurt am Main","{""Friday"":[""9 am–6 pm""],""Monday"":[""9 am–6 pm""],""Saturday"":[""Closed""],""Sunday"":[""Closed""],""Thursday"":[""9 am–6 pm""],""Tuesday"":[""9 am–6 pm""],""Wednesday"":[""9 am–6 pm""]}",{},http://www.medialaw24.com/,069 21996691,4M8J+56 Frankfurt am Main,1,5.000000,"{""1"":0,""2"":0,""3"":0,""4"":0,""5"":1}",50.115481,8.680505,18038844548048021441,,,,https://streetviewpixels-pa.googleapis.com/v1/thumbnail?panoid=HHDNxeielRSaIZd0wTOmsA&cb_client=search.gws-prod.gps&w=408&h=240&yaw=35.18865&pitch=0&thumbfov=100,Europe/Berlin,,0x47bd0f4f102ef205:0xfa56d98ae4e4e7c1,"[{""title"":""All"",""image"":""https://streetviewpixels-pa.googleapis.com/v1/thumbnail?panoid=HHDNxeielRSaIZd0wTOmsA\u0026cb_client=maps_sv.tactile.gps\u0026w=224\u0026h=298\u0026yaw=35.18865\u0026pitch=0\u0026thumbfov=100""},{""title"":""By owner"",""image"":""https://lh3.googleusercontent.com/p/AF1QipP2cEHxm4O3NvgJJd2e3kiGhBSBeeXympiuaC0=w224-h321-k-no""},{""title"":""Street View \u0026 360°"",""image"":""https://streetviewpixels-pa.googleapis.com/v1/thumbnail?panoid=HHDNxeielRSaIZd0wTOmsA\u0026cb_client=maps_sv.tactile.gps\u0026w=224\u0026h=298\u0026yaw=35.18865\u0026pitch=0\u0026thumbfov=100""}]",null,null,"{""link"":"""",""source"":""""}","{""id"":""116523597260820513915"",""name"":""Rechtsanwältin Rukiye Kocbay (Owner)"",""link"":""https://www.google.com/maps/contrib/116523597260820513915""}","{""borough"":""Innenstadt I"",""street"":""Thurn-und-Taxis-Platz 6"",""city"":""Frankfurt am Main"",""postal_code"":""60313"",""state"":"""",""country"":""DE""}",null,[],null,
dc5180bc-cf0d-48b5-97bd-ea5bdf1953db,https://www.google.com/maps/place/Anwaltskanzlei+Motorrechte.+Die+Verkehrsrechtskanzlei./data=!4m7!3m6!1s0x47bd0c0083b14903:0x1c2585d644549795!8m2!3d50.1153655!4d8.6803734!16s%2Fg%2F11f_lx2309!19sChIJA0mxgwAMvUcRlZdURNaFJRw?authuser=0&hl=en&rclk=1,Anwaltskanzlei Motorrechte. Die Verkehrsrechtskanzlei.,Lawyer,"Thurn-und-Taxis-Platz 6, 60313 Frankfurt am Main",{},{},https://www.motor-rechte.de/,069 153222660,4M8J+44 Frankfurt am Main,49,4.800000,"{""1"":3,""2"":0,""3"":0,""4"":0,""5"":46}",50.115365,8.680373,2028174362516166549,,,,https://lh3.googleusercontent.com/p/AF1QipPVJ-M6STTwR-x0-jmymjbehMQ8OiN4jr7eUaoa=w408-h261-k-no,Europe/Berlin,,0x47bd0c0083b14903:0x1c2585d644549795,"[{""title"":""All"",""image"":""https://lh3.googleusercontent.com/p/AF1QipPVJ-M6STTwR-x0-jmymjbehMQ8OiN4jr7eUaoa=w465-h298-k-no""},{""title"":""By owner"",""image"":""https://lh3.googleusercontent.com/p/AF1QipORNp-uiF79IKIjSwbC25Oshx3gYL2hpSsnPh5j=w529-h298-k-no""},{""title"":""Street View \u0026 360°"",""image"":""https://streetviewpixels-pa.googleapis.com/v1/thumbnail?panoid=HHDNxeielRSaIZd0wTOmsA\u0026cb_client=maps_sv.tactile.gps\u0026w=224\u0026h=298\u0026yaw=19.974592\u0026pitch=0\u0026thumbfov=100""}]",null,"[{""link"":""https://www.motor-rechte.de/anwaltskanzlei-verkehrsunfall-abgasskandal-widerruf"",""source"":""motor-rechte.de""}]","{""link"":"""",""source"":""""}","{""id"":""110150148041807527773"",""name"":""Anwaltskanzlei Motorrechte. Die Verkehrsrechtskanzlei. (Owner)"",""link"":""https://www.google.com/maps/contrib/110150148041807527773""}","{""borough"":""Innenstadt I"",""street"":""Thurn-und-Taxis-Platz 6"",""city"":""Frankfurt am Main"",""postal_code"":""60313"",""state"":"""",""country"":""DE""}","[{""id"":""amenities"",""name"":""Amenities"",""options"":[{""name"":""Toilet"",""enabled"":true}]},{""id"":""planning"",""name"":""Planning"",""options"":[{""name"":""Appointments recommended"",""enabled"":true}]}]",[],null,
dc5180bc-cf0d-48b5-97bd-ea5bdf1953db,https://www.google.com/maps/place/Kanzlei+UZUN/data=!4m7!3m6!1s0x47bd0e9ed87207d1:0x6c7a3be3882b3aaa!8m2!3d50.1154505!4d8.6920265!16s%2Fg%2F1v3gr0b_!19sChIJ0Qdy2J4OvUcRqjoriOM7emw?authuser=0&hl=en&rclk=1,Kanzlei UZUN,Labor relations attorney,"Heiligkreuzgasse 12-14, 60313 Frankfurt am Main","{""Friday"":[""9 am–4 pm""],""Monday"":[""9 am–4 pm""],""Saturday"":[""Closed""],""Sunday"":[""Closed""],""Thursday"":[""9 am–4 pm""],""Tuesday"":[""9 am–4 pm""],""Wednesday"":[""9 am–4 pm""]}",{},http://www.kanzlei-uzun.de/,069 4960087,4M8R+5R Frankfurt am Main,192,5.000000,"{""1"":0,""2"":0,""3"":0,""4"":1,""5"":191}",50.115450,8.692026,7816625951683066538,,,,https://lh3.googleusercontent.com/gps-cs-s/AG0ilSy2XRtFToJfXY79SBUs7dwIDgtoe1B05nS7oZKBnd2n2NPxTD_iRnW2Gdy3TPd7iYENl5v3ARnujsN1vOMCFvkwDfFxL6CtJP3qkFJBUK48qcziuE-ADjJfFJRgKio8JIv1UTuA=w408-h240-k-no-pi-10-ya340-ro-0-fo100,Europe/Berlin,,0x47bd0e9ed87207d1:0x6c7a3be3882b3aaa,"[{""title"":""All"",""image"":""https://lh3.googleusercontent.com/gps-cs-s/AG0ilSy2XRtFToJfXY79SBUs7dwIDgtoe1B05nS7oZKBnd2n2NPxTD_iRnW2Gdy3TPd7iYENl5v3ARnujsN1vOMCFvkwDfFxL6CtJP3qkFJBUK48qcziuE-ADjJfFJRgKio8JIv1UTuA=w224-h298-k-no-pi-10-ya340-ro-0-fo100""},{""title"":""Inside"",""image"":""https://lh3.googleusercontent.com/gps-cs-s/AG0ilSyqMW-D46Q4yjGWa8dJ3iyMZjPmQsi5rAV_UpMl3A3Fr4jGO1R6p3y1buV9afb_opjUjAGJjkLVVs-b5Un_BTD6UGemeAXpjjbgnyOvyY1I9UXI_iAKyQTsx1bxO07aMVXSWrxJ=w224-h298-k-no-pi-0-ya86.54802-ro-0-fo100""},{""title"":""By owner"",""image"":""https://lh3.googleusercontent.com/p/AF1QipPY-UclfO-QA3w8HFLRDtjktsP-1gXdCAfB3YKE=w224-h397-k-no""},{""title"":""Street View \u0026 360°"",""image"":""https://lh3.googleusercontent.com/gps-cs-s/AG0ilSxvN1fJHjzunZVq55dq5t2MoxtGf-nN0DHUKlcghNsfsY2qCYCuzYqe-TbQRLZylyxsSY3pWq7Tj3yagLt57vSii9xAokELCgZy8rKTOORc1EkusxJwmGiRajaMcFjy0h9mkTTa=w224-h298-k-no-pi0-ya325.80807-ro-0-fo100""}]",null,null,"{""link"":"""",""source"":""""}","{""id"":""116344119900889386431"",""name"":""Kanzlei UZUN (Owner)"",""link"":""https://www.google.com/maps/contrib/116344119900889386431""}","{""borough"":""Innenstadt I"",""street"":""Heiligkreuzgasse 12-14"",""city"":""Frankfurt am Main"",""postal_code"":""60313"",""state"":"""",""country"":""DE""}","[{""id"":""service_options"",""name"":""Service options"",""options"":[{""name"":""On-site services"",""enabled"":true},{""name"":""Online appointments"",""enabled"":false},{""name"":""Language assistance"",""enabled"":false}]},{""id"":""accessibility"",""name"":""Accessibility"",""options"":[{""name"":""Wheelchair-accessible entrance"",""enabled"":true}]},{""id"":""amenities"",""name"":""Amenities"",""options"":[{""name"":""Toilet"",""enabled"":true}]},{""id"":""crowd"",""name"":""Crowd"",""options"":[{""name"":""LGBTQ+ friendly"",""enabled"":true}]},{""id"":""planning"",""name"":""Planning"",""options"":[{""name"":""Appointments recommended"",""enabled"":true}]},{""id"":""parking"",""name"":""Parking"",""options"":[{""name"":""Paid multi-storey car park"",""enabled"":true},{""name"":""Paid parking lot"",""enabled"":true},{""name"":""Paid street parking"",""enabled"":true}]}]",[],null,
dc5180bc-cf0d-48b5-97bd-ea5bdf1953db,https://www.google.com/maps/place/Avokat+Arlind+Hoxha/data=!4m7!3m6!1s0x13503183beef80cd:0xb5f8a24d808f7f92!8m2!3d41.3191089!4d19.8150408!16s%2Fg%2F11lyplgtq5!19sChIJzYDvvoMxUBMRkn-PgE2i-LU?authuser=0&hl=en&rclk=1,Avokat Arlind Hoxha,Lawyer,"Rruga Avdyl Frasheri, pll.3, hyrja3, Tiranë 1001, Albania",{},"{""Friday"":{""0"":50,""1"":31,""10"":75,""11"":43,""12"":37,""13"":31,""14"":43,""15"":56,""16"":25,""17"":12,""18"":6,""19"":12,""2"":25,""20"":37,""21"":75,""22"":87,""23"":87,""3"":25,""4"":25,""5"":50,""6"":43,""7"":62,""8"":68,""9"":81},""Monday"":{""0"":50,""1"":43,""10"":31,""11"":18,""12"":18,""13"":31,""14"":37,""15"":56,""16"":75,""17"":93,""18"":75,""19"":37,""2"":81,""20"":18,""21"":12,""22"":31,""23"":25,""3"":75,""4"":43,""5"":37,""6"":31,""7"":37,""8"":31,""9"":18},""Saturday"":{""0"":37,""1"":31,""10"":100,""11"":68,""12"":62,""13"":56,""14"":68,""15"":56,""16"":43,""17"":50,""18"":81,""19"":93,""2"":18,""20"":81,""21"":68,""22"":43,""23"":50,""3"":18,""4"":18,""5"":25,""6"":31,""7"":25,""8"":50,""9"":68},""Sunday"":{""0"":37,""1"":25,""10"":31,""11"":31,""12"":31,""13"":50,""14"":50,""15"":50,""16"":37,""17"":18,""18"":12,""19"":18,""2"":37,""20"":25,""21"":31,""22"":31,""23"":18,""3"":37,""4"":37,""5"":25,""6"":43,""7"":37,""8"":50,""9"":50},""Thursday"":{""0"":12,""1"":12,""10"":50,""11"":31,""12"":31,""13"":25,""14"":25,""15"":37,""16"":43,""17"":18,""18"":18,""19"":18,""2"":12,""20"":25,""21"":12,""22"":0,""23"":6,""3"":6,""4"":6,""5"":0,""6"":0,""7"":12,""8"":37,""9"":43},""Tuesday"":{""0"":18,""1"":0,""10"":12,""11"":12,""12"":31,""13"":43,""14"":75,""15"":62,""16"":37,""17"":31,""18"":31,""19"":43,""2"":12,""20"":43,""21"":56,""22"":50,""23"":37,""3"":37,""4"":43,""5"":43,""6"":37,""7"":31,""8"":25,""9"":18},""Wednesday"":{""0"":43,""1"":37,""10"":50,""11"":50,""12"":68,""13"":56,""14"":43,""15"":37,""16"":18,""17"":18,""18"":37,""19"":31,""2"":31,""20"":37,""21"":37,""22"":56,""23"":50,""3"":31,""4"":12,""5"":12,""6"":18,""7"":25,""8"":31,""9"":43}}",https://attorneyhoxha.wixsite.com/home/about,+355 68 597 7422,"8R98+J2 Tiranë, Albania",20,5.000000,"{""1"":0,""2"":0,""3"":0,""4"":0,""5"":20}",41.319109,19.815041,13112408768842268562,,,,https://lh3.googleusercontent.com/p/AF1QipM0f6ORt3jODyZXI5nhIeJUXbhSHxaqt7v8GD4a=w408-h612-k-no,Europe/Tirane,,0x13503183beef80cd:0xb5f8a24d808f7f92,"[{""title"":""All"",""image"":""https://lh3.googleusercontent.com/p/AF1QipM0f6ORt3jODyZXI5nhIeJUXbhSHxaqt7v8GD4a=w224-h336-k-no""},{""title"":""By owner"",""image"":""https://lh3.googleusercontent.com/p/AF1QipM0f6ORt3jODyZXI5nhIeJUXbhSHxaqt7v8GD4a=w224-h336-k-no""},{""title"":""Street View \u0026 360°"",""image"":""https://streetviewpixels-pa.googleapis.com/v1/thumbnail?panoid=CWcoqJOoIyhI1pbxLIMSgg\u0026cb_client=maps_sv.tactile.gps\u0026w=224\u0026h=298\u0026yaw=357.2593\u0026pitch=0\u0026thumbfov=100""}]",null,null,"{""link"":"""",""source"":""""}","{""id"":""109520834929523132086"",""name"":""Avokat Arlind Hoxha (Owner)"",""link"":""https://www.google.com/maps/contrib/109520834929523132086""}","{""borough"":"""",""street"":""Rruga Avdyl Frasheri, pll.3, hyrja3"",""city"":""Tiranë"",""postal_code"":""1001"",""state"":"""",""country"":""AL""}",null,[],null,
dc5180bc-cf0d-48b5-97bd-ea5bdf1953db,https://www.google.com/maps/place/Rechtsanwalt+Ali+Fazli/data=!4m7!3m6!1s0x47bd0c08ad7dfe0f:0xee424660ba5c448f!8m2!3d50.0962832!4d8.6696131!16s%2Fg%2F11btm7t4wq!19sChIJD_59rQgMvUcRj0RcumBGQu4?authuser=0&hl=en&rclk=1,Rechtsanwalt Ali Fazli,Immigration attorney,"Kennedyallee 93, 60596 Frankfurt am Main","{""Friday"":[""9 am–7 pm""],""Monday"":[""9 am–7 pm""],""Saturday"":[""Closed""],""Sunday"":[""Closed""],""Thursday"":[""9 am–7 pm""],""Tuesday"":[""9 am–7 pm""],""Wednesday"":[""9 am–7 pm""]}",{},http://www.rechtsanwalt-fazli.de/,069 69866950,3MW9+GR Frankfurt am Main,109,4.900000,"{""1"":1,""2"":0,""3"":1,""4"":5,""5"":102}",50.096283,8.669613,17168362110747165839,,,,https://lh3.googleusercontent.com/gps-cs-s/AG0ilSwiw_jZInp6Cs3fPOMi7cOUhwrjbuJhoEYv4pDTst5nouRZygTwvouLFwcsZQk1N2BsFVb-iUb5NdevlNJM6puhEZELZAubUPWFaSEvOcB9Mj0Xa6qqDWHpECej8BI7Sp15d1C0sEt15v75=w408-h306-k-no,Europe/Berlin,,0x47bd0c08ad7dfe0f:0xee424660ba5c448f,"[{""title"":""All"",""image"":""https://lh3.googleusercontent.com/gps-cs-s/AG0ilSwiw_jZInp6Cs3fPOMi7cOUhwrjbuJhoEYv4pDTst5nouRZygTwvouLFwcsZQk1N2BsFVb-iUb5NdevlNJM6puhEZELZAubUPWFaSEvOcB9Mj0Xa6qqDWHpECej8BI7Sp15d1C0sEt15v75=w397-h298-k-no""},{""title"":""By owner"",""image"":""https://lh3.googleusercontent.com/p/AF1QipMjLVwCK5LUpOxxN6kZj7xz3f7IK_Z5FuylAU9d=w302-h298-k-no""},{""title"":""Street View \u0026 360°"",""image"":""https://streetviewpixels-pa.googleapis.com/v1/thumbnail?panoid=qbOiMlb5M9BXH4B7AZd6jQ\u0026cb_client=maps_sv.tactile.gps\u0026w=224\u0026h=298\u0026yaw=128.96361\u0026pitch=0\u0026thumbfov=100""}]",null,null,"{""link"":"""",""source"":""""}","{""id"":""117060190861269383440"",""name"":""Rechtsanwalt Ali Fazli (Owner)"",""link"":""https://www.google.com/maps/contrib/117060190861269383440""}","{""borough"":""Frankfurt-Süd"",""street"":""Kennedyallee 93"",""city"":""Frankfurt am Main"",""postal_code"":""60596"",""state"":"""",""country"":""DE""}","[{""id"":""service_options"",""name"":""Service options"",""options"":[{""name"":""Online appointments"",""enabled"":true},{""name"":""On-site services"",""enabled"":true}]},{""id"":""accessibility"",""name"":""Accessibility"",""options"":[{""name"":""Wheelchair-accessible entrance"",""enabled"":true},{""name"":""Wheelchair-accessible seating"",""enabled"":true}]},{""id"":""amenities"",""name"":""Amenities"",""options"":[{""name"":""Toilet"",""enabled"":true}]},{""id"":""crowd"",""name"":""Crowd"",""options"":[{""name"":""LGBTQ+ friendly"",""enabled"":true},{""name"":""Transgender safe space"",""enabled"":true}]},{""id"":""planning"",""name"":""Planning"",""options"":[{""name"":""Appointment required"",""enabled"":true},{""name"":""Appointments recommended"",""enabled"":true}]},{""id"":""parking"",""name"":""Parking"",""options"":[{""name"":""On-site parking"",""enabled"":true}]}]",[],null,
dc5180bc-cf0d-48b5-97bd-ea5bdf1953db,https://www.google.com/maps/place/Avokat+Denis+Roka/data=!4m7!3m6!1s0x13503108a9adb145:0xf2de58ebf9b56394!8m2!3d41.3219139!4d19.8199467!16s%2Fg%2F11ml2p25g5!19sChIJRbGtqQgxUBMRlGO1-etY3vI?authuser=0&hl=en&rclk=1,Avokat Denis Roka,Law firm,"Kullat Binjake 2, Bulevardi Dëshmorët e Kombit, Tiranë 1001, Albania","{""Friday"":[""Open 24 hours""],""Monday"":[""Open 24 hours""],""Saturday"":[""Open 24 hours""],""Sunday"":[""Closed""],""Thursday"":[""Open 24 hours""],""Tuesday"":[""Open 24 hours""],""Wednesday"":[""Open 24 hours""]}",{},,+355 68 606 0053,"8RC9+QX Tiranë, Albania",6,5.000000,"{""1"":0,""2"":0,""3"":0,""4"":0,""5"":6}",41.321914,19.819947,17500522972538299284,,,,,Europe/Tirane,,0x13503108a9adb145:0xf2de58ebf9b56394,[],null,null,"{""link"":"""",""source"":""""}","{""id"":""112806431589180332556"",""name"":""Avokat Denis Roka (Owner)"",""link"":""https://www.google.com/maps/contrib/112806431589180332556""}","{""borough"":"""",""street"":""Kullat Binjake 2, Bulevardi Dëshmorët e Kombit"",""city"":""Tiranë"",""postal_code"":""1001"",""state"":"""",""country"":""AL""}",null,[],null,
dc5180bc-cf0d-48b5-97bd-ea5bdf1953db,https://www.google.com/maps/place/Avokat+Arjan+Dervishanji+-+Avokat+ne+Tirane/data=!4m7!3m6!1s0x135031508b492501:0xf5d9e2e5c26c9aa6!8m2!3d41.330565!4d19.8102341!16s%2Fg%2F11k4v6mt4d!19sChIJASVJi1AxUBMRpppswuXi2fU?authuser=0&hl=en&rclk=1,Avokat Arjan Dervishanji - Avokat ne Tirane,Legal services,"Rruga Mihal Duri, Tiranë 1001, Albania",{},"{""Friday"":{""0"":15,""1"":46,""10"":15,""11"":23,""12"":15,""13"":23,""14"":30,""15"":53,""16"":76,""17"":76,""18"":53,""19"":38,""2"":38,""20"":15,""21"":7,""22"":15,""23"":15,""3"":38,""4"":23,""5"":46,""6"":38,""7"":38,""8"":23,""9"":23},""Monday"":{""0"":30,""1"":53,""10"":69,""11"":84,""12"":61,""13"":38,""14"":46,""15"":61,""16"":53,""17"":53,""18"":46,""19"":46,""2"":46,""20"":38,""21"":23,""22"":38,""23"":38,""3"":23,""4"":15,""5"":30,""6"":23,""7"":23,""8"":30,""9"":53},""Saturday"":{""0"":38,""1"":53,""10"":30,""11"":30,""12"":38,""13"":46,""14"":61,""15"":61,""16"":30,""17"":30,""18"":30,""19"":38,""2"":76,""20"":15,""21"":23,""22"":30,""23"":30,""3"":61,""4"":61,""5"":76,""6"":61,""7"":53,""8"":38,""9"":46},""Sunday"":{""0"":30,""1"":46,""10"":53,""11"":46,""12"":61,""13"":84,""14"":84,""15"":76,""16"":69,""17"":46,""18"":38,""19"":30,""2"":61,""20"":38,""21"":30,""22"":46,""23"":38,""3"":61,""4"":84,""5"":69,""6"":84,""7"":92,""8"":84,""9"":84},""Thursday"":{""0"":23,""1"":23,""10"":92,""11"":69,""12"":46,""13"":30,""14"":38,""15"":46,""16"":46,""17"":61,""18"":61,""19"":38,""2"":30,""20"":46,""21"":53,""22"":69,""23"":61,""3"":53,""4"":61,""5"":76,""6"":46,""7"":30,""8"":53,""9"":69},""Tuesday"":{""0"":46,""1"":69,""10"":53,""11"":30,""12"":30,""13"":23,""14"":30,""15"":46,""16"":46,""17"":53,""18"":53,""19"":38,""2"":100,""20"":53,""21"":61,""22"":53,""23"":38,""3"":84,""4"":61,""5"":46,""6"":38,""7"":30,""8"":38,""9"":38},""Wednesday"":{""0"":23,""1"":23,""10"":38,""11"":53,""12"":53,""13"":38,""14"":23,""15"":30,""16"":46,""17"":84,""18"":46,""19"":30,""2"":15,""20"":30,""21"":38,""22"":46,""23"":38,""3"":38,""4"":53,""5"":61,""6"":53,""7"":53,""8"":53,""9"":30}}",https://avokat.my.canva.site/?fbclid=PAVERFWAM0uutleHRuA2FlbQIxMAABpwbmkDMLg8HJmonHL7ggUWbXBIjCPmTLfrAlhRnvdbHfVkNV1nNZlXnnLXED_aem_DVIjDkeAQDZb1uvO8lnleQ,+355 69 337 0970,"8RJ6+63 Tiranë, Albania",43,5.000000,"{""1"":0,""2"":0,""3"":0,""4"":0,""5"":43}",41.330565,19.810234,17715440085675842214,,,,https://lh3.googleusercontent.com/p/AF1QipMMPl2Dl5rRYEX5NqVfN1cKo-Lr5hjOhO9m3j6G=w408-h306-k-no,Europe/Tirane,,0x135031508b492501:0xf5d9e2e5c26c9aa6,"[{""title"":""All"",""image"":""https://lh3.googleusercontent.com/p/AF1QipMMPl2Dl5rRYEX5NqVfN1cKo-Lr5hjOhO9m3j6G=w397-h298-k-no""},{""title"":""By owner"",""image"":""https://lh3.googleusercontent.com/p/AF1QipMz4qSRPOKknF1kABhsK9szNk4JYY6H4rAuCRrd=w224-h398-k-no""},{""title"":""Videos"",""image"":""https://lh3.googleusercontent.com/p/AF1QipOoVb2-Hf_9n3OXHTCJbyWx2P_HqwSIRMmfP7pO=w224-h398-k-no""},{""title"":""Street View \u0026 360°"",""image"":""https://streetviewpixels-pa.googleapis.com/v1/thumbnail?panoid=yJhVgAEcWcpL3_V8-86RUA\u0026cb_client=maps_sv.tactile.gps\u0026w=224\u0026h=298\u0026yaw=354.07373\u0026pitch=0\u0026thumbfov=100""}]",null,"[{""link"":""https://wa.me/355693370970"",""source"":""wa.me""}]","{""link"":"""",""source"":""""}","{""id"":""102235331019455914595"",""name"":""Avokat Arjan Dervishanji - Avokat ne Tirane (Owner)"",""link"":""https://www.google.com/maps/contrib/102235331019455914595""}","{""borough"":"""",""street"":""Rruga Mihal Duri"",""city"":""Tiranë"",""postal_code"":""1001"",""state"":"""",""country"":""AL""}","[{""id"":""service_options"",""name"":""Service options"",""options"":[{""name"":""On-site services"",""enabled"":true}]}]",[],null,
dc5180bc-cf0d-48b5-97bd-ea5bdf1953db,https://www.google.com/maps/place/Avokat/data=!4m7!3m6!1s0x1351e1b35cf0e113:0x87270e724e20eb19!8m2!3d41.7785728!4d19.6496294!16s%2Fg%2F11t80g08tq!19sChIJE-HwXLPhURMRGesgTnIOJ4c?authuser=0&hl=en&rclk=1,Avokat,Lawyer,"Shëtitorja Gjergj Fishta, Lezhë, Albania",{},{},,+355 68 212 9930,,1,5.000000,"{""1"":0,""2"":0,""3"":0,""4"":0,""5"":1}",41.778573,19.649629,9738768603311827737,,,,https://streetviewpixels-pa.googleapis.com/v1/thumbnail?panoid=ffuTLuAgv0wO4K5IRvQHqQ&cb_client=search.gws-prod.gps&w=408&h=240&yaw=23.657364&pitch=0&thumbfov=100,Europe/Tirane,,0x1351e1b35cf0e113:0x87270e724e20eb19,"[{""title"":""All"",""image"":""https://streetviewpixels-pa.googleapis.com/v1/thumbnail?panoid=ffuTLuAgv0wO4K5IRvQHqQ\u0026cb_client=maps_sv.tactile.gps\u0026w=224\u0026h=298\u0026yaw=23.657364\u0026pitch=0\u0026thumbfov=100""},{""title"":""Street View \u0026 360°"",""image"":""https://streetviewpixels-pa.googleapis.com/v1/thumbnail?panoid=ffuTLuAgv0wO4K5IRvQHqQ\u0026cb_client=maps_sv.tactile.gps\u0026w=224\u0026h=298\u0026yaw=23.657364\u0026pitch=0\u0026thumbfov=100""}]",null,null,"{""link"":"""",""source"":""""}","{""id"":"""",""name"":""Avokat (Owner)"",""link"":""""}","{""borough"":"""",""street"":"""",""city"":"""",""postal_code"":"""",""state"":"""",""country"":""""}","[{""id"":""accessibility"",""name"":""Accessibility"",""options"":[{""name"":""Wheelchair-accessible car park"",""enabled"":true},{""name"":""Wheelchair-accessible entrance"",""enabled"":true},{""name"":""Wheelchair-accessible toilet"",""enabled"":true}]},{""id"":""amenities"",""name"":""Amenities"",""options"":[{""name"":""Toilet"",""enabled"":true}]}]",[],null,
dc5180bc-cf0d-48b5-97bd-ea5bdf1953db,https://www.google.com/maps/place/Avokat+Andi+Hasanaj+%22Studio+Ligjore+Maiora%22/data=!4m7!3m6!1s0x1350311cce2f5625:0x92fd63051b84cc7e!8m2!3d41.3224674!4d19.8198192!16s%2Fg%2F11j0wyynqk!19sChIJJVYvzhwxUBMRfsyEGwVj_ZI?authuser=0&hl=en&rclk=1,"Avokat Andi Hasanaj ""Studio Ligjore Maiora""",Law firm,"Kullat Binjake, Bulevardi Dëshmorët e Kombit, Tiranë, Albania",{},{},,,,8,5.000000,"{""1"":0,""2"":0,""3"":0,""4"":0,""5"":8}",41.322467,19.819819,10591730772232948862,,,,https://lh3.googleusercontent.com/p/AF1QipPiXF-UoHQ2rI1V8hE9WoSTC3v6ALsAI-E6ohoK=w426-h240-k-no,Europe/Tirane,,0x1350311cce2f5625:0x92fd63051b84cc7e,"[{""title"":""All"",""image"":""https://lh3.googleusercontent.com/p/AF1QipPiXF-UoHQ2rI1V8hE9WoSTC3v6ALsAI-E6ohoK=w529-h298-k-no""},{""title"":""By owner"",""image"":""https://lh3.googleusercontent.com/p/AF1QipPj5AoBBLp4dyWoMm1B4wUj8hfbRDa5vCtqP8jQ=w224-h373-k-no""},{""title"":""Street View \u0026 360°"",""image"":""https://streetviewpixels-pa.googleapis.com/v1/thumbnail?panoid=meht1Fgntfsm6abLAqyekg\u0026cb_client=maps_sv.tactile.gps\u0026w=224\u0026h=298\u0026yaw=272.9091\u0026pitch=0\u0026thumbfov=100""}]",null,null,"{""link"":"""",""source"":""""}","{""id"":""104206200996113531567"",""name"":""Avokat Andi Hasanaj \""Studio Ligjore Maiora\"" (Owner)"",""link"":""https://www.google.com/maps/contrib/104206200996113531567""}","{""borough"":"""",""street"":"""",""city"":"""",""postal_code"":"""",""state"":"""",""country"":""""}","[{""id"":""planning"",""name"":""Planning"",""options"":[{""name"":""Appointment required"",""enabled"":true}]}]",[],null,
dc5180bc-cf0d-48b5-97bd-ea5bdf1953db,https://www.google.com/maps/place/Carsten+Bildh%C3%A4user/data=!4m7!3m6!1s0x47bd0ea2523c29fd:0xd28000c6c952e5f8!8m2!3d50.1081208!4d8.6681092!16s%2Fg%2F1hc1jr543!19sChIJ_Sk8UqIOvUcR-OVSycYAgNI?authuser=0&hl=en&rclk=1,Carsten Bildhäuser,Lawyer,"Kaiserstraße 61, 60329 Frankfurt am Main","{""Friday"":[""10 am–6 pm""],""Monday"":[""10 am–6 pm""],""Saturday"":[""Closed""],""Sunday"":[""Closed""],""Thursday"":[""10 am–6 pm""],""Tuesday"":[""10 am–6 pm""],""Wednesday"":[""10 am–6 pm""]}",{},http://www.bildhaeuser.net/,069 25617007,4M59+66 Frankfurt am Main,10,5.000000,"{""1"":0,""2"":0,""3"":0,""4"":0,""5"":10}",50.108121,8.668109,15168124398765008376,,,,https://lh3.googleusercontent.com/p/AF1QipMNcpW-puvAPVxjdqCHD89IdjwaNpf9apKY3Zjj=w408-h272-k-no,Europe/Berlin,,0x47bd0ea2523c29fd:0xd28000c6c952e5f8,"[{""title"":""All"",""image"":""https://lh3.googleusercontent.com/p/AF1QipMNcpW-puvAPVxjdqCHD89IdjwaNpf9apKY3Zjj=w447-h298-k-no""},{""title"":""Inside"",""image"":""https://lh3.googleusercontent.com/p/AF1QipPoR9fZGlA8Si-9MX76wDSCnDRci_7osW024Jnr=w397-h298-k-no""},{""title"":""By owner"",""image"":""https://lh3.googleusercontent.com/p/AF1QipO67URVTgY19vDVEZ0M-s0ka7rMe4GAiY8o5ov0=w397-h298-k-no""},{""title"":""Street View \u0026 360°"",""image"":""https://streetviewpixels-pa.googleapis.com/v1/thumbnail?panoid=ft0PV5_e0FM93P6ot1IuUQ\u0026cb_client=maps_sv.tactile.gps\u0026w=224\u0026h=298\u0026yaw=255.23653\u0026pitch=0\u0026thumbfov=100""}]",null,null,"{""link"":"""",""source"":""""}","{""id"":""106218794138329549616"",""name"":""Carsten Bildhäuser (Owner)"",""link"":""https://www.google.com/maps/contrib/106218794138329549616""}","{""borough"":""Innenstadt I"",""street"":""Kaiserstraße 61"",""city"":""Frankfurt am Main"",""postal_code"":""60329"",""state"":"""",""country"":""DE""}","[{""id"":""service_options"",""name"":""Service options"",""options"":[{""name"":""Online appointments"",""enabled"":true},{""name"":""On-site services"",""enabled"":true}]},{""id"":""accessibility"",""name"":""Accessibility"",""options"":[{""name"":""Wheelchair-accessible seating"",""enabled"":true},{""name"":""Wheelchair-accessible toilet"",""enabled"":true}]},{""id"":""amenities"",""name"":""Amenities"",""options"":[{""name"":""Toilet"",""enabled"":true}]},{""id"":""crowd"",""name"":""Crowd"",""options"":[{""name"":""LGBTQ+ friendly"",""enabled"":true}]},{""id"":""planning"",""name"":""Planning"",""options"":[{""name"":""Appointment required"",""enabled"":true},{""name"":""Appointments recommended"",""enabled"":true}]}]",[],null,
dc5180bc-cf0d-48b5-97bd-ea5bdf1953db,https://www.google.com/maps/place/Avokat+-+Zyre+Avokatie/data=!4m7!3m6!1s0x135031baa4de664b:0xf91a07dc072a05f7!8m2!3d41.3230615!4d19.8082461!16s%2Fg%2F11mw7h7mvs!19sChIJS2bepLoxUBMR9wUqB9wHGvk?authuser=0&hl=en&rclk=1,Avokat - Zyre Avokatie,Lawyer,"Rruga “Nikolla Jorga”, Ndërtesa 9, Hyrja 4, Ap 2 Tirana, 1001, Albania",{},"{""Friday"":{""0"":53,""1"":46,""10"":40,""11"":33,""12"":40,""13"":26,""14"":20,""15"":20,""16"":26,""17"":60,""18"":53,""19"":53,""2"":40,""20"":40,""21"":26,""22"":26,""23"":46,""3"":26,""4"":26,""5"":13,""6"":20,""7"":26,""8"":33,""9"":20},""Monday"":{""0"":6,""1"":26,""10"":33,""11"":33,""12"":13,""13"":20,""14"":26,""15"":13,""16"":13,""17"":20,""18"":20,""19"":13,""2"":40,""20"":13,""21"":13,""22"":13,""23"":13,""3"":66,""4"":53,""5"":40,""6"":26,""7"":33,""8"":33,""9"":40},""Saturday"":{""0"":33,""1"":53,""10"":40,""11"":46,""12"":53,""13"":53,""14"":53,""15"":46,""16"":60,""17"":80,""18"":100,""19"":80,""2"":33,""20"":80,""21"":46,""22"":20,""23"":20,""3"":26,""4"":20,""5"":53,""6"":66,""7"":46,""8"":33,""9"":40},""Sunday"":{""0"":53,""1"":66,""10"":26,""11"":26,""12"":20,""13"":26,""14"":26,""15"":26,""16"":40,""17"":26,""18"":20,""19"":33,""2"":46,""20"":40,""21"":33,""22"":40,""23"":53,""3"":53,""4"":40,""5"":73,""6"":60,""7"":60,""8"":53,""9"":46},""Thursday"":{""0"":73,""1"":66,""10"":40,""11"":66,""12"":53,""13"":46,""14"":20,""15"":26,""16"":13,""17"":26,""18"":20,""19"":40,""2"":46,""20"":33,""21"":13,""22"":13,""23"":40,""3"":40,""4"":20,""5"":26,""6"":33,""7"":40,""8"":40,""9"":40},""Tuesday"":{""0"":53,""1"":46,""10"":33,""11"":26,""12"":13,""13"":13,""14"":20,""15"":40,""16"":33,""17"":40,""18"":40,""19"":53,""2"":33,""20"":60,""21"":53,""22"":40,""23"":46,""3"":26,""4"":26,""5"":26,""6"":33,""7"":46,""8"":33,""9"":40},""Wednesday"":{""0"":20,""1"":20,""10"":40,""11"":33,""12"":40,""13"":26,""14"":46,""15"":60,""16"":80,""17"":66,""18"":80,""19"":33,""2"":6,""20"":20,""21"":0,""22"":6,""23"":20,""3"":0,""4"":6,""5"":26,""6"":33,""7"":40,""8"":53,""9"":40}}",https://zyreavokatie.com/,+355 67 221 1323,"8RF5+67 Tiranë, Albania",172,5.000000,"{""1"":2,""2"":0,""3"":0,""4"":0,""5"":170}",41.323062,19.808246,17949667906432927223,,,,https://lh3.googleusercontent.com/p/AF1QipNlBibOICqdUPKwg-k5M6dVxezlHwyc7AC_pt2g=w408-h268-k-no,Europe/Tirane,,0x135031baa4de664b:0xf91a07dc072a05f7,"[{""title"":""All"",""image"":""https://lh3.googleusercontent.com/p/AF1QipNlBibOICqdUPKwg-k5M6dVxezlHwyc7AC_pt2g=w452-h298-k-no""},{""title"":""By owner"",""image"":""https://lh3.googleusercontent.com/p/AF1QipNlBibOICqdUPKwg-k5M6dVxezlHwyc7AC_pt2g=w452-h298-k-no""},{""title"":""Street View \u0026 360°"",""image"":""https://streetviewpixels-pa.googleapis.com/v1/thumbnail?panoid=musQa82nmbW5XAVYLqwX3A\u0026cb_client=maps_sv.tactile.gps\u0026w=224\u0026h=298\u0026yaw=113.523026\u0026pitch=0\u0026thumbfov=100""}]",null,"[{""link"":""https://zyreavokatie.com/"",""source"":""zyreavokatie.com""}]","{""link"":"""",""source"":""""}","{""id"":""115263648008963805723"",""name"":""Avokat - Zyre Avokatie (Owner)"",""link"":""https://www.google.com/maps/contrib/115263648008963805723""}","{""borough"":"""",""street"":""Rruga “Nikolla Jorga”, Ndërtesa 9, Hyrja 4, Ap 2 Tirana"",""city"":""Tiranë"",""postal_code"":""1001"",""state"":"""",""country"":""AL""}","[{""id"":""service_options"",""name"":""Service options"",""options"":[{""name"":""Online appointments"",""enabled"":true},{""name"":""On-site services"",""enabled"":true}]},{""id"":""amenities"",""name"":""Amenities"",""options"":[{""name"":""Toilet"",""enabled"":true}]}]",[],null,
dc5180bc-cf0d-48b5-97bd-ea5bdf1953db,https://www.google.com/maps/place/Cyfire+Rechtsanwaltsgesellschaft+mbH/data=!4m7!3m6!1s0x47bd0f96ae32afc5:0x77a029ee62ad968a!8m2!3d50.1155974!4d8.6802158!16s%2Fg%2F11r_v7mqs5!19sChIJxa8yrpYPvUcRipatYu4poHc?authuser=0&hl=en&rclk=1,Cyfire Rechtsanwaltsgesellschaft mbH,Lawyer,"Thurn-und-Taxis-Platz 6, 60313 Frankfurt am Main",{},{},https://cyfire.de/,069 247432280,4M8J+63 Frankfurt am Main,91,4.700000,"{""1"":6,""2"":0,""3"":0,""4"":1,""5"":84}",50.115597,8.680216,8619935790621628042,,,,https://streetviewpixels-pa.googleapis.com/v1/thumbnail?panoid=UDK3nX-6hBUrS6gXZt_vbQ&cb_client=search.gws-prod.gps&w=408&h=240&yaw=354.3097&pitch=0&thumbfov=100,Europe/Berlin,,0x47bd0f96ae32afc5:0x77a029ee62ad968a,"[{""title"":""All"",""image"":""https://streetviewpixels-pa.googleapis.com/v1/thumbnail?panoid=UDK3nX-6hBUrS6gXZt_vbQ\u0026cb_client=maps_sv.tactile.gps\u0026w=224\u0026h=298\u0026yaw=354.3097\u0026pitch=0\u0026thumbfov=100""},{""title"":""By owner"",""image"":""https://lh3.googleusercontent.com/p/AF1QipMOt4Vpjyo2gwRBzOScDdqCW8s2vjgym8Kb1AhB=w298-h298-k-no""},{""title"":""Street View \u0026 360°"",""image"":""https://streetviewpixels-pa.googleapis.com/v1/thumbnail?panoid=UDK3nX-6hBUrS6gXZt_vbQ\u0026cb_client=maps_sv.tactile.gps\u0026w=224\u0026h=298\u0026yaw=354.3097\u0026pitch=0\u0026thumbfov=100""}]",null,null,"{""link"":"""",""source"":""""}","{""id"":""107919258643057646455"",""name"":""Cyfire Rechtsanwaltsgesellschaft mbH (Owner)"",""link"":""https://www.google.com/maps/contrib/107919258643057646455""}","{""borough"":""Innenstadt I"",""street"":""Thurn-und-Taxis-Platz 6"",""city"":""Frankfurt am Main"",""postal_code"":""60313"",""state"":"""",""country"":""DE""}","[{""id"":""emergency_help"",""name"":""Emergency help"",""options"":[{""name"":""Offers free legal help"",""enabled"":true}]},{""id"":""service_options"",""name"":""Service options"",""options"":[{""name"":""Online appointments"",""enabled"":true},{""name"":""On-site services"",""enabled"":true},{""name"":""Language assistance"",""enabled"":false}]},{""id"":""amenities"",""name"":""Amenities"",""options"":[{""name"":""Toilet"",""enabled"":true}]},{""id"":""planning"",""name"":""Planning"",""options"":[{""name"":""Appointments recommended"",""enabled"":true}]}]",[],null,
dc5180bc-cf0d-48b5-97bd-ea5bdf1953db,https://www.google.com/maps/place/Avokat+Alfons+Pecaj/data=!4m7!3m6!1s0x134e01add46d9781:0x9ad34f6f0f8d1f1d!8m2!3d42.0646821!4d19.5119419!16s%2Fg%2F11j0qnq60r!19sChIJgZdt1K0BThMRHR-ND29P05o?authuser=0&hl=en&rclk=1,Avokat Alfons Pecaj,Law firm,"Rruga Besnik Sykja Pallati Idromeno, Hyrja 2, Kati II-të Pranë Bashkisë Shkodër, Shkodër 4001, Albania","{""Friday"":[""8:30 am–5 pm""],""Monday"":[""8:30 am–6 pm""],""Saturday"":[""9 am–2:30 pm""],""Sunday"":[""Closed""],""Thursday"":[""8:30 am–6 pm""],""Tuesday"":[""8:30 am–6 pm""],""Wednesday"":[""8:30 am–6 pm""]}",{},http://www.pecajandpartners.com/,+355 69 616 6162,"3G76+VQ Shkodër, Albania",69,5.000000,"{""1"":0,""2"":0,""3"":0,""4"":0,""5"":69}",42.064682,19.511942,11156348040347721501,,,,https://lh3.googleusercontent.com/p/AF1QipNih6a9HpdFOFLY1mfpulgqjcm4MQO4cpZnx-ON=w408-h544-k-no,Europe/Tirane,,0x134e01add46d9781:0x9ad34f6f0f8d1f1d,"[{""title"":""All"",""image"":""https://lh3.googleusercontent.com/p/AF1QipNih6a9HpdFOFLY1mfpulgqjcm4MQO4cpZnx-ON=w224-h298-k-no""},{""title"":""Exterior"",""image"":""https://lh3.googleusercontent.com/p/AF1QipPAqdMiL3Fl4KvpiBjc5C5ZjrTrcOPPpaby5vib=w224-h298-k-no""},{""title"":""Videos"",""image"":""https://lh3.googleusercontent.com/p/AF1QipPd5gTEAPfZtzGVpkBUYfoU-KzgcuLRQYQHZB3Q=w224-h398-k-no""},{""title"":""Inside"",""image"":""https://lh3.googleusercontent.com/p/AF1QipNiQLTkPJu5kc3LTiRfztQeH6v654y4b8uMpHRF=w298-h298-k-no""},{""title"":""By owner"",""image"":""https://lh3.googleusercontent.com/p/AF1QipNaWImUMCmN4tN68rdWJoAvtgnZOkBoXTne6SsR=w224-h398-k-no""},{""title"":""Street View \u0026 360°"",""image"":""https://streetviewpixels-pa.googleapis.com/v1/thumbnail?panoid=80oRQYcKntynwT0lcMW3AQ\u0026cb_client=maps_sv.tactile.gps\u0026w=224\u0026h=298\u0026yaw=351.1869\u0026pitch=0\u0026thumbfov=100""}]",null,null,"{""link"":"""",""source"":""""}","{""id"":""108696679195806512229"",""name"":""Avokat Alfons Pecaj (Owner)"",""link"":""https://www.google.com/maps/contrib/108696679195806512229""}","{""borough"":"""",""street"":""Rruga Besnik Sykja Pallati Idromeno, Hyrja 2, Kati II-të Pranë Bashkisë Shkodër"",""city"":""Shkodër"",""postal_code"":""4001"",""state"":"""",""country"":""AL""}","[{""id"":""service_options"",""name"":""Service options"",""options"":[{""name"":""Online appointments"",""enabled"":true},{""name"":""On-site services"",""enabled"":true}]},{""id"":""accessibility"",""name"":""Accessibility"",""options"":[{""name"":""Wheelchair-accessible car park"",""enabled"":true},{""name"":""Wheelchair-accessible entrance"",""enabled"":true},{""name"":""Wheelchair-accessible toilet"",""enabled"":true}]},{""id"":""crowd"",""name"":""Crowd"",""options"":[{""name"":""LGBTQ+ friendly"",""enabled"":true}]},{""id"":""planning"",""name"":""Planning"",""options"":[{""name"":""Appointment required"",""enabled"":true}]},{""id"":""parking"",""name"":""Parking"",""options"":[{""name"":""Free of charge street parking"",""enabled"":true}]}]",[],null,
dc5180bc-cf0d-48b5-97bd-ea5bdf1953db,https://www.google.com/maps/place/Xhevahire+Kloppner/data=!4m7!3m6!1s0x13549ee239997329:0x1b90ae9739753a66!8m2!3d42.6591254!4d21.160896!16s%2Fg%2F11j0jjrw9h!19sChIJKXOZOeKeVBMRZjp1OZeukBs?authuser=0&hl=en&rclk=1,Xhevahire Kloppner,Legal services,"47/5 Xhorxh Bush, Prishtina 10000","{""Friday"":[""8 am–12 pm"",""1–6 pm""],""Monday"":[""8 am–12 pm"",""1–6 pm""],""Saturday"":[""9 am–12 pm"",""1–3:30 pm""],""Sunday"":[""Closed""],""Thursday"":[""8 am–12 pm"",""1–6 pm""],""Tuesday"":[""8 am–12 pm"",""1–6 pm""],""Wednesday"":[""8 am–12 pm"",""1–6 pm""]}",{},http://www.avokate-xhevahire.com/,+383 44 644 442,M556+M9 Pristina,34,4.900000,"{""1"":1,""2"":0,""3"":0,""4"":1,""5"":32}",42.659125,21.160896,1986279400197667430,,,,https://lh3.googleusercontent.com/p/AF1QipOEVfkwwvYFZOCD6-PaGZunIbNumCxtzmPfi8Rq=w426-h240-k-no,Europe/Belgrade,,0x13549ee239997329:0x1b90ae9739753a66,"[{""title"":""All"",""image"":""https://lh3.googleusercontent.com/p/AF1QipOEVfkwwvYFZOCD6-PaGZunIbNumCxtzmPfi8Rq=w529-h298-k-no""},{""title"":""Inside"",""image"":""https://lh3.googleusercontent.com/p/AF1QipOEVfkwwvYFZOCD6-PaGZunIbNumCxtzmPfi8Rq=w529-h298-k-no""},{""title"":""By owner"",""image"":""https://lh3.googleusercontent.com/p/AF1QipOiVknRdAnsB---DNRhVOhkCdVY_Fq4jeV717qm=w338-h298-k-no""}]",null,null,"{""link"":"""",""source"":""""}","{""id"":""107121090696579647815"",""name"":""Xhevahire Kloppner (Owner)"",""link"":""https://www.google.com/maps/contrib/107121090696579647815""}","{""borough"":"""",""street"":""47/5 Xhorxh Bush"",""city"":""Pristina"",""postal_code"":""10000"",""state"":"""",""country"":""XK""}",null,[],null,
dc5180bc-cf0d-48b5-97bd-ea5bdf1953db,https://www.google.com/maps/place/Rechtsanwaltskanzlei+G%C3%BClenc/data=!4m7!3m6!1s0x47bd0f54d30b2b41:0x247c8f8cfd983381!8m2!3d50.1185495!4d8.7017189!16s%2Fg%2F11s4_ct6xv!19sChIJQSsL01QPvUcRgTOY_YyPfCQ?authuser=0&hl=en&rclk=1,Rechtsanwaltskanzlei Gülenc,Lawyer,"Wittelsbacherallee 23, 60316 Frankfurt am Main","{""Friday"":[""9 am–1 pm"",""2–6 pm""],""Monday"":[""9 am–1 pm"",""2–6 pm""],""Saturday"":[""Closed""],""Sunday"":[""Closed""],""Thursday"":[""9 am–1 pm"",""2–6 pm""],""Tuesday"":[""9 am–1 pm"",""2–6 pm""],""Wednesday"":[""9 am–1 pm"",""2–6 pm""]}",{},https://www.kanzlei-guelenc.com/,069 15342700,4P92+CM Frankfurt am Main,23,5.000000,"{""1"":0,""2"":0,""3"":0,""4"":0,""5"":23}",50.118550,8.701719,2629134118190330753,,,,https://streetviewpixels-pa.googleapis.com/v1/thumbnail?panoid=EUQ8MdckUNAwvc_GJR5g5w&cb_client=search.gws-prod.gps&w=408&h=240&yaw=318.01932&pitch=0&thumbfov=100,Europe/Berlin,,0x47bd0f54d30b2b41:0x247c8f8cfd983381,"[{""title"":""All"",""image"":""https://streetviewpixels-pa.googleapis.com/v1/thumbnail?panoid=EUQ8MdckUNAwvc_GJR5g5w\u0026cb_client=maps_sv.tactile.gps\u0026w=224\u0026h=298\u0026yaw=318.01932\u0026pitch=0\u0026thumbfov=100""},{""title"":""Street View \u0026 360°"",""image"":""https://streetviewpixels-pa.googleapis.com/v1/thumbnail?panoid=EUQ8MdckUNAwvc_GJR5g5w\u0026cb_client=maps_sv.tactile.gps\u0026w=224\u0026h=298\u0026yaw=318.01932\u0026pitch=0\u0026thumbfov=100""}]",null,null,"{""link"":"""",""source"":""""}","{""id"":""105459561159747816141"",""name"":""Rechtsanwaltskanzlei Gülenc (Owner)"",""link"":""https://www.google.com/maps/contrib/105459561159747816141""}","{""borough"":""Innenstadt I"",""street"":""Wittelsbacherallee 23"",""city"":""Frankfurt am Main"",""postal_code"":""60316"",""state"":"""",""country"":""DE""}","[{""id"":""amenities"",""name"":""Amenities"",""options"":[{""name"":""Toilet"",""enabled"":true}]},{""id"":""planning"",""name"":""Planning"",""options"":[{""name"":""Appointments recommended"",""enabled"":true}]}]",[],null,
dc5180bc-cf0d-48b5-97bd-ea5bdf1953db,https://www.google.com/maps/place/Rechtsanwalt+Yilmaz+%C3%96ndemir/data=!4m7!3m6!1s0x47bd0eaf67a492f9:0x2073151a660a4fee!8m2!3d50.1051155!4d8.6695537!16s%2Fg%2F11dxjkwljg!19sChIJ-ZKkZ68OvUcR7k8KZhoVcyA?authuser=0&hl=en&rclk=1,Rechtsanwalt Yilmaz Öndemir,Labor relations attorney,"Wilhelm-Leuschner-Straße 41, 60329 Frankfurt am Main",{},{},https://www.ra-oendemir.de/,069 25736619,4M49+2R Frankfurt am Main,34,4.300000,"{""1"":5,""2"":1,""3"":1,""4"":0,""5"":27}",50.105115,8.669554,2338235834660704238,,,,https://streetviewpixels-pa.googleapis.com/v1/thumbnail?panoid=mqhd_ut2kf68d5hdcwMRtw&cb_client=search.gws-prod.gps&w=408&h=240&yaw=139.30814&pitch=0&thumbfov=100,Europe/Berlin,,0x47bd0eaf67a492f9:0x2073151a660a4fee,"[{""title"":""All"",""image"":""https://streetviewpixels-pa.googleapis.com/v1/thumbnail?panoid=mqhd_ut2kf68d5hdcwMRtw\u0026cb_client=maps_sv.tactile.gps\u0026w=224\u0026h=298\u0026yaw=139.30814\u0026pitch=0\u0026thumbfov=100""},{""title"":""Street View \u0026 360°"",""image"":""https://streetviewpixels-pa.googleapis.com/v1/thumbnail?panoid=mqhd_ut2kf68d5hdcwMRtw\u0026cb_client=maps_sv.tactile.gps\u0026w=224\u0026h=298\u0026yaw=139.30814\u0026pitch=0\u0026thumbfov=100""}]",null,null,"{""link"":"""",""source"":""""}","{""id"":""101212031131884648178"",""name"":""Rechtsanwalt Yilmaz Öndemir (Owner)"",""link"":""https://www.google.com/maps/contrib/101212031131884648178""}","{""borough"":""Innenstadt I"",""street"":""Wilhelm-Leuschner-Straße 41"",""city"":""Frankfurt am Main"",""postal_code"":""60329"",""state"":"""",""country"":""DE""}","[{""id"":""amenities"",""name"":""Amenities"",""options"":[{""name"":""Toilet"",""enabled"":true}]},{""id"":""planning"",""name"":""Planning"",""options"":[{""name"":""Appointments recommended"",""enabled"":true}]}]",[],null,
dc5180bc-cf0d-48b5-97bd-ea5bdf1953db,https://www.google.com/maps/place/Avokat+Aleksand%C3%ABr+Myrtaj/data=!4m7!3m6!1s0x1345535dc707ae2b:0x467da1d086eb2cf6!8m2!3d40.7296391!4d19.5578353!16s%2Fg%2F11f61wl4w0!19sChIJK64Hx11TRRMR9izrhtChfUY?authuser=0&hl=en&rclk=1,Avokat Aleksandër Myrtaj,Lawyer,"Rruga Todi Shkurta, Fier, Albania","{""Friday"":[""8 am–8 pm""],""Monday"":[""8 am–8 pm""],""Saturday"":[""Closed""],""Sunday"":[""Closed""],""Thursday"":[""8 am–8 pm""],""Tuesday"":[""8 am–8 pm""],""Wednesday"":[""8 am–8 pm""]}",{},,+355 69 993 8566,"PHH5+V4 Fier, Albania",11,5.000000,"{""1"":0,""2"":0,""3"":0,""4"":0,""5"":11}",40.729639,19.557835,5079393871732616438,,,,https://lh3.googleusercontent.com/p/AF1QipNPhWZhsw9xE3BdMEhWi8oZm6Ja1-aifMeDLwSG=w408-h544-k-no,Europe/Tirane,,0x1345535dc707ae2b:0x467da1d086eb2cf6,"[{""title"":""All"",""image"":""https://lh3.googleusercontent.com/p/AF1QipNPhWZhsw9xE3BdMEhWi8oZm6Ja1-aifMeDLwSG=w224-h298-k-no""},{""title"":""By owner"",""image"":""https://lh3.googleusercontent.com/p/AF1QipNpFF29eLiofsB_dGDNxBmfw9UTEnAkttHb0yhC=w281-h298-k-no""},{""title"":""Street View \u0026 360°"",""image"":""https://streetviewpixels-pa.googleapis.com/v1/thumbnail?panoid=u8G28w-q7oH-syxG0ucjHw\u0026cb_client=maps_sv.tactile.gps\u0026w=224\u0026h=298\u0026yaw=225.98677\u0026pitch=0\u0026thumbfov=100""}]",null,null,"{""link"":"""",""source"":""""}","{""id"":""116710429893369493063"",""name"":""Avokat Aleksandër Myrtaj (Owner)"",""link"":""https://www.google.com/maps/contrib/116710429893369493063""}","{""borough"":"""",""street"":""Rruga Todi Shkurta"",""city"":""Fier"",""postal_code"":"""",""state"":"""",""country"":""AL""}",null,[],null,
dc5180bc-cf0d-48b5-97bd-ea5bdf1953db,https://www.google.com/maps/place/Avokat+Emigracioni+%2F+Perkthyes+Ligjor+-+Edlira+Hysa/data=!4m7!3m6!1s0x135031dc987b6a2f:0x9ab5dfcc55f4dbca!8m2!3d41.3267133!4d19.8263287!16s%2Fg%2F11h_w42hkg!19sChIJL2p7mNwxUBMRytv0VczftZo?authuser=0&hl=en&rclk=1,Avokat Emigracioni / Perkthyes Ligjor - Edlira Hysa,Lawyer,"Blv Zhan Dark , Pallati 21 shk 1 ap 2, Tirane Tirana, 1001, Albania",{},{},,+355 68 394 6631,"8RGG+MG Tiranë, Albania",9,4.300000,"{""1"":1,""2"":0,""3"":1,""4"":0,""5"":7}",41.326713,19.826329,11148062521333963722,,,,https://lh3.googleusercontent.com/p/AF1QipMQaEG82CK_4thYjJZjxKZ7kK5TIWtJkpRru44W=w408-h272-k-no,Europe/Tirane,,0x135031dc987b6a2f:0x9ab5dfcc55f4dbca,"[{""title"":""All"",""image"":""https://lh3.googleusercontent.com/p/AF1QipMQaEG82CK_4thYjJZjxKZ7kK5TIWtJkpRru44W=w447-h298-k-no""},{""title"":""Exterior"",""image"":""https://lh3.googleusercontent.com/p/AF1QipMQaEG82CK_4thYjJZjxKZ7kK5TIWtJkpRru44W=w447-h298-k-no""},{""title"":""By owner"",""image"":""https://lh3.googleusercontent.com/p/AF1QipOlJwenwajeQFLkjyjbQlpZidp28f09XZh7SEWF=w529-h298-k-no""},{""title"":""Street View \u0026 360°"",""image"":""https://streetviewpixels-pa.googleapis.com/v1/thumbnail?panoid=boqla4n4tcRnzEqJOSM80g\u0026cb_client=maps_sv.tactile.gps\u0026w=224\u0026h=298\u0026yaw=276.82376\u0026pitch=0\u0026thumbfov=100""}]",null,null,"{""link"":"""",""source"":""""}","{""id"":""102240674941936545289"",""name"":""Avokat Emigracioni / Perkthyes Ligjor - Edlira Hysa (Owner)"",""link"":""https://www.google.com/maps/contrib/102240674941936545289""}","{""borough"":"""",""street"":""Blv Zhan Dark , Pallati 21 shk 1 ap 2, Tirane Tirana"",""city"":""Tiranë"",""postal_code"":""1001"",""state"":"""",""country"":""AL""}","[{""id"":""service_options"",""name"":""Service options"",""options"":[{""name"":""On-site services"",""enabled"":true},{""name"":""Online appointments"",""enabled"":false}]}]",[],null,
dc5180bc-cf0d-48b5-97bd-ea5bdf1953db,https://www.google.com/maps/place/AVOKATE+REJSI+ME%C3%87E-AVOKAT+NE+TIRANE/data=!4m7!3m6!1s0x135031ab46f06033:0xa0696b2293db8e1f!8m2!3d41.3215828!4d19.8100772!16s%2Fg%2F11qpvw98tb!19sChIJM2DwRqsxUBMRH47bkyJraaA?authuser=0&hl=en&rclk=1,AVOKATE REJSI MEÇE-AVOKAT NE TIRANE,Trial attorney,"Rruga Komuna e Parisit 6, Tiranë 1020, Albania","{""Friday"":[""9 am–5 pm""],""Monday"":[""9 am–5 pm""],""Saturday"":[""9 am–2 pm""],""Sunday"":[""Closed""],""Thursday"":[""9 am–5 pm""],""Tuesday"":[""9 am–5 pm""],""Wednesday"":[""9 am–5 pm""]}",{},,,"8RC6+J2 Tiranë, Albania",57,4.900000,"{""1"":1,""2"":0,""3"":0,""4"":0,""5"":56}",41.321583,19.810077,11558887714876788255,,,,https://lh3.googleusercontent.com/p/AF1QipO1ob6ZXkB4YEdrf16YexfhmBDr4zr4QkxZUCJ2=w408-h324-k-no,Europe/Tirane,,0x135031ab46f06033:0xa0696b2293db8e1f,"[{""title"":""All"",""image"":""https://lh3.googleusercontent.com/p/AF1QipO1ob6ZXkB4YEdrf16YexfhmBDr4zr4QkxZUCJ2=w374-h298-k-no""},{""title"":""Latest"",""image"":""https://lh3.googleusercontent.com/p/AF1QipNmakAt-JG7WoHV0tbDVL1nhlr8TUi2dji-tOm5=w224-h298-k-no""},{""title"":""Inside"",""image"":""https://lh3.googleusercontent.com/p/AF1QipMDIjfe1BSXYQvlPg30PeIlop8-dj_IoMLdU0b9=w224-h298-k-no""},{""title"":""By owner"",""image"":""https://lh3.googleusercontent.com/p/AF1QipN0dFBpb4l_Gg_SpcXcsMMimcQJ5xe8sKX-ObSj=w238-h298-k-no""},{""title"":""Street View \u0026 360°"",""image"":""https://streetviewpixels-pa.googleapis.com/v1/thumbnail?panoid=7ZnTS-Jw3LZRkwpHKqCcgg\u0026cb_client=maps_sv.tactile.gps\u0026w=224\u0026h=298\u0026yaw=354.51733\u0026pitch=0\u0026thumbfov=100""}]",null,null,"{""link"":"""",""source"":""""}","{""id"":""103811846435003113527"",""name"":""AVOKATE REJSI MEÇE-AVOKAT NE TIRANE (Owner)"",""link"":""https://www.google.com/maps/contrib/103811846435003113527""}","{""borough"":"""",""street"":""Rruga Komuna e Parisit 6"",""city"":""Tiranë"",""postal_code"":""1020"",""state"":"""",""country"":""AL""}","[{""id"":""from_the_business"",""name"":""From the business"",""options"":[{""name"":""Identifies as women-owned"",""enabled"":true}]},{""id"":""service_options"",""name"":""Service options"",""options"":[{""name"":""Online appointments"",""enabled"":true},{""name"":""On-site services"",""enabled"":true}]},{""id"":""amenities"",""name"":""Amenities"",""options"":[{""name"":""Toilet"",""enabled"":true}]},{""id"":""planning"",""name"":""Planning"",""options"":[{""name"":""Appointment required"",""enabled"":true},{""name"":""Appointments recommended"",""enabled"":true}]}]",[],null,
dc5180bc-cf0d-48b5-97bd-ea5bdf1953db,https://www.google.com/maps/place/Avokat+Ledian+Muzhaqi/data=!4m7!3m6!1s0x1350432f5d8de7f9:0xd42ac01d74f07af0!8m2!3d41.116909!4d20.0863027!16s%2Fg%2F11xt3srbs8!19sChIJ-eeNXS9DUBMR8HrwdB3AKtQ?authuser=0&hl=en&rclk=1,Avokat Ledian Muzhaqi,Law firm,"Caush Asllani, Elbasan 3001, Albania",{},"{""Friday"":{""10"":61,""11"":46,""12"":30,""13"":46,""14"":46,""15"":46,""16"":46,""17"":46,""18"":38,""19"":38,""20"":0,""21"":0,""22"":0,""23"":0,""6"":0,""7"":0,""8"":61,""9"":53},""Monday"":{""10"":30,""11"":61,""12"":61,""13"":84,""14"":53,""15"":38,""16"":38,""17"":46,""18"":38,""19"":30,""20"":0,""21"":0,""22"":0,""23"":0,""6"":0,""7"":0,""8"":30,""9"":30},""Saturday"":{""10"":53,""11"":69,""12"":61,""13"":38,""14"":38,""15"":23,""16"":30,""17"":38,""18"":46,""19"":30,""20"":0,""21"":0,""22"":0,""23"":0,""6"":0,""7"":0,""8"":46,""9"":46},""Sunday"":{""10"":30,""11"":53,""12"":61,""13"":76,""14"":100,""15"":76,""16"":61,""17"":46,""18"":76,""19"":53,""20"":0,""21"":0,""22"":0,""23"":0,""6"":0,""7"":0,""8"":30,""9"":30},""Thursday"":{""10"":61,""11"":30,""12"":30,""13"":23,""14"":23,""15"":23,""16"":38,""17"":30,""18"":53,""19"":46,""20"":0,""21"":0,""22"":0,""23"":0,""6"":0,""7"":0,""8"":38,""9"":38},""Tuesday"":{""10"":0,""11"":7,""12"":15,""13"":15,""14"":0,""15"":15,""16"":30,""17"":69,""18"":92,""19"":46,""20"":0,""21"":0,""22"":0,""23"":0,""6"":0,""7"":0,""8"":7,""9"":0},""Wednesday"":{""10"":61,""11"":46,""12"":46,""13"":53,""14"":76,""15"":53,""16"":38,""17"":23,""18"":30,""19"":30,""20"":0,""21"":0,""22"":0,""23"":0,""6"":0,""7"":0,""8"":46,""9"":76}}",,+355 69 741 0022,"438P+QG Elbasan, Albania",24,5.000000,"{""1"":0,""2"":0,""3"":0,""4"":1,""5"":23}",41.116909,20.086303,15288243117811071728,,,,https://streetviewpixels-pa.googleapis.com/v1/thumbnail?panoid=t6IZBURNAPRoYrBYZkwZiQ&cb_client=search.gws-prod.gps&w=408&h=240&yaw=294.44653&pitch=0&thumbfov=100,Europe/Tirane,,0x1350432f5d8de7f9:0xd42ac01d74f07af0,"[{""title"":""All"",""image"":""https://streetviewpixels-pa.googleapis.com/v1/thumbnail?panoid=t6IZBURNAPRoYrBYZkwZiQ\u0026cb_client=maps_sv.tactile.gps\u0026w=224\u0026h=298\u0026yaw=294.44653\u0026pitch=0\u0026thumbfov=100""},{""title"":""Latest"",""image"":""https://lh3.googleusercontent.com/p/AF1QipP_HvLyvWNK6C95HUXydFWYH0JIlwuTbPxJF9Kz=w397-h298-k-no""},{""title"":""By owner"",""image"":""https://lh3.googleusercontent.com/p/AF1QipP8ZWvbX5Jybh32q3TrU1zq93ITosP0RofiYy1X=w251-h298-k-no""},{""title"":""Street View \u0026 360°"",""image"":""https://streetviewpixels-pa.googleapis.com/v1/thumbnail?panoid=t6IZBURNAPRoYrBYZkwZiQ\u0026cb_client=maps_sv.tactile.gps\u0026w=224\u0026h=298\u0026yaw=294.44653\u0026pitch=0\u0026thumbfov=100""}]",null,null,"{""link"":"""",""source"":""""}","{""id"":""111565328087675976099"",""name"":""Avokat Ledian Muzhaqi (Owner)"",""link"":""https://www.google.com/maps/contrib/111565328087675976099""}","{""borough"":"""",""street"":""Caush Asllani"",""city"":""Elbasan"",""postal_code"":""3001"",""state"":"""",""country"":""AL""}","[{""id"":""service_options"",""name"":""Service options"",""options"":[{""name"":""Online appointments"",""enabled"":true}]},{""id"":""parking"",""name"":""Parking"",""options"":[{""name"":""Free of charge street parking"",""enabled"":true},{""name"":""Free parking lot"",""enabled"":true}]}]",[],null,
dc5180bc-cf0d-48b5-97bd-ea5bdf1953db,https://www.google.com/maps/place/AVOKATE+ne+SHQIPERI+%F0%9F%87%A6%F0%9F%87%B1%7C+EVANGJELI+MUSA+%7C+Best+Lawyers+%F0%9F%87%BA%F0%9F%87%B8+Albania/data=!4m7!3m6!1s0x135b156ea31c6205:0x4bd9de579f1a54c!8m2!3d39.8753099!4d20.0085377!16s%2Fg%2F11fn069xdc!19sChIJBWIco24VWxMRTKXxeeWdvQQ?authuser=0&hl=en&rclk=1,AVOKATE ne SHQIPERI 🇦🇱| EVANGJELI MUSA | Best Lawyers 🇺🇸 Albania,Law firm,"Godina 86, Rruga Onhezmi, Sarandë, Albania",{},{},,+355 69 280 1510,"V2G5+4C Sarandë, Albania",1,5.000000,"{""1"":0,""2"":0,""3"":0,""4"":0,""5"":1}",39.875310,20.008538,341602755668976972,,,,https://lh3.googleusercontent.com/p/AF1QipMY7HBOHVTwnCA_6PCyi2dTcGB9uTzt0w5QBCSL=w428-h240-k-no,Europe/Tirane,,0x135b156ea31c6205:0x4bd9de579f1a54c,"[{""title"":""All"",""image"":""https://lh3.googleusercontent.com/p/AF1QipMY7HBOHVTwnCA_6PCyi2dTcGB9uTzt0w5QBCSL=w531-h298-k-no""},{""title"":""Inside"",""image"":""https://lh3.googleusercontent.com/p/AF1QipNQrD_gUInz9pouJ2rHJ5ZOWClIyF7AzSpNqCMR=w448-h298-k-no""},{""title"":""By owner"",""image"":""https://lh3.googleusercontent.com/p/AF1QipOvebYsVL1DDVSiQsDFv5CEs1b5CD8S-vPKgc9K=w448-h298-k-no""},{""title"":""Street View \u0026 360°"",""image"":""https://streetviewpixels-pa.googleapis.com/v1/thumbnail?panoid=nuWmq_wUcdLrqOtygX57dw\u0026cb_client=maps_sv.tactile.gps\u0026w=224\u0026h=298\u0026yaw=10.238525\u0026pitch=0\u0026thumbfov=100""}]",null,null,"{""link"":"""",""source"":""""}","{""id"":""106772188053642669966"",""name"":""AVOKATE ne SHQIPERI 🇦🇱| EVANGJELI MUSA | Best Lawyers 🇺🇸 Albania (Owner)"",""link"":""https://www.google.com/maps/contrib/106772188053642669966""}","{""borough"":"""",""street"":""Godina 86, Rruga Onhezmi"",""city"":""Sarandë"",""postal_code"":"""",""state"":"""",""country"":""AL""}","[{""id"":""from_the_business"",""name"":""From the business"",""options"":[{""name"":""Identifies as women-owned"",""enabled"":true}]},{""id"":""service_options"",""name"":""Service options"",""options"":[{""name"":""Online appointments"",""enabled"":true}]}]",[],null,
dc5180bc-cf0d-48b5-97bd-ea5bdf1953db,https://www.google.com/maps/place/Avokat+Im+-+Aida+sportel/data=!4m7!3m6!1s0x1350310ced795fbb:0x1fc221d4b80accf5!8m2!3d41.3319998!4d19.8267191!16s%2Fg%2F11f3vk10s0!19sChIJu1957QwxUBMR9cwKuNQhwh8?authuser=0&hl=en&rclk=1,Avokat Im - Aida sportel,Lawyer,"Rruga Qemal Stafa, Tiranë 1059, Albania","{""Friday"":[""Open 24 hours""],""Monday"":[""Open 24 hours""],""Saturday"":[""Open 24 hours""],""Sunday"":[""Open 24 hours""],""Thursday"":[""Open 24 hours""],""Tuesday"":[""Open 24 hours""],""Wednesday"":[""Open 24 hours""]}","{""Friday"":{""0"":33,""1"":44,""10"":5,""11"":22,""12"":22,""13"":27,""14"":27,""15"":33,""16"":44,""17"":50,""18"":44,""19"":33,""2"":33,""20"":33,""21"":27,""22"":22,""23"":27,""3"":22,""4"":11,""5"":16,""6"":22,""7"":16,""8"":5,""9"":0},""Monday"":{""0"":50,""1"":66,""10"":38,""11"":50,""12"":50,""13"":50,""14"":38,""15"":55,""16"":50,""17"":61,""18"":44,""19"":33,""2"":66,""20"":22,""21"":38,""22"":38,""23"":50,""3"":72,""4"":83,""5"":100,""6"":94,""7"":83,""8"":77,""9"":44},""Saturday"":{""0"":50,""1"":55,""10"":72,""11"":94,""12"":66,""13"":55,""14"":27,""15"":16,""16"":27,""17"":22,""18"":11,""19"":5,""2"":33,""20"":16,""21"":27,""22"":33,""23"":38,""3"":22,""4"":27,""5"":22,""6"":27,""7"":27,""8"":44,""9"":55},""Sunday"":{""0"":11,""1"":27,""10"":55,""11"":50,""12"":38,""13"":27,""14"":27,""15"":44,""16"":38,""17"":22,""18"":11,""19"":5,""2"":50,""20"":27,""21"":33,""22"":38,""23"":16,""3"":72,""4"":61,""5"":66,""6"":66,""7"":44,""8"":66,""9"":55},""Thursday"":{""0"":66,""1"":38,""10"":27,""11"":33,""12"":38,""13"":33,""14"":27,""15"":22,""16"":38,""17"":55,""18"":50,""19"":38,""2"":27,""20"":33,""21"":27,""22"":38,""23"":38,""3"":22,""4"":33,""5"":27,""6"":27,""7"":11,""8"":0,""9"":16},""Tuesday"":{""0"":44,""1"":50,""10"":22,""11"":27,""12"":27,""13"":44,""14"":50,""15"":66,""16"":72,""17"":88,""18"":55,""19"":38,""2"":38,""20"":27,""21"":44,""22"":38,""23"":50,""3"":50,""4"":44,""5"":38,""6"":22,""7"":16,""8"":11,""9"":16},""Wednesday"":{""0"":44,""1"":44,""10"":38,""11"":50,""12"":50,""13"":77,""14"":50,""15"":33,""16"":27,""17"":38,""18"":44,""19"":50,""2"":33,""20"":50,""21"":50,""22"":50,""23"":55,""3"":22,""4"":22,""5"":16,""6"":22,""7"":27,""8"":44,""9"":38}}",http://avokatim.com/,+355 69 336 6999,"8RJG+QM Tiranë, Albania",596,5.000000,"{""1"":3,""2"":1,""3"":1,""4"":3,""5"":588}",41.332000,19.826719,2288428758162132213,,,,https://lh3.googleusercontent.com/p/AF1QipPdcHjEJ08dw6OqehisNVsVaAaywaEQEUtJI2Lm=w408-h326-k-no,Europe/Tirane,,0x1350310ced795fbb:0x1fc221d4b80accf5,"[{""title"":""All"",""image"":""https://lh3.googleusercontent.com/p/AF1QipPdcHjEJ08dw6OqehisNVsVaAaywaEQEUtJI2Lm=w372-h298-k-no""},{""title"":""Exterior"",""image"":""https://lh3.googleusercontent.com/p/AF1QipOO7kTznty1t5IBh2SSn5lQTFwIdPKWUuWmK-c_=w397-h298-k-no""},{""title"":""Videos"",""image"":""https://lh3.googleusercontent.com/gps-cs-s/AG0ilSxrJO2gtcJWpW27DkZ8iTJapa_c6iPD0bozrO-NjlwIK44NQVSVf2KPmQeTAzEwFFVcCuSWWYQFaThoESqYKgwpN7zILSXBzxYwRr4yLXFeXUYYr0bhrpIzNLC4iCI9OoYXKL1Lug=w224-h398-k-no""},{""title"":""Inside"",""image"":""https://lh3.googleusercontent.com/p/AF1QipOS9kgMhCdTagDdf2PD_MuaWX3UQn3_N6WtMjhr=w397-h298-k-no""},{""title"":""By owner"",""image"":""https://lh3.googleusercontent.com/p/AF1QipMCBjw2p1nmYEDHDd_rl1A_rc7F7itOGPc_tZoJ=w529-h298-k-no""},{""title"":""Street View \u0026 360°"",""image"":""https://streetviewpixels-pa.googleapis.com/v1/thumbnail?panoid=WVqEwKMM6rK3QpkpPdGm2Q\u0026cb_client=maps_sv.tactile.gps\u0026w=224\u0026h=298\u0026yaw=317.28644\u0026pitch=0\u0026thumbfov=100""}]",null,"[{""link"":""http://avokatim.com/"",""source"":""avokatim.com""}]","{""link"":"""",""source"":""""}","{""id"":""103905360233073699644"",""name"":""Avokat Im - Aida sportel (Owner)"",""link"":""https://www.google.com/maps/contrib/103905360233073699644""}","{""borough"":"""",""street"":""Rruga Qemal Stafa"",""city"":""Tiranë"",""postal_code"":""1059"",""state"":"""",""country"":""AL""}","[{""id"":""from_the_business"",""name"":""From the business"",""options"":[{""name"":""Identifies as women-owned"",""enabled"":true}]},{""id"":""service_options"",""name"":""Service options"",""options"":[{""name"":""Online appointments"",""enabled"":true},{""name"":""On-site services"",""enabled"":true}]},{""id"":""accessibility"",""name"":""Accessibility"",""options"":[{""name"":""Wheelchair-accessible car park"",""enabled"":true},{""name"":""Wheelchair-accessible entrance"",""enabled"":true},{""name"":""Wheelchair-accessible toilet"",""enabled"":true}]},{""id"":""amenities"",""name"":""Amenities"",""options"":[{""name"":""Toilet"",""enabled"":true}]},{""id"":""planning"",""name"":""Planning"",""options"":[{""name"":""Appointments recommended"",""enabled"":true}]},{""id"":""parking"",""name"":""Parking"",""options"":[{""name"":""Free of charge street parking"",""enabled"":true}]}]",[],null,
dc5180bc-cf0d-48b5-97bd-ea5bdf1953db,https://www.google.com/maps/place/Kanzlei+Manz/data=!4m7!3m6!1s0x47bd0d2aea325f0d:0x9a63a210f67290d7!8m2!3d50.108054!4d8.6681357!16s%2Fg%2F11rc244s8b!19sChIJDV8y6ioNvUcR15By9hCiY5o?authuser=0&hl=en&rclk=1,Kanzlei Manz,Labor relations attorney,"Kaiserstraße 61, 60329 Frankfurt am Main","{""Friday"":[""9 am–6 pm""],""Monday"":[""9 am–6 pm""],""Saturday"":[""Closed""],""Sunday"":[""Closed""],""Thursday"":[""9 am–6 pm""],""Tuesday"":[""9 am–6 pm""],""Wednesday"":[""9 am–6 pm""]}",{},https://www.kanzlei-manz.com/anwalt-arbeitsrecht-frankfurt/,069 65300895,4M59+67 Frankfurt am Main,72,4.900000,"{""1"":1,""2"":0,""3"":0,""4"":1,""5"":70}",50.108054,8.668136,11124913698273136855,,,,https://lh3.googleusercontent.com/p/AF1QipP32jXq53eXYCfH9Dxyc6v4036oNTLv39qhPtrf=w408-h408-k-no,Europe/Berlin,,0x47bd0d2aea325f0d:0x9a63a210f67290d7,"[{""title"":""All"",""image"":""https://lh3.googleusercontent.com/p/AF1QipP32jXq53eXYCfH9Dxyc6v4036oNTLv39qhPtrf=w298-h298-k-no""},{""title"":""By owner"",""image"":""https://lh3.googleusercontent.com/p/AF1QipPGGFNf5GapHvd4EMww1ALvMPPakRhcugGj1xuT=w447-h298-k-no""},{""title"":""Street View \u0026 360°"",""image"":""https://streetviewpixels-pa.googleapis.com/v1/thumbnail?panoid=ft0PV5_e0FM93P6ot1IuUQ\u0026cb_client=maps_sv.tactile.gps\u0026w=224\u0026h=298\u0026yaw=231.75047\u0026pitch=0\u0026thumbfov=100""}]",null,"[{""link"":""https://www.kanzlei-manz.com/termin-buchung/"",""source"":""kanzlei-manz.com""}]","{""link"":"""",""source"":""""}","{""id"":""108831342732456520536"",""name"":""Kanzlei Manz (Owner)"",""link"":""https://www.google.com/maps/contrib/108831342732456520536""}","{""borough"":""Innenstadt I"",""street"":""Kaiserstraße 61"",""city"":""Frankfurt am Main"",""postal_code"":""60329"",""state"":"""",""country"":""DE""}","[{""id"":""amenities"",""name"":""Amenities"",""options"":[{""name"":""Toilet"",""enabled"":true}]},{""id"":""planning"",""name"":""Planning"",""options"":[{""name"":""Appointments recommended"",""enabled"":true}]}]",[],null,
dc5180bc-cf0d-48b5-97bd-ea5bdf1953db,https://www.google.com/maps/place/Avokat+Klaudi+Zholi/data=!4m7!3m6!1s0x1350311daece0ea5:0xb64569ef1920639b!8m2!3d41.3230613!4d19.8082461!16s%2Fg%2F11rn0psr9d!19sChIJpQ7Orh0xUBMRm2MgGe9pRbY?authuser=0&hl=en&rclk=1,Avokat Klaudi Zholi,Trial attorney,"Apartamenti nr.2, Ndertesa nr.9, Rruga Nikolla Jorga nr.4, Tiranë 1001, Albania",{},{},https://avokatklaudi.al/,+355 69 539 3052,"8RF5+67 Tiranë, Albania",107,5.000000,"{""1"":1,""2"":0,""3"":0,""4"":1,""5"":105}",41.323061,19.808246,13134020363935572891,,,,https://streetviewpixels-pa.googleapis.com/v1/thumbnail?panoid=musQa82nmbW5XAVYLqwX3A&cb_client=search.gws-prod.gps&w=408&h=240&yaw=113.73441&pitch=0&thumbfov=100,Europe/Tirane,,0x1350311daece0ea5:0xb64569ef1920639b,"[{""title"":""All"",""image"":""https://streetviewpixels-pa.googleapis.com/v1/thumbnail?panoid=musQa82nmbW5XAVYLqwX3A\u0026cb_client=maps_sv.tactile.gps\u0026w=224\u0026h=298\u0026yaw=113.73441\u0026pitch=0\u0026thumbfov=100""},{""title"":""Street View \u0026 360°"",""image"":""https://streetviewpixels-pa.googleapis.com/v1/thumbnail?panoid=musQa82nmbW5XAVYLqwX3A\u0026cb_client=maps_sv.tactile.gps\u0026w=224\u0026h=298\u0026yaw=113.73441\u0026pitch=0\u0026thumbfov=100""}]",null,null,"{""link"":"""",""source"":""""}","{""id"":""117721208421355655051"",""name"":""Avokat Klaudi Zholi (Owner)"",""link"":""https://www.google.com/maps/contrib/117721208421355655051""}","{""borough"":"""",""street"":""Apartamenti nr.2, Ndertesa nr.9, Rruga Nikolla Jorga nr.4"",""city"":""Tiranë"",""postal_code"":""1001"",""state"":"""",""country"":""AL""}","[{""id"":""accessibility"",""name"":""Accessibility"",""options"":[{""name"":""Wheelchair-accessible entrance"",""enabled"":true}]},{""id"":""amenities"",""name"":""Amenities"",""options"":[{""name"":""Toilet"",""enabled"":true}]},{""id"":""planning"",""name"":""Planning"",""options"":[{""name"":""Appointments recommended"",""enabled"":true}]}]",[],null,
dc5180bc-cf0d-48b5-97bd-ea5bdf1953db,https://www.google.com/maps/place/AVOKAT+PETRIT+MUSAJ/data=!4m7!3m6!1s0x135031dc45cb3353:0x8d12693e74f46c6!8m2!3d41.3444124!4d19.8086318!16s%2Fg%2F11y5n1sst7!19sChIJUzPLRdwxUBMRxkZP55Mm0Qg?authuser=0&hl=en&rclk=1,AVOKAT PETRIT MUSAJ,Law firm,"Avokat Petrit Musaj, Rruga Jordan Misja, përgjatë rrugës së SPAK, Tiranë, Albania",{},"{""Friday"":{""0"":18,""1"":18,""10"":43,""11"":37,""12"":37,""13"":25,""14"":43,""15"":43,""16"":50,""17"":43,""18"":25,""19"":31,""2"":25,""20"":31,""21"":37,""22"":25,""23"":18,""3"":25,""4"":25,""5"":25,""6"":12,""7"":12,""8"":25,""9"":31},""Monday"":{""0"":50,""1"":62,""10"":18,""11"":31,""12"":50,""13"":43,""14"":56,""15"":50,""16"":37,""17"":31,""18"":43,""19"":56,""2"":50,""20"":37,""21"":37,""22"":31,""23"":37,""3"":37,""4"":31,""5"":31,""6"":31,""7"":18,""8"":12,""9"":12},""Saturday"":{""0"":50,""1"":31,""10"":37,""11"":43,""12"":25,""13"":18,""14"":12,""15"":12,""16"":18,""17"":18,""18"":6,""19"":0,""2"":43,""20"":6,""21"":31,""22"":37,""23"":43,""3"":25,""4"":18,""5"":0,""6"":6,""7"":18,""8"":25,""9"":37},""Sunday"":{""0"":37,""1"":50,""10"":62,""11"":50,""12"":25,""13"":12,""14"":18,""15"":31,""16"":50,""17"":37,""18"":31,""19"":31,""2"":56,""20"":56,""21"":43,""22"":31,""23"":31,""3"":56,""4"":56,""5"":37,""6"":12,""7"":31,""8"":62,""9"":100},""Thursday"":{""0"":50,""1"":31,""10"":31,""11"":31,""12"":50,""13"":25,""14"":25,""15"":50,""16"":43,""17"":31,""18"":37,""19"":37,""2"":37,""20"":50,""21"":43,""22"":37,""23"":50,""3"":31,""4"":31,""5"":31,""6"":31,""7"":31,""8"":37,""9"":25},""Tuesday"":{""0"":37,""1"":25,""10"":31,""11"":43,""12"":50,""13"":50,""14"":43,""15"":25,""16"":6,""17"":12,""18"":31,""19"":50,""2"":31,""20"":56,""21"":50,""22"":25,""23"":31,""3"":37,""4"":50,""5"":50,""6"":56,""7"":43,""8"":56,""9"":43},""Wednesday"":{""0"":25,""1"":31,""10"":37,""11"":18,""12"":25,""13"":31,""14"":25,""15"":25,""16"":25,""17"":31,""18"":25,""19"":31,""2"":37,""20"":37,""21"":43,""22"":31,""23"":31,""3"":43,""4"":18,""5"":18,""6"":31,""7"":50,""8"":56,""9"":37}}",https://lawbypetrit.com/kontrollo-kompesimin/,+355 67 734 6511,"8RV5+QF Tiranë, Albania",7,5.000000,"{""1"":0,""2"":0,""3"":0,""4"":0,""5"":7}",41.344412,19.808632,635331439118730950,,,,https://lh3.googleusercontent.com/p/AF1QipMhDYpZzVv1Yul3Z9vfOJqhr5DraB4zCuzpGYFk=w408-h544-k-no,Europe/Tirane,,0x135031dc45cb3353:0x8d12693e74f46c6,"[{""title"":""All"",""image"":""https://lh3.googleusercontent.com/p/AF1QipMhDYpZzVv1Yul3Z9vfOJqhr5DraB4zCuzpGYFk=w224-h299-k-no""},{""title"":""Inside"",""image"":""https://lh3.googleusercontent.com/p/AF1QipNS6r6D_jHeJ5wIsyOXETR9tosdEx9DkXDn_lZ6=w366-h298-k-no""},{""title"":""By owner"",""image"":""https://lh3.googleusercontent.com/p/AF1QipPWdeCUNzKrS-pcOjc_arOmDUUk4uPJpXHGTUP7=w298-h298-k-no""},{""title"":""Street View \u0026 360°"",""image"":""https://streetviewpixels-pa.googleapis.com/v1/thumbnail?panoid=ou-AKTlUcDcvMO2z1o7fgA\u0026cb_client=maps_sv.tactile.gps\u0026w=224\u0026h=298\u0026yaw=56.639397\u0026pitch=0\u0026thumbfov=100""}]",null,null,"{""link"":"""",""source"":""""}","{""id"":""115483752546104167796"",""name"":""AVOKAT PETRIT MUSAJ (Owner)"",""link"":""https://www.google.com/maps/contrib/115483752546104167796""}","{""borough"":"""",""street"":""Avokat Petrit Musaj, Rruga Jordan Misja, përgjatë rrugës së SPAK"",""city"":""Tiranë"",""postal_code"":"""",""state"":"""",""country"":""AL""}",null,[],null,
dc5180bc-cf0d-48b5-97bd-ea5bdf1953db,https://www.google.com/maps/place/AVOKAT+Naim+ALIU/data=!4m7!3m6!1s0x13549ffde7ac95d9:0x399a3d5f53c835d!8m2!3d42.6531322!4d21.1587133!16s%2Fg%2F11smhsz2j3!19sChIJ2ZWs5_2fVBMRXYM89dWjmQM?authuser=0&hl=en&rclk=1,AVOKAT Naim ALIU,Criminal justice attorney,"Rr. ""Bulevardi Dëshmorët e Kombit XK, 72 2, Prishtina 10000",{},{},,+383 44 232 984,M535+7F Pristina,1,5.000000,"{""1"":0,""2"":0,""3"":0,""4"":0,""5"":1}",42.653132,21.158713,259418592888259421,,,,,Europe/Belgrade,,0x13549ffde7ac95d9:0x399a3d5f53c835d,[],null,null,"{""link"":"""",""source"":""""}","{""id"":""107964295349238437894"",""name"":""AVOKAT Naim ALIU (Owner)"",""link"":""https://www.google.com/maps/contrib/107964295349238437894""}","{""borough"":"""",""street"":""Rr. \""Bulevardi Dëshmorët e Kombit XK, 72 2"",""city"":""Pristina"",""postal_code"":""10000"",""state"":"""",""country"":""XK""}","[{""id"":""amenities"",""name"":""Amenities"",""options"":[{""name"":""Toilet"",""enabled"":true}]}]",[],null,
dc5180bc-cf0d-48b5-97bd-ea5bdf1953db,https://www.google.com/maps/place/Avokat+-+Lawyer+Labinot+Kova%C3%A7i/data=!4m7!3m6!1s0x13549f71039089bf:0xad002a1c377e1eab!8m2!3d42.6528399!4d21.1587228!16s%2Fg%2F11flqs2crl!19sChIJv4mQA3GfVBMRqx5-NxwqAK0?authuser=0&hl=en&rclk=1,Avokat - Lawyer Labinot Kovaçi,Lawyer,"XK, Bulevardi Dëshmorët e Kombit, Prishtina 10000","{""Friday"":[""9 am–5 pm""],""Monday"":[""9 am–5 pm""],""Saturday"":[""Closed""],""Sunday"":[""Closed""],""Thursday"":[""9 am–5 pm""],""Tuesday"":[""9 am–5 pm""],""Wednesday"":[""9 am–5 pm""]}",{},,+383 44 283 677,M535+4F Pristina,14,5.000000,"{""1"":0,""2"":0,""3"":0,""4"":0,""5"":14}",42.652840,21.158723,12466010069239996075,,,,https://lh3.googleusercontent.com/p/AF1QipNn2qk2CX48a6I9TM1faZcK0cBv6e1I9-ZCI0uT=w408-h396-k-no,Europe/Belgrade,,0x13549f71039089bf:0xad002a1c377e1eab,"[{""title"":""All"",""image"":""https://lh3.googleusercontent.com/p/AF1QipNn2qk2CX48a6I9TM1faZcK0cBv6e1I9-ZCI0uT=w306-h298-k-no""},{""title"":""By owner"",""image"":""https://lh3.googleusercontent.com/p/AF1QipNn2qk2CX48a6I9TM1faZcK0cBv6e1I9-ZCI0uT=w306-h298-k-no""}]",null,null,"{""link"":"""",""source"":""""}","{""id"":""109644932719198385280"",""name"":""Avokat - Lawyer Labinot Kovaçi (Owner)"",""link"":""https://www.google.com/maps/contrib/109644932719198385280""}","{""borough"":"""",""street"":""XK, Bulevardi Dëshmorët e Kombit"",""city"":""Pristina"",""postal_code"":""10000"",""state"":"""",""country"":""XK""}","[{""id"":""accessibility"",""name"":""Accessibility"",""options"":[{""name"":""Wheelchair-accessible toilet"",""enabled"":true}]},{""id"":""amenities"",""name"":""Amenities"",""options"":[{""name"":""Toilet"",""enabled"":true}]}]",[],null,
dc5180bc-cf0d-48b5-97bd-ea5bdf1953db,https://www.google.com/maps/place/Avokat+Laura+Mehmeti+Hoxha/data=!4m7!3m6!1s0x13549f5ef99b1345:0x9c1418f694a9bd22!8m2!3d42.6474821!4d21.172016!16s%2Fg%2F11xd32j8x0!19sChIJRROb-V6fVBMRIr2plPYYFJw?authuser=0&hl=en&rclk=1,Avokat Laura Mehmeti Hoxha,Law firm,"C15/11, Rr, Nr.3 Bardhyl Çaushi, Prishtina 10000","{""Friday"":[""9 am–4 pm""],""Monday"":[""9 am–4 pm""],""Saturday"":[""Closed""],""Sunday"":[""Closed""],""Thursday"":[""9 am–4 pm""],""Tuesday"":[""9 am–4 pm""],""Wednesday"":[""9 am–4 pm""]}",{},,+383 49 472 357,J5WC+XR Pristina,15,5.000000,"{""1"":0,""2"":0,""3"":0,""4"":0,""5"":15}",42.647482,21.172016,11246641616786144546,,,,https://lh3.googleusercontent.com/p/AF1QipMph-reMGo5L6BV-ps3YQ4EqAO9T6Gjw1wR9Cga=w408-h725-k-no,Europe/Belgrade,,0x13549f5ef99b1345:0x9c1418f694a9bd22,"[{""title"":""All"",""image"":""https://lh3.googleusercontent.com/p/AF1QipMph-reMGo5L6BV-ps3YQ4EqAO9T6Gjw1wR9Cga=w224-h398-k-no""},{""title"":""By owner"",""image"":""https://lh3.googleusercontent.com/p/AF1QipPpzgZW3K6-KzKHDNwR-ILhWeN28R5Y42_zWhzQ=w224-h298-k-no""}]",null,null,"{""link"":"""",""source"":""""}","{""id"":""108671102823790506069"",""name"":""Avokat Laura Mehmeti Hoxha (Owner)"",""link"":""https://www.google.com/maps/contrib/108671102823790506069""}","{""borough"":"""",""street"":""C15/11, Rr, Nr.3 Bardhyl Çaushi"",""city"":""Pristina"",""postal_code"":""10000"",""state"":"""",""country"":""XK""}","[{""id"":""parking"",""name"":""Parking"",""options"":[{""name"":""Free of charge street parking"",""enabled"":true}]}]",[],null,
dc5180bc-cf0d-48b5-97bd-ea5bdf1953db,https://www.google.com/maps/place/Avokat+Liman+Musa/data=!4m7!3m6!1s0x13547f2e3531de5f:0x1d2a76ff570ee20c!8m2!3d42.3791805!4d21.1488668!16s%2Fg%2F11ymhq5f2y!19sChIJX94xNS5_VBMRDOIOV_92Kh0?authuser=0&hl=en&rclk=1,Avokat Liman Musa,Lawyer,"Brigada 161, Ferizaj 70000","{""Friday"":[""8 am–4 pm""],""Monday"":[""8 am–4 pm""],""Saturday"":[""Closed""],""Sunday"":[""Closed""],""Thursday"":[""8 am–4 pm""],""Tuesday"":[""8 am–4 pm""],""Wednesday"":[""8 am–4 pm""]}",{},,+383 44 578 419,94HX+MG Ferizaj,1,5.000000,"{""1"":0,""2"":0,""3"":0,""4"":0,""5"":1}",42.379180,21.148867,2101623015171088908,,,,https://lh3.googleusercontent.com/p/AF1QipMm_e-_9Il3NA2QlvY7ite5DPvNFRWt6M-yer0q=w408-h306-k-no,Europe/Belgrade,,0x13547f2e3531de5f:0x1d2a76ff570ee20c,"[{""title"":""All"",""image"":""https://lh3.googleusercontent.com/p/AF1QipMm_e-_9Il3NA2QlvY7ite5DPvNFRWt6M-yer0q=w397-h298-k-no""},{""title"":""Exterior"",""image"":""https://lh3.googleusercontent.com/p/AF1QipP1OQ7T0901c8X7vzTr0E4fPbAQJRNYfhqD80QW=w224-h298-k-no""},{""title"":""Inside"",""image"":""https://lh3.googleusercontent.com/p/AF1QipMm_e-_9Il3NA2QlvY7ite5DPvNFRWt6M-yer0q=w397-h298-k-no""},{""title"":""By owner"",""image"":""https://lh3.googleusercontent.com/p/AF1QipMm_e-_9Il3NA2QlvY7ite5DPvNFRWt6M-yer0q=w397-h298-k-no""}]",null,null,"{""link"":"""",""source"":""""}","{""id"":""100832973608651664359"",""name"":""Avokat Liman Musa (Owner)"",""link"":""https://www.google.com/maps/contrib/100832973608651664359""}","{""borough"":"""",""street"":""Brigada 161"",""city"":""Ferizaj"",""postal_code"":""70000"",""state"":"""",""country"":""XK""}",null,[],null,
dc5180bc-cf0d-48b5-97bd-ea5bdf1953db,https://www.google.com/maps/place/Avokat+Elsa+Haxhillari%28Bylykbashi%29/data=!4m7!3m6!1s0x135a0bd97a46b4e9:0x55c28042f66c4411!8m2!3d40.6139801!4d20.7810949!16s%2Fg%2F11pvctvgyq!19sChIJ6bRGetkLWhMREURs9kKAwlU?authuser=0&hl=en&rclk=1,Avokat Elsa Haxhillari(Bylykbashi),Trial attorney,"Sofokli Maqilari, Bulevardi Fan Noli, Korçë 7002, Albania",{},{},https://elsahaxhillari.com/,+355 68 829 3854,"JQ7J+HC Korçë, Albania",37,5.000000,"{""1"":0,""2"":0,""3"":0,""4"":0,""5"":37}",40.613980,20.781095,6179642663796229137,,,,https://lh3.googleusercontent.com/p/AF1QipMb48K4Tl0T5m-601De4ZqwYiwNQmspndRB8rjQ=w408-h253-k-no,Europe/Tirane,,0x135a0bd97a46b4e9:0x55c28042f66c4411,"[{""title"":""All"",""image"":""https://lh3.googleusercontent.com/p/AF1QipMb48K4Tl0T5m-601De4ZqwYiwNQmspndRB8rjQ=w479-h298-k-no""},{""title"":""Exterior"",""image"":""https://lh3.googleusercontent.com/gps-cs-s/AG0ilSzj69kLuLM-rvgQ6Xijojf5T90wFC98C7-HTUbLZknbr5dmy0IJuLgp-BKxiTh94zSWfqPEUIMqjJHcYCdODP1Bn-7QnN_ceQdHp7uo1XNsdSL0ujCnWB7bz62SuC7RwwJjC3x6kQ=w397-h298-k-no""},{""title"":""By owner"",""image"":""https://lh3.googleusercontent.com/p/AF1QipNWpCjHFWW35SgIVee0j0zF6yOJbDQJLfSwy-nY=w398-h298-k-no""},{""title"":""Street View \u0026 360°"",""image"":""https://streetviewpixels-pa.googleapis.com/v1/thumbnail?panoid=jO1ABO-MG6hGZdSnb_qLVQ\u0026cb_client=maps_sv.tactile.gps\u0026w=224\u0026h=298\u0026yaw=34.90581\u0026pitch=0\u0026thumbfov=100""}]",null,null,"{""link"":"""",""source"":""""}","{""id"":""116522865722975332269"",""name"":""Avokat Elsa Haxhillari(Bylykbashi) (Owner)"",""link"":""https://www.google.com/maps/contrib/116522865722975332269""}","{""borough"":"""",""street"":""Sofokli Maqilari, Bulevardi Fan Noli"",""city"":""Korçë"",""postal_code"":""7002"",""state"":"""",""country"":""AL""}","[{""id"":""amenities"",""name"":""Amenities"",""options"":[{""name"":""Toilet"",""enabled"":true}]}]",[],null,
dc5180bc-cf0d-48b5-97bd-ea5bdf1953db,https://www.google.com/maps/place/AVOKAT+-+LAWYER:+Durim+Llugiqi/data=!4m7!3m6!1s0x135483efbb804c3f:0xac6c095e44d33f41!8m2!3d42.5194426!4d21.1219968!16s%2Fg%2F11hxbjs6dy!19sChIJP0yAu--DVBMRQT_TRF4JbKw?authuser=0&hl=en&rclk=1,AVOKAT - LAWYER: Durim Llugiqi,Law firm,"Lidhja e Prizerenit, Lipjan 10000","{""Friday"":[""8 am–4 pm""],""Monday"":[""8 am–4 pm""],""Saturday"":[""Closed""],""Sunday"":[""Closed""],""Thursday"":[""8 am–4 pm""],""Tuesday"":[""8 am–4 pm""],""Wednesday"":[""8 am–4 pm""]}",{},,+383 44 832 470,G49C+QQ Lipljan,22,5.000000,"{""1"":0,""2"":0,""3"":0,""4"":0,""5"":22}",42.519443,21.121997,12424315772494626625,,,,https://lh3.googleusercontent.com/p/AF1QipONmTR2kMLBsF4LPpZH9mE_kWyptxCMr6pKQ2QE=w408-h272-k-no,Europe/Belgrade,,0x135483efbb804c3f:0xac6c095e44d33f41,"[{""title"":""All"",""image"":""https://lh3.googleusercontent.com/p/AF1QipONmTR2kMLBsF4LPpZH9mE_kWyptxCMr6pKQ2QE=w447-h298-k-no""},{""title"":""Latest"",""image"":""https://lh3.googleusercontent.com/p/AF1QipONmTR2kMLBsF4LPpZH9mE_kWyptxCMr6pKQ2QE=w447-h298-k-no""},{""title"":""By owner"",""image"":""https://lh3.googleusercontent.com/p/AF1QipONmTR2kMLBsF4LPpZH9mE_kWyptxCMr6pKQ2QE=w447-h298-k-no""}]",null,null,"{""link"":"""",""source"":""""}","{""id"":""112950929994184897454"",""name"":""AVOKAT - LAWYER: Durim Llugiqi (Owner)"",""link"":""https://www.google.com/maps/contrib/112950929994184897454""}","{""borough"":"""",""street"":""Lidhja e Prizerenit"",""city"":""Lipljan"",""postal_code"":""10000"",""state"":"""",""country"":""XK""}",null,[],null,
dc5180bc-cf0d-48b5-97bd-ea5bdf1953db,https://www.google.com/maps/place/Avokat+ne+Tirane+-+Zyre+Avokatie+ViartaPulla/data=!4m7!3m6!1s0x1350310de51517a3:0x5490c1c7c9eeabfc!8m2!3d41.3223896!4d19.8123611!16s%2Fg%2F11pwyvcygc!19sChIJoxcV5Q0xUBMR_KvuycfBkFQ?authuser=0&hl=en&rclk=1,Avokat ne Tirane - Zyre Avokatie ViartaPulla,Law firm,"Bajram Curri Blvd, Tiranë 1001, Albania","{""Friday"":[""8 am–5 pm""],""Monday"":[""8 am–5 pm""],""Saturday"":[""8 am–5 pm""],""Sunday"":[""8 am–5 pm""],""Thursday"":[""8 am–5 pm""],""Tuesday"":[""8 am–5 pm""],""Wednesday"":[""8 am–5 pm""]}",{},,+355 355689008,"8RC6+XW Tiranë, Albania",6,5.000000,"{""1"":0,""2"":0,""3"":0,""4"":0,""5"":6}",41.322390,19.812361,6093583359662795772,,,,https://lh3.googleusercontent.com/p/AF1QipMQDkQm5Zg2KInPckDqIWw3PSQgA3S5jGcOBaIT=w408-h272-k-no,Europe/Tirane,,0x1350310de51517a3:0x5490c1c7c9eeabfc,"[{""title"":""All"",""image"":""https://lh3.googleusercontent.com/p/AF1QipMQDkQm5Zg2KInPckDqIWw3PSQgA3S5jGcOBaIT=w447-h298-k-no""},{""title"":""By owner"",""image"":""https://lh3.googleusercontent.com/p/AF1QipP0s9dXUBeRqEiWS1vq1gUCWT2pWfdOzoqvQDUd=w446-h298-k-no""},{""title"":""Street View \u0026 360°"",""image"":""https://streetviewpixels-pa.googleapis.com/v1/thumbnail?panoid=mlAdK1lzCBAjM9DN2fQ7XQ\u0026cb_client=maps_sv.tactile.gps\u0026w=224\u0026h=298\u0026yaw=104.26358\u0026pitch=0\u0026thumbfov=100""}]",null,null,"{""link"":"""",""source"":""""}","{""id"":""108757686234873051833"",""name"":""Avokat ne Tirane - Zyre Avokatie ViartaPulla (Owner)"",""link"":""https://www.google.com/maps/contrib/108757686234873051833""}","{""borough"":"""",""street"":""Bajram Curri Blvd"",""city"":""Tiranë"",""postal_code"":""1001"",""state"":"""",""country"":""AL""}","[{""id"":""from_the_business"",""name"":""From the business"",""options"":[{""name"":""Identifies as women-owned"",""enabled"":true}]},{""id"":""service_options"",""name"":""Service options"",""options"":[{""name"":""Online appointments"",""enabled"":true},{""name"":""On-site services"",""enabled"":true}]},{""id"":""accessibility"",""name"":""Accessibility"",""options"":[{""name"":""Wheelchair-accessible car park"",""enabled"":false}]},{""id"":""crowd"",""name"":""Crowd"",""options"":[{""name"":""LGBTQ+ friendly"",""enabled"":true}]}]",[],null,
dc5180bc-cf0d-48b5-97bd-ea5bdf1953db,https://www.google.com/maps/place/Oda+e+Avokat%C3%ABve+t%C3%AB+Kosov%C3%ABs/data=!4m7!3m6!1s0x13549fef03acdf81:0x749715114e14c278!8m2!3d42.6558101!4d21.1511506!16s%2Fg%2F11tjx62hl2!19sChIJgd-sA--fVBMReMIUThEVl3Q?authuser=0&hl=en&rclk=1,Oda e Avokatëve të Kosovës,Association / Organization,"Ndërtesa e Arting), Kati IV, Rr Bekim Fehmiu pn, Prishtina",{},{},https://oak-ks.org/,,,1,3.000000,"{""1"":0,""2"":0,""3"":1,""4"":0,""5"":0}",42.655810,21.151151,8401206793951560312,,,,,Europe/Belgrade,,0x13549fef03acdf81:0x749715114e14c278,[],null,null,"{""link"":"""",""source"":""""}","{""id"":"""",""name"":""Oda e Avokatëve të Kosovës (Owner)"",""link"":""""}","{""borough"":"""",""street"":"""",""city"":"""",""postal_code"":"""",""state"":"""",""country"":""""}",null,[],null,
dc5180bc-cf0d-48b5-97bd-ea5bdf1953db,https://www.google.com/maps/place/Avokat+Halil+Hoxha/data=!4m7!3m6!1s0x134fdb1e0a77aca1:0x7687d9d14744f2e6!8m2!3d41.3229982!4d19.4494931!16s%2Fg%2F11pb7_m5pn!19sChIJoax3Ch7bTxMR5vJER9HZh3Y?authuser=0&hl=en&rclk=1,Avokat Halil Hoxha,Lawyer,"Rruga Edit Durham 1853, Durrës, Albania","{""Friday"":[""8 am–8 pm""],""Monday"":[""8 am–8 pm""],""Saturday"":[""8 am–8 pm""],""Sunday"":[""Closed""],""Thursday"":[""8 am–8 pm""],""Tuesday"":[""8 am–8 pm""],""Wednesday"":[""8 am–8 pm""]}",{},,,"8CFX+5Q Durrës, Albania",2,5.000000,"{""1"":0,""2"":0,""3"":0,""4"":0,""5"":2}",41.322998,19.449493,8541034711198528230,,,,https://streetviewpixels-pa.googleapis.com/v1/thumbnail?panoid=alWopyfZ87XiyjPqQGHaJg&cb_client=search.gws-prod.gps&w=408&h=240&yaw=14.966857&pitch=0&thumbfov=100,Europe/Tirane,,0x134fdb1e0a77aca1:0x7687d9d14744f2e6,"[{""title"":""All"",""image"":""https://streetviewpixels-pa.googleapis.com/v1/thumbnail?panoid=alWopyfZ87XiyjPqQGHaJg\u0026cb_client=maps_sv.tactile.gps\u0026w=224\u0026h=298\u0026yaw=14.966857\u0026pitch=0\u0026thumbfov=100""},{""title"":""Street View \u0026 360°"",""image"":""https://streetviewpixels-pa.googleapis.com/v1/thumbnail?panoid=alWopyfZ87XiyjPqQGHaJg\u0026cb_client=maps_sv.tactile.gps\u0026w=224\u0026h=298\u0026yaw=14.966857\u0026pitch=0\u0026thumbfov=100""}]",null,null,"{""link"":"""",""source"":""""}","{""id"":""113946505029941709844"",""name"":""Avokat Halil Hoxha (Owner)"",""link"":""https://www.google.com/maps/contrib/113946505029941709844""}","{""borough"":"""",""street"":""Rruga Edit Durham 1853"",""city"":""Durrës"",""postal_code"":"""",""state"":"""",""country"":""AL""}",null,[],null,
dc5180bc-cf0d-48b5-97bd-ea5bdf1953db,https://www.google.com/maps/place/Avokat+Ejup+Kamberi/data=!4m7!3m6!1s0x13545809f29a3435:0x50d17c23a9f95a1a!8m2!3d42.3065719!4d21.6488191!16s%2Fg%2F11g6pw671l!19sChIJNTSa8glYVBMRGlr5qSN80VA?authuser=0&hl=en&rclk=1,Avokat Ejup Kamberi,Law firm,"Svete Tomića, Preševo 17523, Serbia",{},{},,+381 17 660782,,1,5.000000,"{""1"":0,""2"":0,""3"":0,""4"":0,""5"":1}",42.306572,21.648819,5823572285784152602,,,,,Europe/Belgrade,,0x13545809f29a3435:0x50d17c23a9f95a1a,[],null,null,"{""link"":"""",""source"":""""}","{""id"":"""",""name"":""Avokat Ejup Kamberi (Owner)"",""link"":""""}","{""borough"":"""",""street"":"""",""city"":"""",""postal_code"":"""",""state"":"""",""country"":""""}",null,[],null,
dc5180bc-cf0d-48b5-97bd-ea5bdf1953db,https://www.google.com/maps/place/Avokat+-+Zyr%C3%AB+avokatie+n%C3%AB+Tiran%C3%AB+-+MIK+consulting/data=!4m7!3m6!1s0x135031bc7eba5519:0xac2c959f39f79041!8m2!3d41.3417123!4d19.7995158!16s%2Fg%2F11sbd4714h!19sChIJGVW6frwxUBMRQZD3OZ-VLKw?authuser=0&hl=en&rclk=1,Avokat - Zyrë avokatie në Tiranë - MIK consulting,Law firm,"Rruga Ibrahim Pashe Bushatlliu, Tiranë, Albania",{},{},,+355 69 784 7415,"8QRX+MR Tiranë, Albania",6,5.000000,"{""1"":0,""2"":0,""3"":0,""4"":0,""5"":6}",41.341712,19.799516,12406455584603738177,,,,https://lh3.googleusercontent.com/p/AF1QipONgVZKLcejojmVyFQb7hKacSfoXU2nlilPyDvl=w408-h544-k-no,Europe/Tirane,,0x135031bc7eba5519:0xac2c959f39f79041,"[{""title"":""All"",""image"":""https://lh3.googleusercontent.com/p/AF1QipONgVZKLcejojmVyFQb7hKacSfoXU2nlilPyDvl=w224-h298-k-no""},{""title"":""By owner"",""image"":""https://lh3.googleusercontent.com/p/AF1QipONgVZKLcejojmVyFQb7hKacSfoXU2nlilPyDvl=w224-h298-k-no""}]",null,null,"{""link"":"""",""source"":""""}","{""id"":""102453633093248970203"",""name"":""Avokat - Zyrë avokatie në Tiranë - MIK consulting (Owner)"",""link"":""https://www.google.com/maps/contrib/102453633093248970203""}","{""borough"":""Tirana 11"",""street"":""Rruga Ibrahim Pashe Bushatlliu"",""city"":""Tiranë"",""postal_code"":"""",""state"":"""",""country"":""AL""}","[{""id"":""from_the_business"",""name"":""From the business"",""options"":[{""name"":""Identifies as women-owned"",""enabled"":true}]}]",[],null,
dc5180bc-cf0d-48b5-97bd-ea5bdf1953db,https://www.google.com/maps/place/Avokat+Jonel+Ba%C3%A7i/data=!4m7!3m6!1s0x1350312dc25f0235:0x22948af16176826c!8m2!3d41.3419693!4d19.7993536!16s%2Fg%2F11k9rmf9jt!19sChIJNQJfwi0xUBMRbIJ2YfGKlCI?authuser=0&hl=en&rclk=1,Avokat Jonel Baçi,Law firm,"Ibrahim Pashe Bushatlliu, Tiranë 1025, Albania","{""Friday"":[""9 am–6 pm""],""Monday"":[""9 am–6 pm""],""Saturday"":[""9 am–6 pm""],""Sunday"":[""Closed""],""Thursday"":[""9 am–6 pm""],""Tuesday"":[""9 am–6 pm""],""Wednesday"":[""9 am–6 pm""]}",{},,+355 69 659 5780,"8QRX+QP Tiranë, Albania",4,5.000000,"{""1"":0,""2"":0,""3"":0,""4"":0,""5"":4}",41.341969,19.799354,2491769263169634924,,,,https://lh3.googleusercontent.com/p/AF1QipOJSEj60yG-1e-VfQE1iB0HqdhEu_t8XYjiI_k3=w408-h325-k-no,Europe/Tirane,,0x1350312dc25f0235:0x22948af16176826c,"[{""title"":""All"",""image"":""https://lh3.googleusercontent.com/p/AF1QipOJSEj60yG-1e-VfQE1iB0HqdhEu_t8XYjiI_k3=w373-h298-k-no""},{""title"":""Exterior"",""image"":""https://lh3.googleusercontent.com/p/AF1QipO5b2dM2_ljCZtagYyw8ObEJSQaSqq0CIu89bk3=w224-h311-k-no""},{""title"":""By owner"",""image"":""https://lh3.googleusercontent.com/p/AF1QipNAQMxJmolNmzxjh713UWstQgeM3cdsK1vx7dIg=w415-h298-k-no""}]",null,null,"{""link"":"""",""source"":""""}","{""id"":""116702050561252040443"",""name"":""Avokat Jonel Baçi (Owner)"",""link"":""https://www.google.com/maps/contrib/116702050561252040443""}","{""borough"":""Tirana 11"",""street"":""Ibrahim Pashe Bushatlliu"",""city"":""Tiranë"",""postal_code"":""1025"",""state"":"""",""country"":""AL""}",null,[],null,
dc5180bc-cf0d-48b5-97bd-ea5bdf1953db,https://www.google.com/maps/place/Avokat+Denis+Sinani+-+Studio+Ligjore+-/data=!4m7!3m6!1s0x13503173eced97ef:0xc491dc0e830bd535!8m2!3d41.3213663!4d19.810644!16s%2Fg%2F11rjr_r8vl!19sChIJ75ft7HMxUBMRNdULgw7ckcQ?authuser=0&hl=en&rclk=1,Avokat Denis Sinani - Studio Ligjore -,Law firm,"Rruga Komuna e Parisit Pallati 1/1, Tiranë 1001, Albania",{},{},,+355 69 204 9900,"8RC6+G7 Tiranë, Albania",22,5.000000,"{""1"":0,""2"":0,""3"":0,""4"":0,""5"":22}",41.321366,19.810644,14164344257943164213,,,,https://streetviewpixels-pa.googleapis.com/v1/thumbnail?panoid=KDb5Ya7H_OrJMqgY1ONQwg&cb_client=search.gws-prod.gps&w=408&h=240&yaw=150.53162&pitch=0&thumbfov=100,Europe/Tirane,,0x13503173eced97ef:0xc491dc0e830bd535,"[{""title"":""All"",""image"":""https://streetviewpixels-pa.googleapis.com/v1/thumbnail?panoid=KDb5Ya7H_OrJMqgY1ONQwg\u0026cb_client=maps_sv.tactile.gps\u0026w=224\u0026h=298\u0026yaw=150.53162\u0026pitch=0\u0026thumbfov=100""},{""title"":""By owner"",""image"":""https://lh3.googleusercontent.com/p/AF1QipPjRUbYaWT7GMNO5WHhtCOpbJ2yTmFVHg5Zotue=w397-h298-k-no""},{""title"":""Street View \u0026 360°"",""image"":""https://streetviewpixels-pa.googleapis.com/v1/thumbnail?panoid=KDb5Ya7H_OrJMqgY1ONQwg\u0026cb_client=maps_sv.tactile.gps\u0026w=224\u0026h=298\u0026yaw=150.53162\u0026pitch=0\u0026thumbfov=100""}]",null,null,"{""link"":"""",""source"":""""}","{""id"":""109669456202602499872"",""name"":""Avokat Denis Sinani - Studio Ligjore - (Owner)"",""link"":""https://www.google.com/maps/contrib/109669456202602499872""}","{""borough"":"""",""street"":""Rruga Komuna e Parisit Pallati 1/1"",""city"":""Tiranë"",""postal_code"":""1001"",""state"":"""",""country"":""AL""}",null,[],null,
dc5180bc-cf0d-48b5-97bd-ea5bdf1953db,https://www.google.com/maps/place/Avokat+Elvis+PRE%C3%87I/data=!4m7!3m6!1s0x135031498e911a47:0xac7bd61b7fff2aeb!8m2!3d41.3422723!4d19.799714!16s%2Fg%2F11vwdvdkpf!19sChIJRxqRjkkxUBMR6yr_fxvWe6w?authuser=0&hl=en&rclk=1,Avokat Elvis PREÇI,Lawyer,"Rruga Ibrahim Pashe Bushatlliu, Tiranë 1057, Albania","{""Friday"":[""8 am–4 pm""],""Monday"":[""8 am–4 pm""],""Saturday"":[""8 am–4 pm""],""Sunday"":[""Closed""],""Thursday"":[""8 am–4 pm""],""Tuesday"":[""8 am–4 pm""],""Wednesday"":[""8 am–4 pm""]}",{},,+355 67 454 8876,"8QRX+WV Tiranë, Albania",14,5.000000,"{""1"":0,""2"":0,""3"":0,""4"":0,""5"":14}",41.342272,19.799714,12428763010258905835,,,,https://lh3.googleusercontent.com/p/AF1QipPNWaCzSjlZrkL7DsTv2fbG9iiRc97sy-As9vPU=w408-h408-k-no,Europe/Tirane,,0x135031498e911a47:0xac7bd61b7fff2aeb,"[{""title"":""All"",""image"":""https://lh3.googleusercontent.com/p/AF1QipPNWaCzSjlZrkL7DsTv2fbG9iiRc97sy-As9vPU=w298-h298-k-no""},{""title"":""By owner"",""image"":""https://lh3.googleusercontent.com/p/AF1QipOgEfC4ttvWCDIrevJyTi3Yivd9pVgaMZj8lv9u=w298-h298-k-no""},{""title"":""Street View \u0026 360°"",""image"":""https://streetviewpixels-pa.googleapis.com/v1/thumbnail?panoid=tInuwJUiXrw0FUnHqP71OA\u0026cb_client=maps_sv.tactile.gps\u0026w=224\u0026h=298\u0026yaw=175.91537\u0026pitch=0\u0026thumbfov=100""}]",null,null,"{""link"":"""",""source"":""""}","{""id"":""117848071007808555827"",""name"":""Avokat Elvis PREÇI (Owner)"",""link"":""https://www.google.com/maps/contrib/117848071007808555827""}","{""borough"":""Tirana 11"",""street"":""Rruga Ibrahim Pashe Bushatlliu"",""city"":""Tiranë"",""postal_code"":""1057"",""state"":"""",""country"":""AL""}",null,[],null,
dc5180bc-cf0d-48b5-97bd-ea5bdf1953db,https://www.google.com/maps/place/AVOKAT+-+LAWYER+ADHURIM+Q.+GASHI/data=!4m7!3m6!1s0x13549f7e2532014f:0x296e8c3bce889819!8m2!3d42.6470513!4d21.1715474!16s%2Fg%2F11pv3j5z2q!19sChIJTwEyJX6fVBMRGZiIzjuMbik?authuser=0&hl=en&rclk=1,AVOKAT - LAWYER ADHURIM Q. GASHI,Lawyer,"Rr: ""B"", Kompleksi Royal, C15/13, Nr.17, Prishtina 10000",{},{},,+383 49 192 372,J5WC+RJ Pristina,3,5.000000,"{""1"":0,""2"":0,""3"":0,""4"":0,""5"":3}",42.647051,21.171547,2985477791489234969,,,,https://lh3.googleusercontent.com/gps-cs-s/AG0ilSzvmTIAasIduPcME3NYqrUtDeje29EhDCOUWSNW5-BWw9L2ZDfRlq-54Gcvz0boUi5wzL3trdtLHROfWIF4HNGtcihxri2DZ3CNCaDy6VQWyaK0knGQCMY3nzdJ0hz1-aYJHO5E=w408-h418-k-no,Europe/Belgrade,,0x13549f7e2532014f:0x296e8c3bce889819,"[{""title"":""All"",""image"":""https://lh3.googleusercontent.com/gps-cs-s/AG0ilSzvmTIAasIduPcME3NYqrUtDeje29EhDCOUWSNW5-BWw9L2ZDfRlq-54Gcvz0boUi5wzL3trdtLHROfWIF4HNGtcihxri2DZ3CNCaDy6VQWyaK0knGQCMY3nzdJ0hz1-aYJHO5E=w290-h298-k-no""},{""title"":""By owner"",""image"":""https://lh3.googleusercontent.com/p/AF1QipNCKWbAk6ApcU5Tds5pjTlZd-JDE-c3KYqaW9N3=w409-h298-k-no""}]",null,null,"{""link"":"""",""source"":""""}","{""id"":""110548637384630425055"",""name"":""AVOKAT - LAWYER ADHURIM Q. GASHI (Owner)"",""link"":""https://www.google.com/maps/contrib/110548637384630425055""}","{""borough"":"""",""street"":""Rr: \""B\"", Kompleksi Royal, C15/13, Nr.17"",""city"":""Pristina"",""postal_code"":""10000"",""state"":"""",""country"":""XK""}","[{""id"":""parking"",""name"":""Parking"",""options"":[{""name"":""Free of charge street parking"",""enabled"":true}]}]",[],null,
dc5180bc-cf0d-48b5-97bd-ea5bdf1953db,https://www.google.com/maps/place/Avokat+Moneta+Kambero/data=!4m7!3m6!1s0x135031001685c5ad:0x7a67cf4c72c63374!8m2!3d41.3272249!4d19.8269299!16s%2Fg%2F11x6nr118h!19sChIJrcWFFgAxUBMRdDPGckzPZ3o?authuser=0&hl=en&rclk=1,Avokat Moneta Kambero,Lawyer,"Bulevardi Zhan D'Ark 37, Tiranë, Albania","{""Friday"":[""8 am–4 pm""],""Monday"":[""8 am–4 pm""],""Saturday"":[""9 am–4 pm""],""Sunday"":[""Closed""],""Thursday"":[""8 am–4 pm""],""Tuesday"":[""8 am–4 pm""],""Wednesday"":[""8 am–4 pm""]}",{},https://avokatneshqiperi.online/,+355 68 497 0068,"8RGG+VQ Tiranë, Albania",16,5.000000,"{""1"":0,""2"":0,""3"":0,""4"":0,""5"":16}",41.327225,19.826930,8820246322478461812,,,,https://streetviewpixels-pa.googleapis.com/v1/thumbnail?panoid=rC2c7B12snc_E6XgvYv5UQ&cb_client=search.gws-prod.gps&w=408&h=240&yaw=306.30276&pitch=0&thumbfov=100,Europe/Tirane,,0x135031001685c5ad:0x7a67cf4c72c63374,"[{""title"":""All"",""image"":""https://streetviewpixels-pa.googleapis.com/v1/thumbnail?panoid=rC2c7B12snc_E6XgvYv5UQ\u0026cb_client=maps_sv.tactile.gps\u0026w=224\u0026h=298\u0026yaw=306.30276\u0026pitch=0\u0026thumbfov=100""},{""title"":""Street View \u0026 360°"",""image"":""https://streetviewpixels-pa.googleapis.com/v1/thumbnail?panoid=rC2c7B12snc_E6XgvYv5UQ\u0026cb_client=maps_sv.tactile.gps\u0026w=224\u0026h=298\u0026yaw=306.30276\u0026pitch=0\u0026thumbfov=100""}]",null,null,"{""link"":"""",""source"":""""}","{""id"":"""",""name"":""Avokat Moneta Kambero (Owner)"",""link"":""""}","{""borough"":"""",""street"":""Bulevardi Zhan D'Ark 37"",""city"":""Tiranë"",""postal_code"":"""",""state"":"""",""country"":""AL""}",null,[],null,
dc5180bc-cf0d-48b5-97bd-ea5bdf1953db,https://www.google.com/maps/place/Avokat+ne+Pogradec+-+Sherbime+Ligjore/data=!4m7!3m6!1s0x135095ee13af735d:0x4b7acaf8f3fbf951!8m2!3d40.903118!4d20.6530631!16s%2Fg%2F11v0tncbk8!19sChIJXXOvE-6VUBMRUfn78_jKeks?authuser=0&hl=en&rclk=1,Avokat ne Pogradec - Sherbime Ligjore,Lawyer,"WM33+66W Avokat ne Pogradec - Sherbime Ligjore, Rruga Kajo Karafili, Pogradec, Albania",{},{},,+355 83 222 951,,1,5.000000,"{""1"":0,""2"":0,""3"":0,""4"":0,""5"":1}",40.903118,20.653063,5438882670597372241,,,,https://streetviewpixels-pa.googleapis.com/v1/thumbnail?panoid=Wm9pqZyzk8YQUD4_tmTFYA&cb_client=search.gws-prod.gps&w=408&h=240&yaw=274.8796&pitch=0&thumbfov=100,Europe/Tirane,,0x135095ee13af735d:0x4b7acaf8f3fbf951,"[{""title"":""All"",""image"":""https://streetviewpixels-pa.googleapis.com/v1/thumbnail?panoid=Wm9pqZyzk8YQUD4_tmTFYA\u0026cb_client=maps_sv.tactile.gps\u0026w=224\u0026h=298\u0026yaw=274.8796\u0026pitch=0\u0026thumbfov=100""},{""title"":""Exterior"",""image"":""https://lh3.googleusercontent.com/gps-cs-s/AG0ilSwVrBjIakfqHF5IshXJ2KkhWj3cEo5iIsq9V_jALANnwuH-WlFgfbDfhmjgWsjVfNZM7I0y_Gd3dAZ9wVORBhNhyO6w1V5QmShHvcFNjtZ4x3JQIWZDw7eU2Xs-h_xyDo1BXdgN3g=w397-h298-k-no""},{""title"":""Street View \u0026 360°"",""image"":""https://streetviewpixels-pa.googleapis.com/v1/thumbnail?panoid=Wm9pqZyzk8YQUD4_tmTFYA\u0026cb_client=maps_sv.tactile.gps\u0026w=224\u0026h=298\u0026yaw=274.8796\u0026pitch=0\u0026thumbfov=100""}]",null,null,"{""link"":"""",""source"":""""}","{""id"":"""",""name"":""Avokat ne Pogradec - Sherbime Ligjore (Owner)"",""link"":""""}","{""borough"":"""",""street"":"""",""city"":"""",""postal_code"":"""",""state"":"""",""country"":""""}","[{""id"":""accessibility"",""name"":""Accessibility"",""options"":[{""name"":""Wheelchair-accessible car park"",""enabled"":true}]},{""id"":""amenities"",""name"":""Amenities"",""options"":[{""name"":""Toilet"",""enabled"":true}]}]",[],null,
dc5180bc-cf0d-48b5-97bd-ea5bdf1953db,https://www.google.com/maps/place/Avokat+n%C3%AB+Kor%C3%A7%C3%AB+-+Besmir+Nure/data=!4m7!3m6!1s0x135a0bab85ecd2bf:0x7670dc39e2bbd680!8m2!3d40.6145665!4d20.7768295!16s%2Fg%2F11k4247r2v!19sChIJv9LshasLWhMRgNa74jnccHY?authuser=0&hl=en&rclk=1,Avokat në Korçë - Besmir Nure,Law firm,"JQ7M+82X Avokat në Korçë - Besmir Nure, Rruga 28 Nentori, Korçë 7001, Albania","{""Friday"":[""8 am–4 pm""],""Monday"":[""8 am–5 pm""],""Saturday"":[""8 am–12 pm""],""Sunday"":[""8–10 am""],""Thursday"":[""8 am–4 pm""],""Tuesday"":[""7 am–3 pm""],""Wednesday"":[""8 am–4 pm""]}",{},http://kerkojavokat.com/,+355 68 604 2370,,46,5.000000,"{""1"":0,""2"":0,""3"":0,""4"":0,""5"":46}",40.614566,20.776829,8534563435042297472,,,,https://streetviewpixels-pa.googleapis.com/v1/thumbnail?panoid=OwN0jvlMT0MD4OHYtUKiXQ&cb_client=search.gws-prod.gps&w=408&h=240&yaw=85.66384&pitch=0&thumbfov=100,Europe/Tirane,,0x135a0bab85ecd2bf:0x7670dc39e2bbd680,"[{""title"":""All"",""image"":""https://streetviewpixels-pa.googleapis.com/v1/thumbnail?panoid=OwN0jvlMT0MD4OHYtUKiXQ\u0026cb_client=maps_sv.tactile.gps\u0026w=224\u0026h=298\u0026yaw=85.66384\u0026pitch=0\u0026thumbfov=100""},{""title"":""Exterior"",""image"":""https://lh3.googleusercontent.com/p/AF1QipMqg4SAaYrZofwPZx4GvPUHY9dnjMPTALj9f3vp=w529-h298-k-no""},{""title"":""By owner"",""image"":""https://lh3.googleusercontent.com/p/AF1QipMmeHqNcH_HSmYlVRO2cwNlDj-gu2kg0rW-p-nu=w446-h298-k-no""},{""title"":""Street View \u0026 360°"",""image"":""https://streetviewpixels-pa.googleapis.com/v1/thumbnail?panoid=OwN0jvlMT0MD4OHYtUKiXQ\u0026cb_client=maps_sv.tactile.gps\u0026w=224\u0026h=298\u0026yaw=85.66384\u0026pitch=0\u0026thumbfov=100""}]",null,null,"{""link"":"""",""source"":""""}","{""id"":""101593054243465339462"",""name"":""Avokat në Korçë - Besmir Nure (Owner)"",""link"":""https://www.google.com/maps/contrib/101593054243465339462""}","{""borough"":"""",""street"":""JQ7M+82X, Rruga 28 Nentori"",""city"":""Korçë"",""postal_code"":""7001"",""state"":"""",""country"":""AL""}",null,[],null,
dc5180bc-cf0d-48b5-97bd-ea5bdf1953db,https://www.google.com/maps/place/Avokat+Arsim+Krasniqi/data=!4m7!3m6!1s0x13549f953e202d9d:0xecfb20571d6d959d!8m2!3d42.650086!4d21.1584353!16s%2Fg%2F11l20bvmb1!19sChIJnS0gPpWfVBMRnZVtHVcg--w?authuser=0&hl=en&rclk=1,Avokat Arsim Krasniqi,Law firm,"Bulevardi Dëshmorët e Kombit, Prishtina 10000",{},{},,+383 45 666 641,M525+29 Pristina,8,5.000000,"{""1"":0,""2"":0,""3"":0,""4"":0,""5"":8}",42.650086,21.158435,17076277970633332125,,,,https://lh3.googleusercontent.com/p/AF1QipMBfUIskMxHG_gh2OfJiGCb6okWZvl5GpE0BPuG=w408-h544-k-no,Europe/Belgrade,,0x13549f953e202d9d:0xecfb20571d6d959d,"[{""title"":""All"",""image"":""https://lh3.googleusercontent.com/p/AF1QipMBfUIskMxHG_gh2OfJiGCb6okWZvl5GpE0BPuG=w224-h298-k-no""},{""title"":""By owner"",""image"":""https://lh3.googleusercontent.com/p/AF1QipP1MLVyVT39Nk0yxRKxBp47cxz4TFPDuL_WdCHN=w298-h298-k-no""}]",null,null,"{""link"":"""",""source"":""""}","{""id"":""117155111922920665013"",""name"":""Avokat Arsim Krasniqi (Owner)"",""link"":""https://www.google.com/maps/contrib/117155111922920665013""}","{""borough"":"""",""street"":""Bulevardi Dëshmorët e Kombit"",""city"":""Pristina"",""postal_code"":""10000"",""state"":"""",""country"":""XK""}",null,[],null,
dc5180bc-cf0d-48b5-97bd-ea5bdf1953db,https://www.google.com/maps/place/Anwalt+f%C3%BCr+Arbeitsrecht+-+Die+K%C3%BCndigungsschutzkanzlei/data=!4m7!3m6!1s0x47bd0f30ba5a4cb9:0xc1b27d5ccaa6b0c4!8m2!3d50.1146725!4d8.6918003!16s%2Fg%2F11sn_b_5l_!19sChIJuUxaujAPvUcRxLCmylx9ssE?authuser=0&hl=en&rclk=1,Anwalt für Arbeitsrecht - Die Kündigungsschutzkanzlei,Labor relations attorney,"Zeil 13/1. OG, 60313 Frankfurt am Main","{""Friday"":[""7 am–10 pm""],""Monday"":[""7 am–10 pm""],""Saturday"":[""Closed""],""Sunday"":[""Closed""],""Thursday"":[""7 am–10 pm""],""Tuesday"":[""7 am–10 pm""],""Wednesday"":[""7 am–10 pm""]}",{},https://www.die-kuendigungsschutzkanzlei.de/beratungsbueros/frankfurt/,069 989399880,4M7R+VP Frankfurt am Main,37,5.000000,"{""1"":0,""2"":0,""3"":0,""4"":0,""5"":37}",50.114672,8.691800,13957356032664973508,,,,https://lh3.googleusercontent.com/p/AF1QipPUcN3mLNRJ6BRtMfenvbqbf3bwYeHucAcwIxQw=w408-h408-k-no,Europe/Berlin,,0x47bd0f30ba5a4cb9:0xc1b27d5ccaa6b0c4,"[{""title"":""All"",""image"":""https://lh3.googleusercontent.com/p/AF1QipPUcN3mLNRJ6BRtMfenvbqbf3bwYeHucAcwIxQw=w298-h298-k-no""},{""title"":""Inside"",""image"":""https://lh3.googleusercontent.com/p/AF1QipPPpO37xA7vAD_rczFBP2Nai_jlRoR5kL6O4o-K=w298-h298-k-no""},{""title"":""By owner"",""image"":""https://lh3.googleusercontent.com/p/AF1QipOo0d5a717_I6qd45JpOY4d6m9vorwLD2ziVteJ=w298-h298-k-no""},{""title"":""Street View \u0026 360°"",""image"":""https://streetviewpixels-pa.googleapis.com/v1/thumbnail?panoid=TqQc0gqlCTdT8S9SbZ93aQ\u0026cb_client=maps_sv.tactile.gps\u0026w=224\u0026h=298\u0026yaw=298.96603\u0026pitch=0\u0026thumbfov=100""}]",null,null,"{""link"":"""",""source"":""""}","{""id"":""110991115000318530211"",""name"":""Anwalt für Arbeitsrecht - Die Kündigungsschutzkanzlei (Owner)"",""link"":""https://www.google.com/maps/contrib/110991115000318530211""}","{""borough"":""Innenstadt I"",""street"":""Zeil 13/1. OG"",""city"":""Frankfurt am Main"",""postal_code"":""60313"",""state"":"""",""country"":""DE""}","[{""id"":""service_options"",""name"":""Service options"",""options"":[{""name"":""Online appointments"",""enabled"":true},{""name"":""On-site services"",""enabled"":true}]},{""id"":""amenities"",""name"":""Amenities"",""options"":[{""name"":""Toilet"",""enabled"":true}]},{""id"":""planning"",""name"":""Planning"",""options"":[{""name"":""Appointments recommended"",""enabled"":true}]}]",[],null,
dc5180bc-cf0d-48b5-97bd-ea5bdf1953db,https://www.google.com/maps/place/Avokat+Klodian+%28Hajrip%29+Krasniqi/data=!4m7!3m6!1s0x1353953e7933fbbf:0xc7f41aa3d586f961!8m2!3d42.2113162!4d20.7321035!16s%2Fg%2F11trghsj18!19sChIJv_szeT6VUxMRYfmG1aMa9Mc?authuser=0&hl=en&rclk=1,Avokat Klodian (Hajrip) Krasniqi,Lawyer,"nr. 10 De Rada, Prizren 20000",{},{},,+383 44 415 767,6P6J+GR Prizren,2,5.000000,"{""1"":0,""2"":0,""3"":0,""4"":0,""5"":2}",42.211316,20.732103,14408170398829443425,,,,https://lh3.googleusercontent.com/p/AF1QipPc5AZPPLztqoVm_na690f2ilDcYCyUbYVFiaVG=w502-h240-k-no,Europe/Belgrade,,0x1353953e7933fbbf:0xc7f41aa3d586f961,"[{""title"":""All"",""image"":""https://lh3.googleusercontent.com/p/AF1QipPc5AZPPLztqoVm_na690f2ilDcYCyUbYVFiaVG=w624-h298-k-no""},{""title"":""By owner"",""image"":""https://lh3.googleusercontent.com/p/AF1QipOln2-AE-ZY93BFZ1kGc5M67rWKce3WfEqYOB39=w397-h298-k-no""}]",null,null,"{""link"":"""",""source"":""""}","{""id"":""105002956512928317570"",""name"":""Avokat Klodian (Hajrip) Krasniqi (Owner)"",""link"":""https://www.google.com/maps/contrib/105002956512928317570""}","{""borough"":"""",""street"":""nr. 10 De Rada"",""city"":""Prizren"",""postal_code"":""20000"",""state"":"""",""country"":""XK""}",null,[],null,
dc5180bc-cf0d-48b5-97bd-ea5bdf1953db,https://www.google.com/maps/place/Avokat+Ferit+Ram%C3%A7i+%22Kamez%22/data=!4m7!3m6!1s0x13502d9e1853aeb7:0xa1a21cdcd39e5cbc!8m2!3d41.3828371!4d19.7580335!16s%2Fg%2F11nxzdj784!19sChIJt65TGJ4tUBMRvFye09wcoqE?authuser=0&hl=en&rclk=1,"Avokat Ferit Ramçi ""Kamez""",Lawyer,"Rruga Skënderbeu, Kamëz 1030, Albania",{},"{""Friday"":{""10"":30,""11"":38,""12"":38,""13"":30,""14"":53,""15"":46,""16"":69,""17"":53,""18"":61,""19"":30,""20"":0,""21"":0,""22"":0,""23"":0,""6"":0,""7"":69,""8"":46,""9"":30},""Monday"":{""10"":46,""11"":38,""12"":30,""13"":69,""14"":53,""15"":38,""16"":23,""17"":30,""18"":38,""19"":61,""20"":0,""21"":0,""22"":0,""23"":0,""6"":0,""7"":46,""8"":61,""9"":61},""Saturday"":{""10"":0,""11"":7,""12"":30,""13"":38,""14"":46,""15"":46,""16"":38,""17"":46,""18"":84,""19"":76,""20"":0,""21"":0,""22"":0,""23"":0,""6"":0,""7"":84,""8"":53,""9"":15},""Sunday"":{},""Thursday"":{""10"":61,""11"":69,""12"":61,""13"":69,""14"":61,""15"":46,""16"":46,""17"":61,""18"":69,""19"":46,""20"":0,""21"":0,""22"":0,""23"":0,""6"":0,""7"":38,""8"":61,""9"":69},""Tuesday"":{""10"":100,""11"":84,""12"":69,""13"":61,""14"":69,""15"":53,""16"":30,""17"":23,""18"":30,""19"":30,""20"":0,""21"":0,""22"":0,""23"":0,""6"":0,""7"":92,""8"":92,""9"":92},""Wednesday"":{""10"":46,""11"":46,""12"":46,""13"":38,""14"":23,""15"":38,""16"":46,""17"":61,""18"":38,""19"":46,""20"":0,""21"":0,""22"":0,""23"":0,""6"":0,""7"":30,""8"":46,""9"":46}}",,+355 69 966 3688,"9QM5+46 Kamëz, Albania",3,5.000000,"{""1"":0,""2"":0,""3"":0,""4"":0,""5"":3}",41.382837,19.758033,11646903321102277820,,,,https://lh3.googleusercontent.com/p/AF1QipOd1sJDFie8rhYajcJ9vA505qM6yNNhicxTYEgo=w408-h904-k-no,Europe/Tirane,,0x13502d9e1853aeb7:0xa1a21cdcd39e5cbc,"[{""title"":""All"",""image"":""https://lh3.googleusercontent.com/p/AF1QipOd1sJDFie8rhYajcJ9vA505qM6yNNhicxTYEgo=w224-h496-k-no""},{""title"":""Exterior"",""image"":""https://lh3.googleusercontent.com/p/AF1QipOahFfmv6wY2vwL3ytKO4EgH0jUhH3P9CFIYQ_n=w224-h298-k-no""},{""title"":""By owner"",""image"":""https://lh3.googleusercontent.com/p/AF1QipM7D9S9ktAVlkanzRzthJekn2Ly1m9CrWAG91zc=w528-h298-k-no""},{""title"":""Street View \u0026 360°"",""image"":""https://streetviewpixels-pa.googleapis.com/v1/thumbnail?panoid=oEPe1sjGK64EulovNpmKTA\u0026cb_client=maps_sv.tactile.gps\u0026w=224\u0026h=298\u0026yaw=338.53906\u0026pitch=0\u0026thumbfov=100""}]",null,null,"{""link"":"""",""source"":""""}","{""id"":""112426673836252872038"",""name"":""Avokat Ferit Ramçi \""Kamez\"" (Owner)"",""link"":""https://www.google.com/maps/contrib/112426673836252872038""}","{""borough"":"""",""street"":""Rruga Skënderbeu"",""city"":""Kamëz"",""postal_code"":""1030"",""state"":"""",""country"":""AL""}","[{""id"":""accessibility"",""name"":""Accessibility"",""options"":[{""name"":""Wheelchair-accessible car park"",""enabled"":true},{""name"":""Wheelchair-accessible entrance"",""enabled"":true},{""name"":""Wheelchair-accessible toilet"",""enabled"":true}]},{""id"":""amenities"",""name"":""Amenities"",""options"":[{""name"":""Toilet"",""enabled"":true}]}]",[],null,
dc5180bc-cf0d-48b5-97bd-ea5bdf1953db,https://www.google.com/maps/place/Avokat+Besnik+Gega/data=!4m7!3m6!1s0x1350313b58e744c3:0xd4fb40e6770c9c49!8m2!3d41.3215137!4d19.8073504!16s%2Fg%2F11n06_pnv3!19sChIJw0TnWDsxUBMRSZwMd-ZA-9Q?authuser=0&hl=en&rclk=1,Avokat Besnik Gega,Law firm,"8RC4+JW5 Avokat Besnik Gega, Bajram Curri Blvd, Tiranë, Albania","{""Friday"":[""9 am–4 pm""],""Monday"":[""9 am–4 pm""],""Saturday"":[""9 am–4 pm""],""Sunday"":[""Closed""],""Thursday"":[""9 am–4 pm""],""Tuesday"":[""9 am–4 pm""],""Wednesday"":[""9 am–4 pm""]}",{},,+355 69 545 1054,,4,4.800000,"{""1"":0,""2"":0,""3"":0,""4"":1,""5"":3}",41.321514,19.807350,15346931513779067977,,,,https://lh3.googleusercontent.com/gps-cs-s/AG0ilSztdndBCF702S1cHqj2BMZhQ_kFv0qYBDyqVwe_r_3WAp3_HH8wp5k6mRhmFLA8OfdiLGBYuQnRQHECQJRe-thkK9pdDGGpkeEg86nXwt4GPHayUFPvoSTRWMQ4iYuC2J1Dz2t57g=w452-h240-k-no,Europe/Tirane,,0x1350313b58e744c3:0xd4fb40e6770c9c49,"[{""title"":""All"",""image"":""https://lh3.googleusercontent.com/gps-cs-s/AG0ilSztdndBCF702S1cHqj2BMZhQ_kFv0qYBDyqVwe_r_3WAp3_HH8wp5k6mRhmFLA8OfdiLGBYuQnRQHECQJRe-thkK9pdDGGpkeEg86nXwt4GPHayUFPvoSTRWMQ4iYuC2J1Dz2t57g=w561-h298-k-no""},{""title"":""Exterior"",""image"":""https://lh3.googleusercontent.com/gps-cs-s/AG0ilSxaAcMZGNrz-cvV8BgNQmiTb4DoJ0fkiSRpAW7GOWa2clxl0tvox7AG2S6DuxHTP5-uttzB05XtnNG-AO27nXA3QDCanYDdHnLYBV6NdCEK9qtVgg1I_3BKmElc_5y5NdJYOjGw=w304-h298-k-no""},{""title"":""Street View \u0026 360°"",""image"":""https://streetviewpixels-pa.googleapis.com/v1/thumbnail?panoid=GeGyzTLSKcJy4VpQGWRMiw\u0026cb_client=maps_sv.tactile.gps\u0026w=224\u0026h=298\u0026yaw=191.15894\u0026pitch=0\u0026thumbfov=100""}]",null,null,"{""link"":"""",""source"":""""}","{""id"":"""",""name"":""Avokat Besnik Gega (Owner)"",""link"":""""}","{""borough"":"""",""street"":""8RC4+JW5, Bajram Curri Blvd"",""city"":""Tiranë"",""postal_code"":"""",""state"":"""",""country"":""AL""}",null,[],null,
dc5180bc-cf0d-48b5-97bd-ea5bdf1953db,https://www.google.com/maps/place/Varaku+Law+%28Avokat%29+Tirane/data=!4m7!3m6!1s0x13503178c9e5e2bb:0xc29ddcd9380a23a6!8m2!3d41.3264514!4d19.8010179!16s%2Fg%2F11lnwryqtm!19sChIJu-LlyXgxUBMRpiMKONncncI?authuser=0&hl=en&rclk=1,Varaku Law (Avokat) Tirane,Lawyer,"Rruga Frosina Plaku, Tiranë 1001, Albania",{},"{""Friday"":{""0"":78,""1"":64,""10"":35,""11"":14,""12"":7,""13"":21,""14"":35,""15"":50,""16"":42,""17"":42,""18"":21,""19"":35,""2"":71,""20"":28,""21"":28,""22"":21,""23"":21,""3"":64,""4"":57,""5"":50,""6"":28,""7"":42,""8"":57,""9"":57},""Monday"":{""0"":92,""1"":64,""10"":21,""11"":21,""12"":35,""13"":42,""14"":78,""15"":78,""16"":64,""17"":50,""18"":78,""19"":64,""2"":28,""20"":64,""21"":42,""22"":42,""23"":35,""3"":14,""4"":7,""5"":7,""6"":7,""7"":21,""8"":14,""9"":21},""Saturday"":{},""Sunday"":{},""Thursday"":{""0"":64,""1"":85,""10"":78,""11"":100,""12"":71,""13"":57,""14"":42,""15"":35,""16"":57,""17"":57,""18"":57,""19"":42,""2"":78,""20"":57,""21"":78,""22"":78,""23"":78,""3"":50,""4"":57,""5"":42,""6"":35,""7"":28,""8"":42,""9"":57},""Tuesday"":{""0"":28,""1"":28,""10"":42,""11"":64,""12"":78,""13"":78,""14"":78,""15"":57,""16"":50,""17"":21,""18"":35,""19"":28,""2"":28,""20"":14,""21"":28,""22"":21,""23"":21,""3"":21,""4"":71,""5"":71,""6"":35,""7"":7,""8"":7,""9"":28},""Wednesday"":{""0"":21,""1"":64,""10"":50,""11"":28,""12"":28,""13"":28,""14"":42,""15"":50,""16"":42,""17"":42,""18"":50,""19"":50,""2"":64,""20"":64,""21"":42,""22"":42,""23"":42,""3"":78,""4"":35,""5"":28,""6"":35,""7"":35,""8"":28,""9"":28}}",http://avokat.com.al/,+355 68 516 1111,"8RG2+HC Tiranë, Albania",0,0.000000,"{""1"":0,""2"":0,""3"":0,""4"":0,""5"":0}",41.326451,19.801018,14023607640207795110,,,,https://streetviewpixels-pa.googleapis.com/v1/thumbnail?panoid=wGTC-KOgbZEV7EoEHbavTA&cb_client=search.gws-prod.gps&w=408&h=240&yaw=289.77228&pitch=0&thumbfov=100,Europe/Tirane,,0x13503178c9e5e2bb:0xc29ddcd9380a23a6,"[{""title"":""All"",""image"":""https://streetviewpixels-pa.googleapis.com/v1/thumbnail?panoid=wGTC-KOgbZEV7EoEHbavTA\u0026cb_client=maps_sv.tactile.gps\u0026w=224\u0026h=298\u0026yaw=289.77228\u0026pitch=0\u0026thumbfov=100""},{""title"":""Street View \u0026 360°"",""image"":""https://streetviewpixels-pa.googleapis.com/v1/thumbnail?panoid=wGTC-KOgbZEV7EoEHbavTA\u0026cb_client=maps_sv.tactile.gps\u0026w=224\u0026h=298\u0026yaw=289.77228\u0026pitch=0\u0026thumbfov=100""}]",null,null,"{""link"":"""",""source"":""""}","{""id"":""104753123573961972237"",""name"":""Varaku Law (Avokat) Tirane (Owner)"",""link"":""https://www.google.com/maps/contrib/104753123573961972237""}","{""borough"":"""",""street"":""Rruga Frosina Plaku"",""city"":""Tiranë"",""postal_code"":""1001"",""state"":"""",""country"":""AL""}","[{""id"":""service_options"",""name"":""Service options"",""options"":[{""name"":""On-site services"",""enabled"":true},{""name"":""Online appointments"",""enabled"":false}]},{""id"":""accessibility"",""name"":""Accessibility"",""options"":[{""name"":""Assistive hearing loop"",""enabled"":true},{""name"":""Wheelchair-accessible seating"",""enabled"":true},{""name"":""Wheelchair-accessible toilet"",""enabled"":true}]},{""id"":""amenities"",""name"":""Amenities"",""options"":[{""name"":""Toilet"",""enabled"":true}]},{""id"":""planning"",""name"":""Planning"",""options"":[{""name"":""Appointment required"",""enabled"":true}]},{""id"":""parking"",""name"":""Parking"",""options"":[{""name"":""Free multi-storey car park"",""enabled"":true},{""name"":""Free of charge street parking"",""enabled"":true},{""name"":""Free parking lot"",""enabled"":true},{""name"":""On-site parking"",""enabled"":true},{""name"":""Paid multi-storey car park"",""enabled"":true},{""name"":""Paid parking lot"",""enabled"":true},{""name"":""Paid street parking"",""enabled"":true}]}]",[],null,
dc5180bc-cf0d-48b5-97bd-ea5bdf1953db,https://www.google.com/maps/place/Avokat+ne+Vlore+-+Atrida+Shaho+%28Demiraj%29/data=!4m7!3m6!1s0x1345336dfe82492f:0x47609f1aa76be63b!8m2!3d40.4647714!4d19.4917055!16s%2Fg%2F11swpj4sk6!19sChIJL0mC_m0zRRMRO-ZrpxqfYEc?authuser=0&hl=en&rclk=1,Avokat ne Vlore - Atrida Shaho (Demiraj),Law firm,"L ""Hajro Cakerri, Rr ""Sulejman, Delvina 9401, Albania","{""Friday"":[""8 am–5 pm""],""Monday"":[""8 am–5 pm""],""Saturday"":[""9 am–12 pm""],""Sunday"":[""9 am–12 pm""],""Thursday"":[""8 am–5 pm""],""Tuesday"":[""8 am–5 pm""],""Wednesday"":[""8 am–5 pm""]}",{},https://demirajatrida.wixsite.com/avokate-atrida-shaho,+355 69 662 9134,"FF7R+WM Vlorë, Albania",31,5.000000,"{""1"":0,""2"":0,""3"":0,""4"":0,""5"":31}",40.464771,19.491705,5143285711283938875,,,,https://lh3.googleusercontent.com/p/AF1QipOV3s6fvqQHN9f3AN3G5v8TmFCXA0Og5upxe4lk=w408-h654-k-no,Europe/Tirane,,0x1345336dfe82492f:0x47609f1aa76be63b,"[{""title"":""All"",""image"":""https://lh3.googleusercontent.com/p/AF1QipOV3s6fvqQHN9f3AN3G5v8TmFCXA0Og5upxe4lk=w224-h359-k-no""},{""title"":""By owner"",""image"":""https://lh3.googleusercontent.com/p/AF1QipPoBqq-4x8DiYpSCXYgIwu90VfBNYPKJoO5gte6=w298-h298-k-no""}]",null,null,"{""link"":"""",""source"":""""}","{""id"":""116443661549488367816"",""name"":""Avokat ne Vlore - Atrida Shaho (Demiraj) (Owner)"",""link"":""https://www.google.com/maps/contrib/116443661549488367816""}","{""borough"":"""",""street"":""L \""Hajro Cakerri, Rr \""Sulejman"",""city"":""Delvina"",""postal_code"":""9401"",""state"":"""",""country"":""AL""}","[{""id"":""from_the_business"",""name"":""From the business"",""options"":[{""name"":""Identifies as women-owned"",""enabled"":true}]},{""id"":""service_options"",""name"":""Service options"",""options"":[{""name"":""Online appointments"",""enabled"":true}]}]",[],null,
dc5180bc-cf0d-48b5-97bd-ea5bdf1953db,https://www.google.com/maps/place/Avokat+Lawyer+Skender+Musa/data=!4m7!3m6!1s0x13549f116577ca6f:0x583894aa1a86f7dc!8m2!3d42.6592539!4d21.1584885!16s%2Fg%2F11rwt9xskq!19sChIJb8p3ZRGfVBMR3PeGGqqUOFg?authuser=0&hl=en&rclk=1,Avokat Lawyer Skender Musa,Law firm,"Garibaldi 17/8 Prishtinë XK XK, 10000","{""Friday"":[""7:30 am–5 pm""],""Monday"":[""7:30 am–5 pm""],""Saturday"":[""Closed""],""Sunday"":[""Closed""],""Thursday"":[""7:30 am–5 pm""],""Tuesday"":[""7:30 am–5 pm""],""Wednesday"":[""7:30 am–5 pm""]}",{},,+383 44 196 650,M555+P9 Pristina,1,5.000000,"{""1"":0,""2"":0,""3"":0,""4"":0,""5"":1}",42.659254,21.158489,6356994332343859164,,,,,Europe/Belgrade,,0x13549f116577ca6f:0x583894aa1a86f7dc,[],null,null,"{""link"":"""",""source"":""""}","{""id"":"""",""name"":""Avokat Lawyer Skender Musa (Owner)"",""link"":""""}","{""borough"":"""",""street"":""Garibaldi 17/8 Prishtinë XK XK"",""city"":""Pristina"",""postal_code"":""10000"",""state"":"""",""country"":""XK""}",null,[],null,
dc5180bc-cf0d-48b5-97bd-ea5bdf1953db,https://www.google.com/maps/place/Avokat+Arben+Shushi/data=!4m7!3m6!1s0x135a0b03759a7059:0xf424d5b68aee3b13!8m2!3d40.6131235!4d20.7863583!16s%2Fg%2F11y7f2y63v!19sChIJWXCadQMLWhMREzvuirbVJPQ?authuser=0&hl=en&rclk=1,Avokat Arben Shushi,Law firm,"Nene Tereza, Korçë 7001, Albania","{""Friday"":[""9 am–3 pm"",""7–11 pm""],""Monday"":[""9 am–3 pm"",""7–11 pm""],""Saturday"":[""9 am–3 pm"",""7–11 pm""],""Sunday"":[""Closed""],""Thursday"":[""9 am–3 pm"",""7–11 pm""],""Tuesday"":[""9 am–3 pm"",""7–11 pm""],""Wednesday"":[""9 am–3 pm"",""7–11 pm""]}",{},,+355 69 207 1007,"JQ7P+6G Korçë, Albania",4,5.000000,"{""1"":0,""2"":0,""3"":0,""4"":0,""5"":4}",40.613124,20.786358,17592421024407632659,,,,https://streetviewpixels-pa.googleapis.com/v1/thumbnail?panoid=Hf98_VgAs9xrfJeP0VuFHA&cb_client=search.gws-prod.gps&w=408&h=240&yaw=305.71033&pitch=0&thumbfov=100,Europe/Tirane,,0x135a0b03759a7059:0xf424d5b68aee3b13,"[{""title"":""All"",""image"":""https://streetviewpixels-pa.googleapis.com/v1/thumbnail?panoid=Hf98_VgAs9xrfJeP0VuFHA\u0026cb_client=maps_sv.tactile.gps\u0026w=224\u0026h=298\u0026yaw=305.71033\u0026pitch=0\u0026thumbfov=100""},{""title"":""Street View \u0026 360°"",""image"":""https://streetviewpixels-pa.googleapis.com/v1/thumbnail?panoid=Hf98_VgAs9xrfJeP0VuFHA\u0026cb_client=maps_sv.tactile.gps\u0026w=224\u0026h=298\u0026yaw=305.71033\u0026pitch=0\u0026thumbfov=100""}]",null,null,"{""link"":"""",""source"":""""}","{""id"":""111988133577322581833"",""name"":""Avokat Arben Shushi (Owner)"",""link"":""https://www.google.com/maps/contrib/111988133577322581833""}","{""borough"":"""",""street"":""Nene Tereza"",""city"":""Korçë"",""postal_code"":""7001"",""state"":"""",""country"":""AL""}","[{""id"":""service_options"",""name"":""Service options"",""options"":[{""name"":""On-site services"",""enabled"":true}]}]",[],null,
dc5180bc-cf0d-48b5-97bd-ea5bdf1953db,https://www.google.com/maps/place/Avokat+Arjan+Mu%C3%A7a/data=!4m7!3m6!1s0x13503181aaeba065:0x4fdab2142c33c749!8m2!3d41.3267334!4d19.8248417!16s%2Fg%2F11vz1jyqxs!19sChIJZaDrqoExUBMRScczLBSy2k8?authuser=0&hl=en&rclk=1,Avokat Arjan Muça,Lawyer,"Rr. George W. Bush Nr. 50, Tiranë 1010, Albania",{},{},,+355 69 685 4843,"8RGF+MW Tiranë, Albania",4,5.000000,"{""1"":0,""2"":0,""3"":0,""4"":0,""5"":4}",41.326733,19.824842,5754107273629910857,,,,https://streetviewpixels-pa.googleapis.com/v1/thumbnail?panoid=L_v7Eey51xFlVFG_3oceLQ&cb_client=search.gws-prod.gps&w=408&h=240&yaw=48.46919&pitch=0&thumbfov=100,Europe/Tirane,,0x13503181aaeba065:0x4fdab2142c33c749,"[{""title"":""All"",""image"":""https://streetviewpixels-pa.googleapis.com/v1/thumbnail?panoid=L_v7Eey51xFlVFG_3oceLQ\u0026cb_client=maps_sv.tactile.gps\u0026w=224\u0026h=298\u0026yaw=48.46919\u0026pitch=0\u0026thumbfov=100""},{""title"":""By owner"",""image"":""https://lh3.googleusercontent.com/p/AF1QipPPhWxnMkCJqMLig4jvmjUbsvpr1Pk2VmdsqtQP=w298-h298-k-no""},{""title"":""Street View \u0026 360°"",""image"":""https://streetviewpixels-pa.googleapis.com/v1/thumbnail?panoid=L_v7Eey51xFlVFG_3oceLQ\u0026cb_client=maps_sv.tactile.gps\u0026w=224\u0026h=298\u0026yaw=48.46919\u0026pitch=0\u0026thumbfov=100""}]",null,null,"{""link"":"""",""source"":""""}","{""id"":""106770697737833921615"",""name"":""Avokat Arjan Muça (Owner)"",""link"":""https://www.google.com/maps/contrib/106770697737833921615""}","{""borough"":"""",""street"":""Rr. George W. Bush Nr. 50"",""city"":""Tiranë"",""postal_code"":""1010"",""state"":"""",""country"":""AL""}",null,[],null,
dc5180bc-cf0d-48b5-97bd-ea5bdf1953db,https://www.google.com/maps/place/Avokat+ne+Vlore+-+Suela+Hyseni/data=!4m7!3m6!1s0x134533d6ac3482d5:0x54a023218ef9e823!8m2!3d40.4647942!4d19.4916574!16s%2Fg%2F11t53f58b0!19sChIJ1YI0rNYzRRMRI-j5jiEjoFQ?authuser=0&hl=en&rclk=1,Avokat ne Vlore - Suela Hyseni,Legal services,"Lagjja ""Hajro Cakerri, Rruga Sulejman Delvina, Vlorë 9401, Albania",{},{},,+355 68 551 3238,"FF7R+WM Vlorë, Albania",36,5.000000,"{""1"":0,""2"":0,""3"":0,""4"":0,""5"":36}",40.464794,19.491657,6097912522499287075,,,,https://lh3.googleusercontent.com/p/AF1QipPsMQIsDhdixR58kDZM-OGX7RkOdrQZcb88MUqa=w426-h240-k-no,Europe/Tirane,,0x134533d6ac3482d5:0x54a023218ef9e823,"[{""title"":""All"",""image"":""https://lh3.googleusercontent.com/p/AF1QipPsMQIsDhdixR58kDZM-OGX7RkOdrQZcb88MUqa=w529-h298-k-no""},{""title"":""Inside"",""image"":""https://lh3.googleusercontent.com/p/AF1QipO05nWhRfujLqr0IPzqzqt7Urb1l0DysNgSkx5W=w529-h298-k-no""},{""title"":""By owner"",""image"":""https://lh3.googleusercontent.com/p/AF1QipOhx2gXjOpiqru2I9nyibZb0fCC2wkmLt7MbiYx=w529-h298-k-no""}]",null,null,"{""link"":"""",""source"":""""}","{""id"":""107478433517918102622"",""name"":""Avokat ne Vlore - Suela Hyseni (Owner)"",""link"":""https://www.google.com/maps/contrib/107478433517918102622""}","{""borough"":"""",""street"":""Lagjja \""Hajro Cakerri, Rruga Sulejman Delvina"",""city"":""Vlorë"",""postal_code"":""9401"",""state"":"""",""country"":""AL""}",null,[],null,
dc5180bc-cf0d-48b5-97bd-ea5bdf1953db,https://www.google.com/maps/place/Avokat+Avni+Leci/data=!4m7!3m6!1s0x13549f5b8da18655:0xc529c819c9fac0c2!8m2!3d42.6522645!4d21.1536803!16s%2Fg%2F11rrp2slw_!19sChIJVYahjVufVBMRwsD6yRnIKcU?authuser=0&hl=en&rclk=1,Avokat Avni Leci,Lawyer,"Rr Idriz Gjilani, Prishtina 10000","{""Friday"":[""8 am–4 pm""],""Monday"":[""8 am–4 pm""],""Saturday"":[""Closed""],""Sunday"":[""Closed""],""Thursday"":[""8 am–4 pm""],""Tuesday"":[""8 am–4 pm""],""Wednesday"":[""8 am–4 pm""]}",{},,+383 45 622 233,M523+WF Pristina,1,5.000000,"{""1"":0,""2"":0,""3"":0,""4"":0,""5"":1}",42.652265,21.153680,14207106512605331650,,,,https://lh3.googleusercontent.com/p/AF1QipOMpaQOAB2JYRnb8W7XKTUwtKfcdcPNkKa26eZk=w408-h884-k-no,Europe/Belgrade,,0x13549f5b8da18655:0xc529c819c9fac0c2,"[{""title"":""All"",""image"":""https://lh3.googleusercontent.com/p/AF1QipOMpaQOAB2JYRnb8W7XKTUwtKfcdcPNkKa26eZk=w224-h485-k-no""},{""title"":""By owner"",""image"":""https://lh3.googleusercontent.com/p/AF1QipN6dblQhInOOTKyQh6EKHu7MwBPxXnfRyhr6nva=w298-h298-k-no""},{""title"":""Videos"",""image"":""https://lh3.googleusercontent.com/gps-cs-s/AG0ilSznqGLlv07p7Y9JshEeB-et28vd0JWS6Y3svWiNB1vXMWURd3nU0pHsGfnWV-HiSSXRktC4g2skaRkymCKLhNxGp8mea_chGbwLjdjuRGUYbdq8cxEup5ePQBRUplAvlzEA2Dw_JJ3Bn_-l=w534-h298-k-no""}]",null,null,"{""link"":"""",""source"":""""}","{""id"":""105609008186201953164"",""name"":""Avokat Avni Leci (Owner)"",""link"":""https://www.google.com/maps/contrib/105609008186201953164""}","{""borough"":"""",""street"":""Rr Idriz Gjilani"",""city"":""Pristina"",""postal_code"":""10000"",""state"":"""",""country"":""XK""}","[{""id"":""amenities"",""name"":""Amenities"",""options"":[{""name"":""Toilet"",""enabled"":true}]}]",[],null,
dc5180bc-cf0d-48b5-97bd-ea5bdf1953db,https://www.google.com/maps/place/Lawyer/data=!4m7!3m6!1s0x409c7da60678f965:0x40098597d6eacca9!8m2!3d41.456114!4d31.7887884!16s%2Fg%2F11tmw4_3k2!19sChIJZfl4BqZ9nEARqczq1peFCUA?authuser=0&hl=en&rclk=1,Lawyer,Lawyer,"Meşrutiyet, Posta Sk. No:5, 67030 Zonguldak Merkez/Zonguldak, Türkiye",{},{},,,,0,0.000000,"{""1"":0,""2"":0,""3"":0,""4"":0,""5"":0}",41.456114,31.788788,4614366180410051753,,,,https://streetviewpixels-pa.googleapis.com/v1/thumbnail?panoid=B39cQJxDqVUM7KY6E7h0iQ&cb_client=search.gws-prod.gps&w=408&h=240&yaw=247.76797&pitch=0&thumbfov=100,Europe/Istanbul,,0x409c7da60678f965:0x40098597d6eacca9,"[{""title"":""All"",""image"":""https://streetviewpixels-pa.googleapis.com/v1/thumbnail?panoid=B39cQJxDqVUM7KY6E7h0iQ\u0026cb_client=maps_sv.tactile.gps\u0026w=224\u0026h=298\u0026yaw=247.76797\u0026pitch=0\u0026thumbfov=100""},{""title"":""Street View \u0026 360°"",""image"":""https://streetviewpixels-pa.googleapis.com/v1/thumbnail?panoid=B39cQJxDqVUM7KY6E7h0iQ\u0026cb_client=maps_sv.tactile.gps\u0026w=224\u0026h=298\u0026yaw=247.76797\u0026pitch=0\u0026thumbfov=100""}]",null,null,"{""link"":"""",""source"":""""}","{""id"":"""",""name"":""Lawyer (Owner)"",""link"":""""}","{""borough"":"""",""street"":"""",""city"":"""",""postal_code"":"""",""state"":"""",""country"":""""}",null,[],null,
dc5180bc-cf0d-48b5-97bd-ea5bdf1953db,https://www.google.com/maps/place/Avokat+Tonin+Prendi/data=!4m7!3m6!1s0x135031cadf34fbe7:0x824ac38fad55eb59!8m2!3d41.3275723!4d19.8045894!16s%2Fg%2F11t6tlrld2!19sChIJ5_s038oxUBMRWetVrY_DSoI?authuser=0&hl=en&rclk=1,Avokat Tonin Prendi,Lawyer,"Rruga “Frederik Shiroka”, kulla nr. 3, Shk 2/19, Tiranë 1001, Albania",{},{},http://studioligjoreprendi.com/,+355 69 728 4340,"8RH3+2R Tiranë, Albania",2,5.000000,"{""1"":0,""2"":0,""3"":0,""4"":0,""5"":2}",41.327572,19.804589,9388531395063049049,,,,https://streetviewpixels-pa.googleapis.com/v1/thumbnail?panoid=l1FHr69SGhiCOupuzG-g7g&cb_client=search.gws-prod.gps&w=408&h=240&yaw=169.11601&pitch=0&thumbfov=100,Europe/Tirane,,0x135031cadf34fbe7:0x824ac38fad55eb59,"[{""title"":""All"",""image"":""https://streetviewpixels-pa.googleapis.com/v1/thumbnail?panoid=l1FHr69SGhiCOupuzG-g7g\u0026cb_client=maps_sv.tactile.gps\u0026w=224\u0026h=298\u0026yaw=169.11601\u0026pitch=0\u0026thumbfov=100""},{""title"":""By owner"",""image"":""https://lh3.googleusercontent.com/p/AF1QipPmtXZ-q_Cv5M4wFWD4kHfUIL1sMepoJ46UA6B4=w252-h298-k-no""},{""title"":""Street View \u0026 360°"",""image"":""https://streetviewpixels-pa.googleapis.com/v1/thumbnail?panoid=l1FHr69SGhiCOupuzG-g7g\u0026cb_client=maps_sv.tactile.gps\u0026w=224\u0026h=298\u0026yaw=169.11601\u0026pitch=0\u0026thumbfov=100""}]",null,null,"{""link"":"""",""source"":""""}","{""id"":""105690034879538638103"",""name"":""Avokat Tonin Prendi (Owner)"",""link"":""https://www.google.com/maps/contrib/105690034879538638103""}","{""borough"":"""",""street"":""Rruga “Frederik Shiroka”, kulla nr. 3, Shk 2/19"",""city"":""Tiranë"",""postal_code"":""1001"",""state"":"""",""country"":""AL""}","[{""id"":""amenities"",""name"":""Amenities"",""options"":[{""name"":""Toilet"",""enabled"":true}]}]",[],null,
dc5180bc-cf0d-48b5-97bd-ea5bdf1953db,https://www.google.com/maps/place/Avokat+Fatmir+Ademaj/data=!4m7!3m6!1s0x1352fd4443087f81:0x2cb26b258379ea2a!8m2!3d42.6622313!4d20.2979287!16s%2Fg%2F11mrd7s21x!19sChIJgX8IQ0T9UhMRKup5gyVrsiw?authuser=0&hl=en&rclk=1,Avokat Fatmir Ademaj,Lawyer,"Nr. 21 Bill Clinton, Pejë 30000","{""Friday"":[""9 am–4 pm""],""Monday"":[""9 am–4 pm""],""Saturday"":[""Closed""],""Sunday"":[""Closed""],""Thursday"":[""9 am–4 pm""],""Tuesday"":[""9 am–4 pm""],""Wednesday"":[""9 am–5 pm""]}",{},,+383 49 532 084,M76X+V5 Peja,6,5.000000,"{""1"":0,""2"":0,""3"":0,""4"":0,""5"":6}",42.662231,20.297929,3220754492387093034,,,,https://lh3.googleusercontent.com/p/AF1QipPy55nc7Lp7M04lm1K5G5pvCE9Wsxab6-1qHRuK=w408-h544-k-no,Europe/Belgrade,,0x1352fd4443087f81:0x2cb26b258379ea2a,"[{""title"":""All"",""image"":""https://lh3.googleusercontent.com/p/AF1QipPy55nc7Lp7M04lm1K5G5pvCE9Wsxab6-1qHRuK=w224-h298-k-no""},{""title"":""Inside"",""image"":""https://lh3.googleusercontent.com/p/AF1QipPmOTRRTQpLZLx8r11v6pcCBYqNIBUkO-ui56Bm=w224-h298-k-no""},{""title"":""By owner"",""image"":""https://lh3.googleusercontent.com/p/AF1QipPy55nc7Lp7M04lm1K5G5pvCE9Wsxab6-1qHRuK=w224-h298-k-no""}]",null,null,"{""link"":"""",""source"":""""}","{""id"":""103166943022952373374"",""name"":""Avokat Fatmir Ademaj (Owner)"",""link"":""https://www.google.com/maps/contrib/103166943022952373374""}","{""borough"":"""",""street"":""Nr. 21 Bill Clinton"",""city"":""Peja"",""postal_code"":""30000"",""state"":"""",""country"":""XK""}",null,[],null,
dc5180bc-cf0d-48b5-97bd-ea5bdf1953db,https://www.google.com/maps/place/Avokat+Sabjon+Vavla/data=!4m7!3m6!1s0x135031c67d23a1af:0xfcb5d77b3ff52b2d!8m2!3d41.3215633!4d19.8076393!16s%2Fg%2F11q_64w2k3!19sChIJr6EjfcYxUBMRLSv1P3vXtfw?authuser=0&hl=en&rclk=1,Avokat Sabjon Vavla,Lawyer,"Unaza, Tiranë, Albania",{},"{""Friday"":{""0"":58,""1"":66,""10"":75,""11"":58,""12"":33,""13"":16,""14"":25,""15"":25,""16"":8,""17"":25,""18"":41,""19"":91,""2"":58,""20"":91,""21"":75,""22"":41,""23"":58,""3"":41,""4"":25,""5"":33,""6"":33,""7"":75,""8"":50,""9"":66},""Monday"":{""0"":25,""1"":16,""10"":66,""11"":50,""12"":91,""13"":83,""14"":75,""15"":33,""16"":33,""17"":50,""18"":66,""19"":100,""2"":33,""20"":75,""21"":66,""22"":58,""23"":50,""3"":33,""4"":41,""5"":41,""6"":58,""7"":50,""8"":66,""9"":58},""Saturday"":{""0"":50,""1"":33,""10"":50,""11"":50,""12"":91,""13"":83,""14"":41,""15"":16,""16"":25,""17"":41,""18"":50,""19"":41,""2"":41,""20"":50,""21"":41,""22"":33,""23"":33,""3"":58,""4"":33,""5"":41,""6"":33,""7"":50,""8"":50,""9"":25},""Sunday"":{""0"":75,""1"":41,""10"":8,""11"":16,""12"":16,""13"":16,""14"":33,""15"":33,""16"":41,""17"":33,""18"":50,""19"":66,""2"":58,""20"":50,""21"":33,""22"":33,""23"":50,""3"":50,""4"":58,""5"":58,""6"":58,""7"":41,""8"":25,""9"":8},""Thursday"":{""0"":50,""1"":50,""10"":41,""11"":75,""12"":58,""13"":50,""14"":50,""15"":50,""16"":58,""17"":50,""18"":33,""19"":16,""2"":58,""20"":33,""21"":33,""22"":41,""23"":50,""3"":66,""4"":83,""5"":66,""6"":41,""7"":33,""8"":16,""9"":41},""Tuesday"":{""0"":33,""1"":25,""10"":50,""11"":50,""12"":75,""13"":66,""14"":50,""15"":25,""16"":41,""17"":41,""18"":41,""19"":58,""2"":8,""20"":75,""21"":41,""22"":25,""23"":25,""3"":0,""4"":8,""5"":25,""6"":58,""7"":66,""8"":66,""9"":50},""Wednesday"":{""0"":66,""1"":66,""10"":16,""11"":16,""12"":16,""13"":16,""14"":41,""15"":25,""16"":33,""17"":41,""18"":66,""19"":50,""2"":58,""20"":66,""21"":50,""22"":66,""23"":75,""3"":50,""4"":50,""5"":33,""6"":41,""7"":33,""8"":33,""9"":25}}",,+355 69 325 3895,"8RC5+J3 Tiranë, Albania",0,0.000000,"{""1"":0,""2"":0,""3"":0,""4"":0,""5"":0}",41.321563,19.807639,18209697592696449837,,,,https://lh3.googleusercontent.com/p/AF1QipOx0-xFA_8u893qEo5YEkt2zhAOXY8v-59cAyjU=w408-h672-k-no,Europe/Tirane,,0x135031c67d23a1af:0xfcb5d77b3ff52b2d,"[{""title"":""All"",""image"":""https://lh3.googleusercontent.com/p/AF1QipOx0-xFA_8u893qEo5YEkt2zhAOXY8v-59cAyjU=w224-h369-k-no""},{""title"":""Exterior"",""image"":""https://lh3.googleusercontent.com/p/AF1QipMD8uyYSh1-rKNa59YrAZ2CrAp2aPY7Ap347SBd=w224-h353-k-no""},{""title"":""By owner"",""image"":""https://lh3.googleusercontent.com/p/AF1QipOx0-xFA_8u893qEo5YEkt2zhAOXY8v-59cAyjU=w224-h369-k-no""},{""title"":""Street View \u0026 360°"",""image"":""https://streetviewpixels-pa.googleapis.com/v1/thumbnail?panoid=QfScxQRt8ak9OxwccSwGpw\u0026cb_client=maps_sv.tactile.gps\u0026w=224\u0026h=298\u0026yaw=168.37206\u0026pitch=0\u0026thumbfov=100""}]",null,"[{""link"":""https://www.facebook.com/Av.SabjonVavla"",""source"":""facebook.com""}]","{""link"":"""",""source"":""""}","{""id"":""103653471969267988201"",""name"":""Avokat Sabjon Vavla (Owner)"",""link"":""https://www.google.com/maps/contrib/103653471969267988201""}","{""borough"":"""",""street"":""Unaza"",""city"":""Tiranë"",""postal_code"":"""",""state"":"""",""country"":""AL""}","[{""id"":""service_options"",""name"":""Service options"",""options"":[{""name"":""Online appointments"",""enabled"":true},{""name"":""On-site services"",""enabled"":true}]},{""id"":""accessibility"",""name"":""Accessibility"",""options"":[{""name"":""Wheelchair-accessible toilet"",""enabled"":true}]},{""id"":""amenities"",""name"":""Amenities"",""options"":[{""name"":""Toilet"",""enabled"":true}]}]",[],null,
dc5180bc-cf0d-48b5-97bd-ea5bdf1953db,https://www.google.com/maps/place/Avokat/data=!4m7!3m6!1s0x1350312780faa29b:0x8c0515640716e8c9!8m2!3d41.3309803!4d19.8406576!16s%2Fg%2F11mpdx18_1!19sChIJm6L6gCcxUBMRyegWB2QVBYw?authuser=0&hl=en&rclk=1,Avokat,Lawyer,"Kushtrimi i lirise, Tiranë 1004, Albania",{},{},https://www.facebook.com/Av.SheldianaJano/,,,0,0.000000,"{""1"":0,""2"":0,""3"":0,""4"":0,""5"":0}",41.330980,19.840658,10089494059553319113,,,,https://lh3.googleusercontent.com/p/AF1QipMIrMJQEz9pLWnnFT6J55-_Aux-wDt7ZPp1H-cR=w408-h306-k-no,Europe/Tirane,,0x1350312780faa29b:0x8c0515640716e8c9,"[{""title"":""All"",""image"":""https://lh3.googleusercontent.com/p/AF1QipMIrMJQEz9pLWnnFT6J55-_Aux-wDt7ZPp1H-cR=w397-h298-k-no""},{""title"":""By owner"",""image"":""https://lh3.googleusercontent.com/p/AF1QipPXXnOjgcmWjNQrrWABG0GxmqGfznrNI4i6GoTl=w613-h298-k-no""},{""title"":""Street View \u0026 360°"",""image"":""https://streetviewpixels-pa.googleapis.com/v1/thumbnail?panoid=gBZpKwpgqBu-TkbyO9ZaHQ\u0026cb_client=maps_sv.tactile.gps\u0026w=224\u0026h=298\u0026yaw=352.89526\u0026pitch=0\u0026thumbfov=100""}]",null,null,"{""link"":"""",""source"":""""}","{""id"":""115355483566303919167"",""name"":""Avokat (Owner)"",""link"":""https://www.google.com/maps/contrib/115355483566303919167""}","{""borough"":"""",""street"":"""",""city"":"""",""postal_code"":"""",""state"":"""",""country"":""""}","[{""id"":""service_options"",""name"":""Service options"",""options"":[{""name"":""Online appointments"",""enabled"":true},{""name"":""On-site services"",""enabled"":true}]},{""id"":""amenities"",""name"":""Amenities"",""options"":[{""name"":""Toilet"",""enabled"":true}]}]",[],null,
dc5180bc-cf0d-48b5-97bd-ea5bdf1953db,https://www.google.com/maps/place/Avokat+Gazmend+Zymberi/data=!4m7!3m6!1s0x1354f3f02935a5c3:0xe82d9462b4d74dbb!8m2!3d42.4703806!4d21.4807451!16s%2Fg%2F11y2gsxtkh!19sChIJw6U1KfDzVBMRu03XtGKULeg?authuser=0&hl=en&rclk=1,Avokat Gazmend Zymberi,Lawyer,"Rruga Marie Shllaku, Gjilan 60000","{""Friday"":[""Open 24 hours""],""Monday"":[""Open 24 hours""],""Saturday"":[""Open 24 hours""],""Sunday"":[""Open 24 hours""],""Thursday"":[""Open 24 hours""],""Tuesday"":[""Open 24 hours""],""Wednesday"":[""Open 24 hours""]}","{""Friday"":{""0"":16,""1"":25,""10"":50,""11"":25,""12"":25,""13"":58,""14"":58,""15"":50,""16"":66,""17"":58,""18"":25,""19"":16,""2"":33,""20"":33,""21"":25,""22"":16,""23"":25,""3"":25,""4"":8,""5"":8,""6"":33,""7"":58,""8"":66,""9"":66},""Monday"":{""0"":16,""1"":33,""10"":33,""11"":41,""12"":25,""13"":33,""14"":33,""15"":58,""16"":41,""17"":16,""18"":16,""19"":41,""2"":50,""20"":58,""21"":41,""22"":33,""23"":8,""3"":58,""4"":33,""5"":33,""6"":58,""7"":58,""8"":41,""9"":33},""Saturday"":{""0"":75,""1"":58,""10"":33,""11"":50,""12"":100,""13"":58,""14"":41,""15"":16,""16"":16,""17"":25,""18"":41,""19"":66,""2"":75,""20"":83,""21"":50,""22"":41,""23"":33,""3"":50,""4"":41,""5"":41,""6"":33,""7"":50,""8"":50,""9"":25},""Sunday"":{""0"":50,""1"":33,""10"":25,""11"":66,""12"":50,""13"":58,""14"":83,""15"":91,""16"":66,""17"":58,""18"":50,""19"":91,""2"":41,""20"":100,""21"":83,""22"":91,""23"":58,""3"":41,""4"":58,""5"":75,""6"":58,""7"":16,""8"":8,""9"":8},""Thursday"":{""0"":91,""1"":75,""10"":25,""11"":25,""12"":16,""13"":25,""14"":33,""15"":58,""16"":33,""17"":8,""18"":8,""19"":0,""2"":50,""20"":0,""21"":8,""22"":41,""23"":83,""3"":41,""4"":58,""5"":41,""6"":41,""7"":25,""8"":25,""9"":41},""Tuesday"":{""0"":41,""1"":33,""10"":66,""11"":50,""12"":58,""13"":75,""14"":58,""15"":50,""16"":25,""17"":25,""18"":25,""19"":25,""2"":16,""20"":41,""21"":33,""22"":41,""23"":25,""3"":0,""4"":25,""5"":41,""6"":58,""7"":33,""8"":33,""9"":66},""Wednesday"":{""0"":58,""1"":33,""10"":75,""11"":100,""12"":66,""13"":33,""14"":16,""15"":33,""16"":33,""17"":41,""18"":83,""19"":75,""2"":33,""20"":75,""21"":50,""22"":58,""23"":58,""3"":41,""4"":75,""5"":75,""6"":41,""7"":41,""8"":41,""9"":66}}",https://avokat.net/,+383 45 444 033,FFCJ+57 Gjilan,6,5.000000,"{""1"":0,""2"":0,""3"":0,""4"":0,""5"":6}",42.470381,21.480745,16730191342412975547,,,,https://lh3.googleusercontent.com/p/AF1QipN5eOq3mj7YzotrbtbqSRBU4jsOtoKl2HwP34AH=w408-h306-k-no,Europe/Belgrade,,0x1354f3f02935a5c3:0xe82d9462b4d74dbb,"[{""title"":""All"",""image"":""https://lh3.googleusercontent.com/p/AF1QipN5eOq3mj7YzotrbtbqSRBU4jsOtoKl2HwP34AH=w397-h298-k-no""},{""title"":""Exterior"",""image"":""https://lh3.googleusercontent.com/p/AF1QipP4V0jMrGe4FOQzbpIPYR85ka-TI4iCqwQtYDkP=w224-h298-k-no""},{""title"":""Inside"",""image"":""https://lh3.googleusercontent.com/gps-cs-s/AG0ilSw68voKJCxbBklmMqm5aS-bF5ILeyFiJ5Y6fP3k6q4P5wl8eXJKwP2JBlwA-Gb5p0-xpI_ZJkiKk78EKwncxUc1c11AWE_O_N8VPqDGfMb4bDfQMexSBXmj7QEsRTgl-ePAdR6q=w397-h298-k-no""},{""title"":""By owner"",""image"":""https://lh3.googleusercontent.com/p/AF1QipPDMxrL79NxgZL-j0rvNPeRBR-p80ii5djRzajC=w538-h298-k-no""}]",null,"[{""link"":""https://www.avokat.net/"",""source"":""avokat.net""}]","{""link"":"""",""source"":""""}","{""id"":""112237434763597811936"",""name"":""Avokat Gazmend Zymberi (Owner)"",""link"":""https://www.google.com/maps/contrib/112237434763597811936""}","{""borough"":"""",""street"":""Rruga Marie Shllaku"",""city"":""Gjilan"",""postal_code"":""60000"",""state"":"""",""country"":""XK""}","[{""id"":""service_options"",""name"":""Service options"",""options"":[{""name"":""Online appointments"",""enabled"":true},{""name"":""On-site services"",""enabled"":true}]}]",[],null,
dc5180bc-cf0d-48b5-97bd-ea5bdf1953db,https://www.google.com/maps/place/Avokat+Labinot+Gashi/data=!4m7!3m6!1s0x1352fd6809e00d71:0xcd2bce6a6343d2fc!8m2!3d42.6621896!4d20.298059!16s%2Fg%2F11mrsf4mhr!19sChIJcQ3gCWj9UhMR_NJDY2rOK80?authuser=0&hl=en&rclk=1,Avokat Labinot Gashi,Lawyer,"Rruga, nr.33 Bill Clinton, Pejë 30000","{""Friday"":[""8 am–5 pm""],""Monday"":[""8 am–5 pm""],""Saturday"":[""9 am–1 pm""],""Sunday"":[""Closed""],""Thursday"":[""8 am–5 pm""],""Tuesday"":[""8 am–5 pm""],""Wednesday"":[""8 am–5 pm""]}",{},,+383 49 538 742,M76X+V6 Peja,1,5.000000,"{""1"":0,""2"":0,""3"":0,""4"":0,""5"":1}",42.662190,20.298059,14784137158101029628,,,,https://lh3.googleusercontent.com/p/AF1QipO4ibDgvGKYmhtLm-ewOlEaImK0GR8skZDtU2UX=w408-h544-k-no,Europe/Belgrade,,0x1352fd6809e00d71:0xcd2bce6a6343d2fc,"[{""title"":""All"",""image"":""https://lh3.googleusercontent.com/p/AF1QipO4ibDgvGKYmhtLm-ewOlEaImK0GR8skZDtU2UX=w224-h298-k-no""},{""title"":""Latest"",""image"":""https://lh3.googleusercontent.com/p/AF1QipO_cw9tSr15URoL6ZxlhidzUuBOKCSw5N-qslfX=w503-h298-k-no""},{""title"":""By owner"",""image"":""https://lh3.googleusercontent.com/p/AF1QipO4ibDgvGKYmhtLm-ewOlEaImK0GR8skZDtU2UX=w224-h298-k-no""}]",null,null,"{""link"":"""",""source"":""""}","{""id"":""101215394856898626239"",""name"":""Avokat Labinot Gashi (Owner)"",""link"":""https://www.google.com/maps/contrib/101215394856898626239""}","{""borough"":"""",""street"":""Rruga, nr.33 Bill Clinton"",""city"":""Peja"",""postal_code"":""30000"",""state"":"""",""country"":""XK""}",null,[],null,
dc5180bc-cf0d-48b5-97bd-ea5bdf1953db,https://www.google.com/maps/place/Avokat%2FLawyer+Shqipe+Mehmeti+Jusufi/data=!4m7!3m6!1s0x13534583ada68605:0x52063e5dbc33e28d!8m2!3d42.8884843!4d20.8657218!16s%2Fg%2F11ykjp59jx!19sChIJBYamrYNFUxMRjeIzvF0-BlI?authuser=0&hl=en&rclk=1,Avokat/Lawyer Shqipe Mehmeti Jusufi,Lawyer,"Rr, Nr.34 Bedri Gjinaj, Mitrovicë 40000","{""Friday"":[""9 am–5 am""],""Monday"":[""9 am–5 pm""],""Saturday"":[""Closed""],""Sunday"":[""Closed""],""Thursday"":[""9 am–5 pm""],""Tuesday"":[""9 am–5 pm""],""Wednesday"":[""9 am–5 pm""]}",{},,+383 49 891 446,VVQ8+97 Mitrovica,3,5.000000,"{""1"":0,""2"":0,""3"":0,""4"":0,""5"":3}",42.888484,20.865722,5910480133280752269,,,,https://lh3.googleusercontent.com/p/AF1QipOCyu7TyEnDKOP_qqsiZ8QAha2vPQoSygWEfSdj=w408-h612-k-no,Europe/Belgrade,,0x13534583ada68605:0x52063e5dbc33e28d,"[{""title"":""All"",""image"":""https://lh3.googleusercontent.com/p/AF1QipOCyu7TyEnDKOP_qqsiZ8QAha2vPQoSygWEfSdj=w224-h336-k-no""},{""title"":""By owner"",""image"":""https://lh3.googleusercontent.com/p/AF1QipOCyu7TyEnDKOP_qqsiZ8QAha2vPQoSygWEfSdj=w224-h336-k-no""}]",null,null,"{""link"":"""",""source"":""""}","{""id"":""115817901303949142695"",""name"":""Avokat/Lawyer Shqipe Mehmeti Jusufi (Owner)"",""link"":""https://www.google.com/maps/contrib/115817901303949142695""}","{""borough"":"""",""street"":""Rr, Nr.34 Bedri Gjinaj"",""city"":""Mitrovica"",""postal_code"":""40000"",""state"":"""",""country"":""XK""}",null,[],null,
dc5180bc-cf0d-48b5-97bd-ea5bdf1953db,https://www.google.com/maps/place/Avokat+Bruno+Pepa/data=!4m7!3m6!1s0x134e017726040efd:0x53c5f0c3ee34a887!8m2!3d42.0644627!4d19.5130303!16s%2Fg%2F11qpqc9066!19sChIJ_Q4EJncBThMRh6g07sPwxVM?authuser=0&hl=en&rclk=1,Avokat Bruno Pepa,Lawyer,"3G77+Q6J Avokat Bruno Pepa, Don Bosko, Shkodër 4001, Albania",{},{},,+355 67 641 7171,,3,5.000000,"{""1"":0,""2"":0,""3"":0,""4"":0,""5"":3}",42.064463,19.513030,6036495599865735303,,,,https://streetviewpixels-pa.googleapis.com/v1/thumbnail?panoid=GfQ6AQ4VSNG9ZK6xiEKnag&cb_client=search.gws-prod.gps&w=408&h=240&yaw=84.57442&pitch=0&thumbfov=100,Europe/Tirane,,0x134e017726040efd:0x53c5f0c3ee34a887,"[{""title"":""All"",""image"":""https://streetviewpixels-pa.googleapis.com/v1/thumbnail?panoid=GfQ6AQ4VSNG9ZK6xiEKnag\u0026cb_client=maps_sv.tactile.gps\u0026w=224\u0026h=298\u0026yaw=84.57442\u0026pitch=0\u0026thumbfov=100""},{""title"":""Street View \u0026 360°"",""image"":""https://streetviewpixels-pa.googleapis.com/v1/thumbnail?panoid=GfQ6AQ4VSNG9ZK6xiEKnag\u0026cb_client=maps_sv.tactile.gps\u0026w=224\u0026h=298\u0026yaw=84.57442\u0026pitch=0\u0026thumbfov=100""}]",null,null,"{""link"":"""",""source"":""""}","{""id"":"""",""name"":""Avokat Bruno Pepa (Owner)"",""link"":""""}","{""borough"":"""",""street"":"""",""city"":"""",""postal_code"":"""",""state"":"""",""country"":""""}",null,[],null,
dc5180bc-cf0d-48b5-97bd-ea5bdf1953db,https://www.google.com/maps/place/Avokat+Besnik+Bodurri/data=!4m7!3m6!1s0x13504365753c72e7:0x48a4408c8b486409!8m2!3d41.1174573!4d20.0872668!16s%2Fg%2F11txmrpfjx!19sChIJ53I8dWVDUBMRCWRIi4xApEg?authuser=0&hl=en&rclk=1,Avokat Besnik Bodurri,Law firm,"Rruga Caush Asllani 9319, Elbasan, Albania",{},{},https://instagram.com/zyre_avokatie_bodurri?igshid=ZDdkNTZiNTM=,+355 68 425 5506,"438P+XW Elbasan, Albania",3,5.000000,"{""1"":0,""2"":0,""3"":0,""4"":0,""5"":3}",41.117457,20.087267,5234379639287735305,,,,https://lh3.googleusercontent.com/p/AF1QipP864NUSoYqitUXUZQUvmA_RKcDO0sEbKgYtByp=w408-h297-k-no,Europe/Tirane,,0x13504365753c72e7:0x48a4408c8b486409,"[{""title"":""All"",""image"":""https://lh3.googleusercontent.com/p/AF1QipP864NUSoYqitUXUZQUvmA_RKcDO0sEbKgYtByp=w408-h298-k-no""},{""title"":""Exterior"",""image"":""https://lh3.googleusercontent.com/p/AF1QipPXyS0Nc61BU5dg2DVgt0DBeLPTFsLQxLd-531m=w224-h298-k-no""},{""title"":""Videos"",""image"":""https://lh3.googleusercontent.com/p/AF1QipMkBocMyF_cNDWBNsQMD_6PY_EelMHC56tSY_7R=w224-h400-k-no""},{""title"":""By owner"",""image"":""https://lh3.googleusercontent.com/p/AF1QipMkBocMyF_cNDWBNsQMD_6PY_EelMHC56tSY_7R=w224-h400-k-no""},{""title"":""Street View \u0026 360°"",""image"":""https://streetviewpixels-pa.googleapis.com/v1/thumbnail?panoid=7DLxU5tlg7ezEpfkXD8UaQ\u0026cb_client=maps_sv.tactile.gps\u0026w=224\u0026h=298\u0026yaw=146.80415\u0026pitch=0\u0026thumbfov=100""}]",null,null,"{""link"":"""",""source"":""""}","{""id"":""111298249037924132431"",""name"":""Avokat Besnik Bodurri (Owner)"",""link"":""https://www.google.com/maps/contrib/111298249037924132431""}","{""borough"":"""",""street"":""Rruga Caush Asllani 9319"",""city"":""Elbasan"",""postal_code"":"""",""state"":"""",""country"":""AL""}","[{""id"":""accessibility"",""name"":""Accessibility"",""options"":[{""name"":""Wheelchair-accessible car park"",""enabled"":true}]}]",[],null,
dc5180bc-cf0d-48b5-97bd-ea5bdf1953db,https://www.google.com/maps/place/Avokat+Xhevdet+Pajova/data=!4m7!3m6!1s0x135043eb37b5048d:0x443d4df20fde0b22!8m2!3d41.117198!4d20.08435!16s%2Fg%2F11h4k4bgd2!19sChIJjQS1N-tDUBMRIgveD_JNPUQ?authuser=0&hl=en&rclk=1,Avokat Xhevdet Pajova,Lawyer,"Rruga Muc Shqiptari, Elbasan 3001, Albania",{},{},,+355 69 337 6090,"438M+VP Elbasan, Albania",1,5.000000,"{""1"":0,""2"":0,""3"":0,""4"":0,""5"":1}",41.117198,20.084350,4917172070202084130,,,,https://streetviewpixels-pa.googleapis.com/v1/thumbnail?panoid=AvYsZ-R4PIEI7thAPCDe_A&cb_client=search.gws-prod.gps&w=408&h=240&yaw=39.290474&pitch=0&thumbfov=100,Europe/Tirane,,0x135043eb37b5048d:0x443d4df20fde0b22,"[{""title"":""All"",""image"":""https://streetviewpixels-pa.googleapis.com/v1/thumbnail?panoid=AvYsZ-R4PIEI7thAPCDe_A\u0026cb_client=maps_sv.tactile.gps\u0026w=224\u0026h=298\u0026yaw=39.290474\u0026pitch=0\u0026thumbfov=100""},{""title"":""Street View \u0026 360°"",""image"":""https://streetviewpixels-pa.googleapis.com/v1/thumbnail?panoid=AvYsZ-R4PIEI7thAPCDe_A\u0026cb_client=maps_sv.tactile.gps\u0026w=224\u0026h=298\u0026yaw=39.290474\u0026pitch=0\u0026thumbfov=100""}]",null,null,"{""link"":"""",""source"":""""}","{""id"":""107887340433377403252"",""name"":""Avokat Xhevdet Pajova (Owner)"",""link"":""https://www.google.com/maps/contrib/107887340433377403252""}","{""borough"":"""",""street"":""Rruga Muc Shqiptari"",""city"":""Elbasan"",""postal_code"":""3001"",""state"":"""",""country"":""AL""}","[{""id"":""accessibility"",""name"":""Accessibility"",""options"":[{""name"":""Wheelchair-accessible toilet"",""enabled"":true}]},{""id"":""amenities"",""name"":""Amenities"",""options"":[{""name"":""Toilet"",""enabled"":true}]}]",[],null,
dc5180bc-cf0d-48b5-97bd-ea5bdf1953db,https://www.google.com/maps/place/Avokat+Blerim+DINA/data=!4m7!3m6!1s0x13549ff2b832b3a3:0x58a891a5d046143d!8m2!3d42.6638694!4d21.1660855!16s%2Fg%2F11qh90_t06!19sChIJo7MyuPKfVBMRPRRG0KWRqFg?authuser=0&hl=en&rclk=1,Avokat Blerim DINA,Law firm,"Rr""Bajram Kelmendi"" 1/06 Prishtinë XK, 10000",{},{},,+383 49 127 917,M578+GC Pristina,1,5.000000,"{""1"":0,""2"":0,""3"":0,""4"":0,""5"":1}",42.663869,21.166085,6388516212774933565,,,,https://lh3.googleusercontent.com/p/AF1QipP3AtZ8MOzyYjFVPw_x-5m0xC24zaz7J3Sl-2Wy=w408-h544-k-no,Europe/Belgrade,,0x13549ff2b832b3a3:0x58a891a5d046143d,"[{""title"":""All"",""image"":""https://lh3.googleusercontent.com/p/AF1QipP3AtZ8MOzyYjFVPw_x-5m0xC24zaz7J3Sl-2Wy=w224-h298-k-no""},{""title"":""Exterior"",""image"":""https://lh3.googleusercontent.com/p/AF1QipMyJekK_HVa5S4RSUT3vmahUNcKNu8V9_rrJm7u=w224-h298-k-no""},{""title"":""By owner"",""image"":""https://lh3.googleusercontent.com/p/AF1QipOkTEuPS4PXFo4srllhbgat-x5-6xVsHLJGBIPO=w224-h298-k-no""}]",null,null,"{""link"":"""",""source"":""""}","{""id"":""110370526556773686230"",""name"":""Avokat Blerim DINA (Owner)"",""link"":""https://www.google.com/maps/contrib/110370526556773686230""}","{""borough"":"""",""street"":""Rr\""Bajram Kelmendi\"" 1/06 Prishtinë XK"",""city"":""Pristina"",""postal_code"":""10000"",""state"":"""",""country"":""XK""}",null,[],null,
dc5180bc-cf0d-48b5-97bd-ea5bdf1953db,https://www.google.com/maps/place/Avokat+Teuta+Beka/data=!4m7!3m6!1s0x13549f5d60dfba03:0xb9f42f899e686976!8m2!3d42.6611849!4d21.1636748!16s%2Fg%2F11mvpz9nr2!19sChIJA7rfYF2fVBMRdmlonokv9Lk?authuser=0&hl=en&rclk=1,Avokat Teuta Beka,Lawyer,"38, Avokat Teuta Beka, 1 Qamil Hoxha, Prishtina 10000",{},{},,+383 44 197 650,M567+FF Pristina,3,5.000000,"{""1"":0,""2"":0,""3"":0,""4"":0,""5"":3}",42.661185,21.163675,13399387059448736118,,,,https://lh3.googleusercontent.com/p/AF1QipNKxXv9RKfQ2nuBEgW1YyT2HVIbb7NYxvWRd2Wg=w427-h240-k-no,Europe/Belgrade,,0x13549f5d60dfba03:0xb9f42f899e686976,"[{""title"":""All"",""image"":""https://lh3.googleusercontent.com/p/AF1QipNKxXv9RKfQ2nuBEgW1YyT2HVIbb7NYxvWRd2Wg=w531-h298-k-no""},{""title"":""By owner"",""image"":""https://lh3.googleusercontent.com/p/AF1QipP4vx9tfeh33KBq6zUZDxO_ZyGOF-mRNKKS_nY2=w229-h298-k-no""}]",null,null,"{""link"":"""",""source"":""""}","{""id"":""108467425883131697693"",""name"":""Avokat Teuta Beka (Owner)"",""link"":""https://www.google.com/maps/contrib/108467425883131697693""}","{""borough"":"""",""street"":""38, 1 Qamil Hoxha"",""city"":""Pristina"",""postal_code"":""10000"",""state"":"""",""country"":""XK""}","[{""id"":""amenities"",""name"":""Amenities"",""options"":[{""name"":""Toilet"",""enabled"":true}]}]",[],null,
dc5180bc-cf0d-48b5-97bd-ea5bdf1953db,https://www.google.com/maps/place/Avokat+Besnik+Asani/data=!4m7!3m6!1s0x1350e7166a525335:0xf653ae62b5071c20!8m2!3d41.1782588!4d20.6809104!16s%2Fg%2F11gdkrpwv5!19sChIJNVNSahbnUBMRIBwHtWKuU_Y?authuser=0&hl=en&rclk=1,Avokat Besnik Asani,Lawyer,"5MHJ+893 Avokat Besnik Asani, Turistichka, Struga 6330, North Macedonia","{""Friday"":[""Open 24 hours""],""Monday"":[""Open 24 hours""],""Saturday"":[""Open 24 hours""],""Sunday"":[""Open 24 hours""],""Thursday"":[""Open 24 hours""],""Tuesday"":[""Open 24 hours""],""Wednesday"":[""Open 24 hours""]}","{""Friday"":{""0"":33,""1"":40,""10"":40,""11"":40,""12"":26,""13"":33,""14"":46,""15"":60,""16"":53,""17"":40,""18"":26,""19"":6,""2"":33,""20"":0,""21"":13,""22"":33,""23"":40,""3"":40,""4"":60,""5"":66,""6"":60,""7"":66,""8"":40,""9"":60},""Monday"":{""0"":66,""1"":46,""10"":40,""11"":33,""12"":13,""13"":20,""14"":26,""15"":13,""16"":26,""17"":33,""18"":40,""19"":26,""2"":26,""20"":20,""21"":40,""22"":66,""23"":100,""3"":26,""4"":26,""5"":40,""6"":40,""7"":60,""8"":73,""9"":60},""Saturday"":{""0"":26,""1"":53,""10"":40,""11"":33,""12"":26,""13"":20,""14"":20,""15"":33,""16"":53,""17"":40,""18"":33,""19"":6,""2"":33,""20"":0,""21"":0,""22"":6,""23"":6,""3"":13,""4"":6,""5"":13,""6"":26,""7"":33,""8"":66,""9"":40},""Sunday"":{""0"":46,""1"":46,""10"":20,""11"":33,""12"":40,""13"":53,""14"":53,""15"":33,""16"":26,""17"":20,""18"":26,""19"":40,""2"":26,""20"":40,""21"":53,""22"":46,""23"":46,""3"":20,""4"":20,""5"":40,""6"":66,""7"":73,""8"":33,""9"":26},""Thursday"":{""0"":46,""1"":33,""10"":60,""11"":86,""12"":80,""13"":80,""14"":60,""15"":46,""16"":33,""17"":46,""18"":66,""19"":66,""2"":26,""20"":40,""21"":26,""22"":40,""23"":53,""3"":26,""4"":40,""5"":26,""6"":20,""7"":20,""8"":26,""9"":40},""Tuesday"":{""0"":40,""1"":46,""10"":26,""11"":40,""12"":66,""13"":73,""14"":46,""15"":46,""16"":53,""17"":40,""18"":53,""19"":60,""2"":73,""20"":40,""21"":20,""22"":6,""23"":26,""3"":66,""4"":60,""5"":40,""6"":26,""7"":20,""8"":20,""9"":33},""Wednesday"":{""0"":20,""1"":46,""10"":20,""11"":26,""12"":40,""13"":33,""14"":46,""15"":53,""16"":73,""17"":53,""18"":40,""19"":20,""2"":53,""20"":13,""21"":13,""22"":13,""23"":26,""3"":73,""4"":46,""5"":60,""6"":53,""7"":60,""8"":20,""9"":6}}",,+389 70 684 691,,9,5.000000,"{""1"":0,""2"":0,""3"":0,""4"":0,""5"":9}",41.178259,20.680910,17749722295364426784,,,,https://lh3.googleusercontent.com/gps-cs-s/AG0ilSz-0Sh7QwiW3xGgLcxvHVJhaD4-U7yDo6VgBzo-0l7H4Xe2b31vK7Qa8MVuR9M4PC7UfD2A4Ss-QBFkUbFz7ZDzSkMDk1ysSBqvxcIrNQ2BsSHbs9ufKZw3LqSohG9zxDR_PJ3p=w408-h306-k-no,Europe/Skopje,,0x1350e7166a525335:0xf653ae62b5071c20,"[{""title"":""All"",""image"":""https://lh3.googleusercontent.com/gps-cs-s/AG0ilSz-0Sh7QwiW3xGgLcxvHVJhaD4-U7yDo6VgBzo-0l7H4Xe2b31vK7Qa8MVuR9M4PC7UfD2A4Ss-QBFkUbFz7ZDzSkMDk1ysSBqvxcIrNQ2BsSHbs9ufKZw3LqSohG9zxDR_PJ3p=w397-h298-k-no""}]",null,null,"{""link"":"""",""source"":""""}","{""id"":"""",""name"":""Avokat Besnik Asani (Owner)"",""link"":""""}","{""borough"":"""",""street"":""5MHJ+893, Turistichka"",""city"":""Struga"",""postal_code"":""6330"",""state"":"""",""country"":""MK""}","[{""id"":""accessibility"",""name"":""Accessibility"",""options"":[{""name"":""Wheelchair-accessible car park"",""enabled"":true},{""name"":""Wheelchair-accessible toilet"",""enabled"":true}]},{""id"":""amenities"",""name"":""Amenities"",""options"":[{""name"":""Toilet"",""enabled"":true}]}]",[],null,
dc5180bc-cf0d-48b5-97bd-ea5bdf1953db,https://www.google.com/maps/place/Avokat+n%C3%AB+Fier+-+Viarta+Pulla/data=!4m7!3m6!1s0x134553cbd536ae19:0x714b70d917a60518!8m2!3d40.7295986!4d19.5597827!16s%2Fg%2F11rf7n1zfq!19sChIJGa421ctTRRMRGAWmF9lwS3E?authuser=0&hl=en&rclk=1,Avokat në Fier - Viarta Pulla,Lawyer,"Rruga Kastriot Muço, Fier 9301, Albania",{},{},,,,1,5.000000,"{""1"":0,""2"":0,""3"":0,""4"":0,""5"":1}",40.729599,19.559783,8163742827246126360,,,,https://lh3.googleusercontent.com/p/AF1QipOT7uYs4a-ZbqDYKhP0NdeC-azuJbn4soP1yPu0=w408-h272-k-no,Europe/Tirane,,0x134553cbd536ae19:0x714b70d917a60518,"[{""title"":""All"",""image"":""https://lh3.googleusercontent.com/p/AF1QipOT7uYs4a-ZbqDYKhP0NdeC-azuJbn4soP1yPu0=w447-h298-k-no""},{""title"":""By owner"",""image"":""https://lh3.googleusercontent.com/p/AF1QipPgR04tdcru1xsdbBmSTmkhVh0Zmqcwx7pwl77b=w447-h298-k-no""},{""title"":""Street View \u0026 360°"",""image"":""https://streetviewpixels-pa.googleapis.com/v1/thumbnail?panoid=8Ld1phy83SzDJ0Dzef4knw\u0026cb_client=maps_sv.tactile.gps\u0026w=224\u0026h=298\u0026yaw=97.78166\u0026pitch=0\u0026thumbfov=100""}]",null,null,"{""link"":"""",""source"":""""}","{""id"":""110172997462672996831"",""name"":""Avokat në Fier - Viarta Pulla (Owner)"",""link"":""https://www.google.com/maps/contrib/110172997462672996831""}","{""borough"":"""",""street"":"""",""city"":"""",""postal_code"":"""",""state"":"""",""country"":""""}","[{""id"":""accessibility"",""name"":""Accessibility"",""options"":[{""name"":""Wheelchair-accessible toilet"",""enabled"":true}]},{""id"":""amenities"",""name"":""Amenities"",""options"":[{""name"":""Toilet"",""enabled"":true}]}]",[],null,
dc5180bc-cf0d-48b5-97bd-ea5bdf1953db,https://www.google.com/maps/place/Avokat-e+Zana+Krasniqi+%28Beqiri%29+Lawyer/data=!4m7!3m6!1s0x1352fdf8f49713ab:0x89fa8b16e3c71ab8!8m2!3d42.6636955!4d20.275349!16s%2Fg%2F11pkbqc9nj!19sChIJqxOX9Pj9UhMRuBrH4xaL-ok?authuser=0&hl=en&rclk=1,Avokat-e Zana Krasniqi (Beqiri) Lawyer,Law firm,"Nëna Terezë 36 (tani Marije Shllaku, Pejë 30000","{""Friday"":[""8 am–3 pm""],""Monday"":[""8 am–5 pm""],""Saturday"":[""Closed""],""Sunday"":[""Closed""],""Thursday"":[""8 am–5 pm""],""Tuesday"":[""8 am–5 pm""],""Wednesday"":[""8 am–5 pm""]}",{},https://booking.page/en/company/page/avokatezana,+383 49 300 050,M77G+F4 Peja,27,5.000000,"{""1"":0,""2"":0,""3"":0,""4"":0,""5"":27}",42.663695,20.275349,9942412057800809144,,,,https://lh3.googleusercontent.com/p/AF1QipN-TLMYGyHPYmcYFVjk4jXNqRpAZ6dquEdBz6u_=w408-h253-k-no,Europe/Belgrade,,0x1352fdf8f49713ab:0x89fa8b16e3c71ab8,"[{""title"":""All"",""image"":""https://lh3.googleusercontent.com/p/AF1QipN-TLMYGyHPYmcYFVjk4jXNqRpAZ6dquEdBz6u_=w480-h298-k-no""},{""title"":""By owner"",""image"":""https://lh3.googleusercontent.com/p/AF1QipPGM04IGKtsuQUQ37Vwfut-KvwSSgk1Y2PlOvVh=w224-h527-k-no""}]",null,"[{""link"":""https://avokatezana.simplybook.me/v2/"",""source"":""simplybook.me""}]","{""link"":"""",""source"":""""}","{""id"":""105546962028069594573"",""name"":""Avokat-e Zana Krasniqi (Beqiri) Lawyer (Owner)"",""link"":""https://www.google.com/maps/contrib/105546962028069594573""}","{""borough"":"""",""street"":""Nëna Terezë 36 (tani Marije Shllaku"",""city"":""Peja"",""postal_code"":""30000"",""state"":"""",""country"":""XK""}","[{""id"":""from_the_business"",""name"":""From the business"",""options"":[{""name"":""Identifies as women-owned"",""enabled"":true}]},{""id"":""service_options"",""name"":""Service options"",""options"":[{""name"":""Online appointments"",""enabled"":true},{""name"":""On-site services"",""enabled"":true}]},{""id"":""accessibility"",""name"":""Accessibility"",""options"":[{""name"":""Wheelchair-accessible seating"",""enabled"":true},{""name"":""Wheelchair-accessible toilet"",""enabled"":true}]},{""id"":""amenities"",""name"":""Amenities"",""options"":[{""name"":""Gender-neutral toilets"",""enabled"":true}]},{""id"":""crowd"",""name"":""Crowd"",""options"":[{""name"":""LGBTQ+ friendly"",""enabled"":true}]},{""id"":""planning"",""name"":""Planning"",""options"":[{""name"":""Appointment required"",""enabled"":true}]},{""id"":""parking"",""name"":""Parking"",""options"":[{""name"":""Free of charge street parking"",""enabled"":true}]}]",[],null,
dc5180bc-cf0d-48b5-97bd-ea5bdf1953db,https://www.google.com/maps/place/Avokat+Edon+Bibaj/data=!4m7!3m6!1s0x13549f1591ea249b:0x28288dcfba630020!8m2!3d42.6342672!4d21.1732668!16s%2Fg%2F11km04_p_9!19sChIJmyTqkRWfVBMRIABjus-NKCg?authuser=0&hl=en&rclk=1,Avokat Edon Bibaj,Lawyer,"Blloku A10, Rr. Nekibe Kelmendi, nr 10 kati 4, Prishtina 10000","{""Friday"":[""8 am–4 pm""],""Monday"":[""8 am–4 pm""],""Saturday"":[""Closed""],""Sunday"":[""Closed""],""Thursday"":[""8 am–4 pm""],""Tuesday"":[""8 am–4 pm""],""Wednesday"":[""8 am–4 pm""]}",{},,+383 44 882 148,J5MF+P8 Pristina,1,5.000000,"{""1"":0,""2"":0,""3"":0,""4"":0,""5"":1}",42.634267,21.173267,2893718683910340640,,,,https://lh3.googleusercontent.com/p/AF1QipNL1lawZ5VMOfeUola6STxTzIlGSInsyGZ6mRTr=w408-h544-k-no,Europe/Belgrade,,0x13549f1591ea249b:0x28288dcfba630020,"[{""title"":""All"",""image"":""https://lh3.googleusercontent.com/p/AF1QipNL1lawZ5VMOfeUola6STxTzIlGSInsyGZ6mRTr=w224-h298-k-no""},{""title"":""By owner"",""image"":""https://lh3.googleusercontent.com/p/AF1QipNL1lawZ5VMOfeUola6STxTzIlGSInsyGZ6mRTr=w224-h298-k-no""}]",null,null,"{""link"":"""",""source"":""""}","{""id"":""110674349514007625830"",""name"":""Avokat Edon Bibaj (Owner)"",""link"":""https://www.google.com/maps/contrib/110674349514007625830""}","{""borough"":"""",""street"":""Blloku A10, Rr. Nekibe Kelmendi, nr 10 kati 4"",""city"":""Pristina"",""postal_code"":""10000"",""state"":"""",""country"":""XK""}","[{""id"":""accessibility"",""name"":""Accessibility"",""options"":[{""name"":""Wheelchair-accessible toilet"",""enabled"":true}]},{""id"":""amenities"",""name"":""Amenities"",""options"":[{""name"":""Toilet"",""enabled"":true}]}]",[],null,
dc5180bc-cf0d-48b5-97bd-ea5bdf1953db,https://www.google.com/maps/place/Avokat+Erenik+Lorenci/data=!4m7!3m6!1s0x1351e1b210cc9847:0x285ca6bbd3a8581f!8m2!3d41.7787325!4d19.644591!16s%2Fg%2F11kr87f53b!19sChIJR5jMELLhURMRH1io07umXCg?authuser=0&hl=en&rclk=1,Avokat Erenik Lorenci,Lawyer,"QJHV+FRW Avokat Erenik Lorenci, Rruga Kosova, Lezhë 4501, Albania","{""Friday"":[""8 am–4 am""],""Monday"":[""8 am–4 am""],""Saturday"":[""Closed""],""Sunday"":[""Closed""],""Thursday"":[""8 am–4 am""],""Tuesday"":[""8 am–4 am""],""Wednesday"":[""8 am–4 am""]}","{""Friday"":{""0"":56,""1"":56,""10"":26,""11"":20,""12"":23,""13"":30,""14"":36,""15"":43,""16"":56,""17"":76,""18"":66,""19"":53,""2"":36,""20"":43,""21"":60,""22"":70,""23"":86,""3"":46,""6"":0,""7"":0,""8"":50,""9"":36},""Monday"":{""0"":50,""1"":56,""10"":40,""11"":50,""12"":60,""13"":66,""14"":70,""15"":60,""16"":46,""17"":36,""18"":53,""19"":46,""2"":53,""20"":46,""21"":33,""22"":36,""23"":50,""3"":70,""6"":0,""7"":0,""8"":53,""9"":50},""Saturday"":{},""Sunday"":{},""Thursday"":{""0"":83,""1"":66,""10"":46,""11"":56,""12"":73,""13"":83,""14"":76,""15"":66,""16"":56,""17"":56,""18"":63,""19"":70,""2"":63,""20"":60,""21"":46,""22"":50,""23"":60,""3"":73,""6"":0,""7"":0,""8"":40,""9"":36},""Tuesday"":{""0"":66,""1"":46,""10"":36,""11"":46,""12"":40,""13"":40,""14"":60,""15"":73,""16"":63,""17"":53,""18"":36,""19"":40,""2"":50,""20"":63,""21"":83,""22"":100,""23"":83,""3"":50,""6"":0,""7"":0,""8"":36,""9"":43},""Wednesday"":{""0"":63,""1"":43,""10"":56,""11"":56,""12"":60,""13"":63,""14"":60,""15"":50,""16"":43,""17"":40,""18"":50,""19"":66,""2"":43,""20"":80,""21"":86,""22"":86,""23"":66,""3"":43,""6"":0,""7"":0,""8"":36,""9"":46}}",,+355 69 568 0053,,8,5.000000,"{""1"":0,""2"":0,""3"":0,""4"":0,""5"":8}",41.778732,19.644591,2908382785014618143,,,,https://streetviewpixels-pa.googleapis.com/v1/thumbnail?panoid=yHhWrz-BAq7ko2CNPc8OBA&cb_client=search.gws-prod.gps&w=408&h=240&yaw=131.16725&pitch=0&thumbfov=100,Europe/Tirane,,0x1351e1b210cc9847:0x285ca6bbd3a8581f,"[{""title"":""All"",""image"":""https://streetviewpixels-pa.googleapis.com/v1/thumbnail?panoid=yHhWrz-BAq7ko2CNPc8OBA\u0026cb_client=maps_sv.tactile.gps\u0026w=224\u0026h=298\u0026yaw=131.16725\u0026pitch=0\u0026thumbfov=100""},{""title"":""Street View \u0026 360°"",""image"":""https://streetviewpixels-pa.googleapis.com/v1/thumbnail?panoid=yHhWrz-BAq7ko2CNPc8OBA\u0026cb_client=maps_sv.tactile.gps\u0026w=224\u0026h=298\u0026yaw=131.16725\u0026pitch=0\u0026thumbfov=100""}]",null,null,"{""link"":"""",""source"":""""}","{""id"":"""",""name"":""Avokat Erenik Lorenci (Owner)"",""link"":""""}","{""borough"":"""",""street"":""QJHV+FRW, Rruga Kosova"",""city"":""Lezhë"",""postal_code"":""4501"",""state"":"""",""country"":""AL""}","[{""id"":""accessibility"",""name"":""Accessibility"",""options"":[{""name"":""Wheelchair-accessible car park"",""enabled"":true},{""name"":""Wheelchair-accessible toilet"",""enabled"":true}]},{""id"":""amenities"",""name"":""Amenities"",""options"":[{""name"":""Toilet"",""enabled"":true}]}]",[],null,
dc5180bc-cf0d-48b5-97bd-ea5bdf1953db,https://www.google.com/maps/place/Rechtsanwaltskanzlei+Mesut+Bar%C4%B1%C5%9F/data=!4m7!3m6!1s0x47bd0da7d725d9f9:0xfb471f63fee0b4e4!8m2!3d50.0919739!4d8.6745028!16s%2Fg%2F11mx6t9fbx!19sChIJ-dkl16cNvUcR5LTg_mMfR_s?authuser=0&hl=en&rclk=1,Rechtsanwaltskanzlei Mesut Barış,Law firm,"Riedhofweg 23, 60596 Frankfurt am Main",{},{},http://www.kanzleibaris.de/,069 26094754,3MRF+QR Frankfurt am Main,34,4.900000,"{""1"":1,""2"":0,""3"":0,""4"":0,""5"":33}",50.091974,8.674503,18106475341204731108,,,,https://lh3.googleusercontent.com/p/AF1QipOVKBUB46lJOtnhoVpKNYwfXrfJsPXbT2YdCR1x=w408-h544-k-no,Europe/Berlin,,0x47bd0da7d725d9f9:0xfb471f63fee0b4e4,"[{""title"":""All"",""image"":""https://lh3.googleusercontent.com/p/AF1QipOVKBUB46lJOtnhoVpKNYwfXrfJsPXbT2YdCR1x=w224-h298-k-no""},{""title"":""By owner"",""image"":""https://lh3.googleusercontent.com/p/AF1QipP48nHbKwRg39jVWqvwg4inJKsFvzwuYImqcHn0=w224-h389-k-no""},{""title"":""Street View \u0026 360°"",""image"":""https://streetviewpixels-pa.googleapis.com/v1/thumbnail?panoid=MGO51aUqXhAfmepTFZj9kA\u0026cb_client=maps_sv.tactile.gps\u0026w=224\u0026h=298\u0026yaw=38.261776\u0026pitch=0\u0026thumbfov=100""}]",null,null,"{""link"":"""",""source"":""""}","{""id"":""106663030211198195471"",""name"":""Rechtsanwaltskanzlei Mesut Barış (Owner)"",""link"":""https://www.google.com/maps/contrib/106663030211198195471""}","{""borough"":""Frankfurt-Süd"",""street"":""Riedhofweg 23"",""city"":""Frankfurt am Main"",""postal_code"":""60596"",""state"":"""",""country"":""DE""}",null,[],null,
dc5180bc-cf0d-48b5-97bd-ea5bdf1953db,https://www.google.com/maps/place/Avokat+Sokol+Jeshili/data=!4m7!3m6!1s0x1350054c237221c5:0x25a1e1e9fa248da9!8m2!3d40.9381053!4d19.7070675!16s%2Fg%2F11qgvvxwf9!19sChIJxSFyI0wFUBMRqY0k-unhoSU?authuser=0&hl=en&rclk=1,Avokat Sokol Jeshili,Lawyer,"Lagjja “Xhevdet Nepravishta, Bulevardi “Kongresi, Lushnjë 9001, Albania","{""Friday"":[""8 am–5 pm""],""Monday"":[""8 am–5 pm""],""Saturday"":[""8 am–5 pm""],""Sunday"":[""9 am–5 pm""],""Thursday"":[""8 am–5 pm""],""Tuesday"":[""8 am–5 pm""],""Wednesday"":[""8 am–5 pm""]}",{},https://sokoljeshili.al/,+355 69 330 1744,"WPQ4+6R Lushnjë, Albania",5,5.000000,"{""1"":0,""2"":0,""3"":0,""4"":0,""5"":5}",40.938105,19.707068,2711696845694078377,,,,https://lh3.googleusercontent.com/p/AF1QipNtnqzMC02L7sIZUgfzTlC4_a0IjNT9R9BUtYHQ=w425-h240-k-no,Europe/Tirane,,0x1350054c237221c5:0x25a1e1e9fa248da9,"[{""title"":""All"",""image"":""https://lh3.googleusercontent.com/p/AF1QipNtnqzMC02L7sIZUgfzTlC4_a0IjNT9R9BUtYHQ=w528-h298-k-no""},{""title"":""By owner"",""image"":""https://lh3.googleusercontent.com/p/AF1QipNRw6l04fITpbg2gU_H85Sb9u4Ow_oyNbe9yypZ=w529-h298-k-no""},{""title"":""Street View \u0026 360°"",""image"":""https://streetviewpixels-pa.googleapis.com/v1/thumbnail?panoid=evEs5_A1-ASKOCI_1ZiIPQ\u0026cb_client=maps_sv.tactile.gps\u0026w=224\u0026h=298\u0026yaw=271.80334\u0026pitch=0\u0026thumbfov=100""}]",null,null,"{""link"":"""",""source"":""""}","{""id"":""112054126393845711498"",""name"":""Avokat Sokol Jeshili (Owner)"",""link"":""https://www.google.com/maps/contrib/112054126393845711498""}","{""borough"":"""",""street"":""Lagjja “Xhevdet Nepravishta, Bulevardi “Kongresi"",""city"":""Lushnjë"",""postal_code"":""9001"",""state"":"""",""country"":""AL""}","[{""id"":""accessibility"",""name"":""Accessibility"",""options"":[{""name"":""Wheelchair-accessible toilet"",""enabled"":true}]},{""id"":""amenities"",""name"":""Amenities"",""options"":[{""name"":""Toilet"",""enabled"":true}]}]",[],null,
dc5180bc-cf0d-48b5-97bd-ea5bdf1953db,https://www.google.com/maps/place/AVOKAT+ENEA+BUSHI/data=!4m7!3m6!1s0x135031deac6dd579:0x29fce2d5e809ceeb!8m2!3d40.728512!4d19.560822!16s%2Fg%2F11p4pw996b!19sChIJedVtrN4xUBMR684J6NXi_Ck?authuser=0&hl=en&rclk=1,AVOKAT ENEA BUSHI,Law firm,"Rr. Dervish Hekali, Fier 9301, Albania","{""Friday"":[""9 am–5 pm""],""Monday"":[""9 am–5 pm""],""Saturday"":[""Closed""],""Sunday"":[""Closed""],""Thursday"":[""9 am–5 pm""],""Tuesday"":[""9 am–5 pm""],""Wednesday"":[""9 am–5 pm""]}",{},,+355 69 571 5398,"PHH6+C8 Fier, Albania",12,4.900000,"{""1"":0,""2"":0,""3"":0,""4"":1,""5"":11}",40.728512,19.560822,3025542458034999019,,,,https://lh3.googleusercontent.com/p/AF1QipNG93zNo4exoM7LlDGtyydEYK3ff-Tbxajy3CY0=w408-h408-k-no,Europe/Tirane,,0x135031deac6dd579:0x29fce2d5e809ceeb,"[{""title"":""All"",""image"":""https://lh3.googleusercontent.com/p/AF1QipNG93zNo4exoM7LlDGtyydEYK3ff-Tbxajy3CY0=w297-h298-k-no""},{""title"":""By owner"",""image"":""https://lh3.googleusercontent.com/p/AF1QipOWj-rl4jNLchCBG7U7L9fp8M33OsN-1C_0WZZt=w270-h298-k-no""},{""title"":""Street View \u0026 360°"",""image"":""https://streetviewpixels-pa.googleapis.com/v1/thumbnail?panoid=m74luknkYsBcp1odUcjxiQ\u0026cb_client=maps_sv.tactile.gps\u0026w=224\u0026h=298\u0026yaw=304.31677\u0026pitch=0\u0026thumbfov=100""}]",null,null,"{""link"":"""",""source"":""""}","{""id"":""118358515734777934443"",""name"":""AVOKAT ENEA BUSHI (Owner)"",""link"":""https://www.google.com/maps/contrib/118358515734777934443""}","{""borough"":"""",""street"":""Rr. Dervish Hekali"",""city"":""Fier"",""postal_code"":""9301"",""state"":"""",""country"":""AL""}",null,[],null,
dc5180bc-cf0d-48b5-97bd-ea5bdf1953db,https://www.google.com/maps/place/Avokat+Shkelqim+Jakupi/data=!4m7!3m6!1s0xa2d11dcefc42897b:0x9a23d508a8fa2912!8m2!3d42.6313624!4d21.0934158!16s%2Fg%2F11xp3y1bvs!19sChIJe4lC_M4d0aIREin6qAjVI5o?authuser=0&hl=en&rclk=1,Avokat Shkelqim Jakupi,Lawyer,"Bedri Pejani, Fushë Kosovë 12000",{},{},,+383 44 827 658,J3JV+G9 Kosovo Polje,1,5.000000,"{""1"":0,""2"":0,""3"":0,""4"":0,""5"":1}",42.631362,21.093416,11106955339197196562,,,,https://lh3.googleusercontent.com/p/AF1QipPwVf5OYJ7O9E4-Q_bRruallXasQiRvv824cHiv=w408-h295-k-no,Europe/Belgrade,,0xa2d11dcefc42897b:0x9a23d508a8fa2912,"[{""title"":""All"",""image"":""https://lh3.googleusercontent.com/p/AF1QipPwVf5OYJ7O9E4-Q_bRruallXasQiRvv824cHiv=w410-h298-k-no""},{""title"":""Exterior"",""image"":""https://lh3.googleusercontent.com/p/AF1QipPwVf5OYJ7O9E4-Q_bRruallXasQiRvv824cHiv=w410-h298-k-no""},{""title"":""By owner"",""image"":""https://lh3.googleusercontent.com/p/AF1QipPwVf5OYJ7O9E4-Q_bRruallXasQiRvv824cHiv=w410-h298-k-no""}]",null,null,"{""link"":"""",""source"":""""}","{""id"":""112866835142834736885"",""name"":""Avokat Shkelqim Jakupi (Owner)"",""link"":""https://www.google.com/maps/contrib/112866835142834736885""}","{""borough"":"""",""street"":""Bedri Pejani"",""city"":""Kosovo Polje"",""postal_code"":""12000"",""state"":"""",""country"":""XK""}",null,[],null,
dc5180bc-cf0d-48b5-97bd-ea5bdf1953db,https://www.google.com/maps/place/Avokat+demshperblimesh/data=!4m7!3m6!1s0x135031538fc2b511:0x8c47d65c0805112e!8m2!3d41.3208443!4d19.8099028!16s%2Fg%2F11sbzrykkw!19sChIJEbXCj1MxUBMRLhEFCFzWR4w?authuser=0&hl=en&rclk=1,Avokat demshperblimesh,Lawyer,"Tiranë 1022, Albania",{},{},,+355 67 405 4779,"8RC5+8X Tiranë, Albania",0,0.000000,"{""1"":0,""2"":0,""3"":0,""4"":0,""5"":0}",41.320844,19.809903,10108283579416252718,,,,https://streetviewpixels-pa.googleapis.com/v1/thumbnail?panoid=CEXCeu9wvdIzbtxmIZhBcA&cb_client=search.gws-prod.gps&w=408&h=240&yaw=121.37771&pitch=0&thumbfov=100,Europe/Tirane,,0x135031538fc2b511:0x8c47d65c0805112e,"[{""title"":""All"",""image"":""https://streetviewpixels-pa.googleapis.com/v1/thumbnail?panoid=CEXCeu9wvdIzbtxmIZhBcA\u0026cb_client=maps_sv.tactile.gps\u0026w=224\u0026h=298\u0026yaw=121.37771\u0026pitch=0\u0026thumbfov=100""},{""title"":""Street View \u0026 360°"",""image"":""https://streetviewpixels-pa.googleapis.com/v1/thumbnail?panoid=CEXCeu9wvdIzbtxmIZhBcA\u0026cb_client=maps_sv.tactile.gps\u0026w=224\u0026h=298\u0026yaw=121.37771\u0026pitch=0\u0026thumbfov=100""}]",null,null,"{""link"":"""",""source"":""""}","{""id"":""117567325337197033589"",""name"":""Avokat demshperblimesh (Owner)"",""link"":""https://www.google.com/maps/contrib/117567325337197033589""}","{""borough"":"""",""street"":"""",""city"":""Tiranë"",""postal_code"":""1022"",""state"":"""",""country"":""AL""}","[{""id"":""amenities"",""name"":""Amenities"",""options"":[{""name"":""Toilet"",""enabled"":true}]}]",[],null,
dc5180bc-cf0d-48b5-97bd-ea5bdf1953db,https://www.google.com/maps/place/Ekrem+Agushi+avokat/data=!4m7!3m6!1s0x13549fc8c3469d17:0x3f8baba27ec223f9!8m2!3d42.6610875!4d21.1616754!16s%2Fg%2F11m5zx58pj!19sChIJF51Gw8ifVBMR-SPCfqKriz8?authuser=0&hl=en&rclk=1,Ekrem Agushi avokat,Lawyer,"nr.32/1a Sheshi ""Nëna Terez, Prishtina 10000","{""Friday"":[""9 am–5 pm""],""Monday"":[""9 am–5 pm""],""Saturday"":[""Closed""],""Sunday"":[""Closed""],""Thursday"":[""9 am–5 pm""],""Tuesday"":[""9 am–5 pm""],""Wednesday"":[""9 am–5 pm""]}",{},,+383 44 442 425,M566+CM Pristina,1,5.000000,"{""1"":0,""2"":0,""3"":0,""4"":0,""5"":1}",42.661088,21.161675,4578942160551945209,,,,https://lh3.googleusercontent.com/p/AF1QipPS9yzzPvAKWME7Sf7Gp0vrOjQoKz9Pb9HeCwj_=w408-h725-k-no,Europe/Belgrade,,0x13549fc8c3469d17:0x3f8baba27ec223f9,"[{""title"":""All"",""image"":""https://lh3.googleusercontent.com/p/AF1QipPS9yzzPvAKWME7Sf7Gp0vrOjQoKz9Pb9HeCwj_=w224-h398-k-no""},{""title"":""By owner"",""image"":""https://lh3.googleusercontent.com/p/AF1QipMyQZ4BZwKjx8zHhBV8qRnqdhRJA4Knu5Wlzpug=w303-h298-k-no""},{""title"":""Videos"",""image"":""https://lh3.googleusercontent.com/p/AF1QipPS9yzzPvAKWME7Sf7Gp0vrOjQoKz9Pb9HeCwj_=w224-h398-k-no""}]",null,null,"{""link"":"""",""source"":""""}","{""id"":""103113628802434507005"",""name"":""Ekrem Agushi avokat (Owner)"",""link"":""https://www.google.com/maps/contrib/103113628802434507005""}","{""borough"":"""",""street"":""nr.32/1a Sheshi \""Nëna Terez"",""city"":""Pristina"",""postal_code"":""10000"",""state"":"""",""country"":""XK""}",null,[],null,
dc5180bc-cf0d-48b5-97bd-ea5bdf1953db,https://www.google.com/maps/place/Avokat+Mentor+Bogaj/data=!4m7!3m6!1s0x13549f004fa8bad1:0x7b1bbdc7b6bad583!8m2!3d42.6337457!4d21.1746329!16s%2Fg%2F11yl756pvq!19sChIJ0bqoTwCfVBMRg9W6tse9G3s?authuser=0&hl=en&rclk=1,Avokat Mentor Bogaj,Law firm,"Obj. Liridoni, Nekibe Kelmendi, nr.27 1, Prishtina 10510",{},{},,,,0,0.000000,"{""1"":0,""2"":0,""3"":0,""4"":0,""5"":0}",42.633746,21.174633,8870892556498163075,,,,,Europe/Belgrade,,0x13549f004fa8bad1:0x7b1bbdc7b6bad583,[],null,null,"{""link"":"""",""source"":""""}","{""id"":"""",""name"":""Avokat Mentor Bogaj (Owner)"",""link"":""""}","{""borough"":"""",""street"":"""",""city"":"""",""postal_code"":"""",""state"":"""",""country"":""""}",null,[],null,
dc5180bc-cf0d-48b5-97bd-ea5bdf1953db,https://www.google.com/maps/place/Avokat+BILBIL+ORU%C3%87I/data=!4m7!3m6!1s0x1353a39b1a187f15:0x7e3076a86db84cc4!8m2!3d42.3978995!4d20.6582875!16s%2Fg%2F11l6jlrpx4!19sChIJFX8YGpujUxMRxEy4bah2MH4?authuser=0&hl=en&rclk=1,Avokat BILBIL ORUÇI,Law firm,"Rr, p.n XHelal Hajda- Toni, Rahovec",{},{},,,,3,5.000000,"{""1"":0,""2"":0,""3"":0,""4"":0,""5"":3}",42.397900,20.658288,9092898113428409540,,,,,Europe/Belgrade,,0x1353a39b1a187f15:0x7e3076a86db84cc4,[],null,null,"{""link"":"""",""source"":""""}","{""id"":"""",""name"":""Avokat BILBIL ORUÇI (Owner)"",""link"":""""}","{""borough"":"""",""street"":"""",""city"":"""",""postal_code"":"""",""state"":"""",""country"":""""}",null,[],null,
dc5180bc-cf0d-48b5-97bd-ea5bdf1953db,https://www.google.com/maps/place/Kosumi+Law+Office+%7C+Avokat+Bajram+Kosumi/data=!4m7!3m6!1s0x13549f62858db2ef:0x2c4d0319efe4aa53!8m2!3d42.6523972!4d21.1729509!16s%2Fg%2F11x1x_g972!19sChIJ77KNhWKfVBMRU6rk7xkDTSw?authuser=0&hl=en&rclk=1,Kosumi Law Office | Avokat Bajram Kosumi,Trial attorney,"Enver Maloku, Nr.4 Hy.10, Prishtina 10000",{},{},,+383 44 163 183,M52F+X5 Pristina,8,5.000000,"{""1"":0,""2"":0,""3"":0,""4"":0,""5"":8}",42.652397,21.172951,3192211120809355859,,,,https://lh3.googleusercontent.com/p/AF1QipPe82lFDPYjpf_KSlVHb4-WOkied9JOhraZaPPa=w424-h240-k-no,Europe/Belgrade,,0x13549f62858db2ef:0x2c4d0319efe4aa53,"[{""title"":""All"",""image"":""https://lh3.googleusercontent.com/p/AF1QipPe82lFDPYjpf_KSlVHb4-WOkied9JOhraZaPPa=w526-h298-k-no""},{""title"":""By owner"",""image"":""https://lh3.googleusercontent.com/p/AF1QipOsvlJ2DZ_WuzIDLgKmWxwse_SpnhkrLAackrow=w298-h298-k-no""}]",null,null,"{""link"":"""",""source"":""""}","{""id"":""112681364440680630545"",""name"":""Kosumi Law Office | Avokat Bajram Kosumi (Owner)"",""link"":""https://www.google.com/maps/contrib/112681364440680630545""}","{""borough"":"""",""street"":""Enver Maloku, Nr.4 Hy.10"",""city"":""Pristina"",""postal_code"":""10000"",""state"":"""",""country"":""XK""}","[{""id"":""amenities"",""name"":""Amenities"",""options"":[{""name"":""Toilet"",""enabled"":true}]},{""id"":""planning"",""name"":""Planning"",""options"":[{""name"":""Appointment required"",""enabled"":true}]},{""id"":""parking"",""name"":""Parking"",""options"":[{""name"":""On-site parking"",""enabled"":true}]}]",[],null,
dc5180bc-cf0d-48b5-97bd-ea5bdf1953db,https://www.google.com/maps/place/AVOKAT+BESIM+ABDULLAHU/data=!4m7!3m6!1s0x13549fc7c13e205d:0xf5806f136b438328!8m2!3d42.6541772!4d21.1535462!16s%2Fg%2F11wc3gctlf!19sChIJXSA-wcefVBMRKINDaxNvgPU?authuser=0&hl=en&rclk=1,AVOKAT BESIM ABDULLAHU,Lawyer,"Bulevardi Bill Klinton Bll. 5, Llam.1, nr. 5 Dardani, Prishtina 10000","{""Friday"":[""8 am–4 pm""],""Monday"":[""8 am–4 pm""],""Saturday"":[""Closed""],""Sunday"":[""Closed""],""Thursday"":[""8 am–4 pm""],""Tuesday"":[""8 am–4 pm""],""Wednesday"":[""8 am–4 pm""]}",{},https://oak-ks.org/avokatet?avokatet=besim+abdullahu,+383 46 770 777,M533+MC Pristina,1,5.000000,"{""1"":0,""2"":0,""3"":0,""4"":0,""5"":1}",42.654177,21.153546,17690261465505956648,,,,https://lh3.googleusercontent.com/p/AF1QipOfxNmmU5_DQmcFQsm8gSTE-yOtnUH5lw4ey4DX=w408-h591-k-no,Europe/Belgrade,,0x13549fc7c13e205d:0xf5806f136b438328,"[{""title"":""All"",""image"":""https://lh3.googleusercontent.com/p/AF1QipOfxNmmU5_DQmcFQsm8gSTE-yOtnUH5lw4ey4DX=w224-h324-k-no""},{""title"":""By owner"",""image"":""https://lh3.googleusercontent.com/p/AF1QipOfxNmmU5_DQmcFQsm8gSTE-yOtnUH5lw4ey4DX=w224-h324-k-no""}]",null,null,"{""link"":"""",""source"":""""}","{""id"":""106166224385588143226"",""name"":""AVOKAT BESIM ABDULLAHU (Owner)"",""link"":""https://www.google.com/maps/contrib/106166224385588143226""}","{""borough"":"""",""street"":""Bulevardi Bill Klinton Bll. 5, Llam.1, nr. 5 Dardani"",""city"":""Pristina"",""postal_code"":""10000"",""state"":"""",""country"":""XK""}","[{""id"":""amenities"",""name"":""Amenities"",""options"":[{""name"":""Toilet"",""enabled"":true}]},{""id"":""parking"",""name"":""Parking"",""options"":[{""name"":""Free of charge street parking"",""enabled"":true}]}]",[],null,
dc5180bc-cf0d-48b5-97bd-ea5bdf1953db,https://www.google.com/maps/place/Avokat+Arton+Haziri/data=!4m7!3m6!1s0x1354f36b74ff7a33:0xae48225cddd65d13!8m2!3d42.4703187!4d21.4788497!16s%2Fg%2F11j7jp24ly!19sChIJM3r_dGvzVBMRE13W3VwiSK4?authuser=0&hl=en&rclk=1,Avokat Arton Haziri,Law firm,"Rruga Marie Shllaku, Gjilan 60000",{},{},https://www.oak-ks.org/avokatet?avokatet=Arton+haziri,+383 49 145 645,FFCH+4G Gjilan,6,4.800000,"{""1"":0,""2"":0,""3"":0,""4"":1,""5"":5}",42.470319,21.478850,12558325343176776979,,,,https://lh3.googleusercontent.com/p/AF1QipMv0lxsC_yh47lm-fV47kJ6OYu4PNSVZBM4A89u=w408-h408-k-no,Europe/Belgrade,,0x1354f36b74ff7a33:0xae48225cddd65d13,"[{""title"":""All"",""image"":""https://lh3.googleusercontent.com/p/AF1QipMv0lxsC_yh47lm-fV47kJ6OYu4PNSVZBM4A89u=w297-h298-k-no""},{""title"":""By owner"",""image"":""https://lh3.googleusercontent.com/p/AF1QipP1UWYsTX8PhU3wEUQe6xz4Ev8y4Zy4SxOKn4By=w254-h298-k-no""}]",null,null,"{""link"":"""",""source"":""""}","{""id"":""111646972011850249704"",""name"":""Avokat Arton Haziri (Owner)"",""link"":""https://www.google.com/maps/contrib/111646972011850249704""}","{""borough"":"""",""street"":""Rruga Marie Shllaku"",""city"":""Gjilan"",""postal_code"":"""",""state"":"""",""country"":""XK""}","[{""id"":""service_options"",""name"":""Service options"",""options"":[{""name"":""On-site services"",""enabled"":true},{""name"":""Online appointments"",""enabled"":false}]},{""id"":""accessibility"",""name"":""Accessibility"",""options"":[{""name"":""Wheelchair-accessible car park"",""enabled"":true}]}]",[],null,
dc5180bc-cf0d-48b5-97bd-ea5bdf1953db,https://www.google.com/maps/place/Avokat+Ilir+Myftiu/data=!4m7!3m6!1s0x134fdff1105e50c7:0xe56430c8747f780d!8m2!3d41.1830836!4d19.5606999!16s%2Fg%2F11fxx3z051!19sChIJx1BeEPHfTxMRDXh_dMgwZOU?authuser=0&hl=en&rclk=1,Avokat Ilir Myftiu,Lawyer,"Rruga Skuraj 6393, Kavajë, Albania","{""Friday"":[""Open 24 hours""],""Monday"":[""Open 24 hours""],""Saturday"":[""Open 24 hours""],""Sunday"":[""Open 24 hours""],""Thursday"":[""Open 24 hours""],""Tuesday"":[""Open 24 hours""],""Wednesday"":[""Open 24 hours""]}","{""Friday"":{""0"":46,""1"":33,""10"":40,""11"":33,""12"":33,""13"":26,""14"":26,""15"":26,""16"":33,""17"":40,""18"":60,""19"":73,""2"":46,""20"":80,""21"":46,""22"":46,""23"":33,""3"":40,""4"":53,""5"":53,""6"":40,""7"":46,""8"":53,""9"":40},""Monday"":{""0"":46,""1"":53,""10"":53,""11"":60,""12"":66,""13"":40,""14"":33,""15"":40,""16"":40,""17"":46,""18"":33,""19"":46,""2"":53,""20"":100,""21"":86,""22"":86,""23"":53,""3"":53,""4"":46,""5"":40,""6"":20,""7"":13,""8"":33,""9"":33},""Saturday"":{""0"":40,""1"":40,""10"":26,""11"":26,""12"":26,""13"":60,""14"":53,""15"":66,""16"":33,""17"":33,""18"":26,""19"":33,""2"":26,""20"":20,""21"":26,""22"":26,""23"":33,""3"":13,""4"":20,""5"":26,""6"":33,""7"":26,""8"":40,""9"":33},""Sunday"":{""0"":33,""1"":40,""10"":33,""11"":20,""12"":33,""13"":33,""14"":53,""15"":66,""16"":73,""17"":60,""18"":60,""19"":40,""2"":60,""20"":20,""21"":20,""22"":26,""23"":26,""3"":66,""4"":60,""5"":60,""6"":40,""7"":60,""8"":66,""9"":60},""Thursday"":{""0"":40,""1"":46,""10"":53,""11"":53,""12"":60,""13"":46,""14"":40,""15"":66,""16"":73,""17"":60,""18"":60,""19"":53,""2"":46,""20"":60,""21"":46,""22"":40,""23"":26,""3"":46,""4"":46,""5"":46,""6"":33,""7"":20,""8"":13,""9"":26},""Tuesday"":{""0"":66,""1"":53,""10"":6,""11"":0,""12"":0,""13"":0,""14"":13,""15"":33,""16"":53,""17"":40,""18"":40,""19"":26,""2"":40,""20"":20,""21"":6,""22"":13,""23"":26,""3"":40,""4"":33,""5"":46,""6"":40,""7"":46,""8"":33,""9"":26},""Wednesday"":{""0"":40,""1"":40,""10"":46,""11"":46,""12"":40,""13"":40,""14"":26,""15"":53,""16"":46,""17"":53,""18"":33,""19"":26,""2"":40,""20"":13,""21"":20,""22"":13,""23"":26,""3"":33,""4"":33,""5"":33,""6"":46,""7"":40,""8"":46,""9"":26}}",,+355 69 376 3159,"5HM6+67 Kavajë, Albania",0,0.000000,"{""1"":0,""2"":0,""3"":0,""4"":0,""5"":0}",41.183084,19.560700,16529390169862666253,,,,https://streetviewpixels-pa.googleapis.com/v1/thumbnail?panoid=E0ikucp4vUESoikrIkVl1Q&cb_client=search.gws-prod.gps&w=408&h=240&yaw=141.58826&pitch=0&thumbfov=100,Europe/Tirane,,0x134fdff1105e50c7:0xe56430c8747f780d,"[{""title"":""All"",""image"":""https://streetviewpixels-pa.googleapis.com/v1/thumbnail?panoid=E0ikucp4vUESoikrIkVl1Q\u0026cb_client=maps_sv.tactile.gps\u0026w=224\u0026h=298\u0026yaw=141.58826\u0026pitch=0\u0026thumbfov=100""},{""title"":""Exterior"",""image"":""https://lh3.googleusercontent.com/gps-cs-s/AG0ilSyyuwGF2MN59tspnaCwXVF4bhyYgvDpaAczHi2I9sb2a6f3EcyycPbrbaet7u1shWWF1LmadDe29GB7yScCpA8RQHeJvMi8cS7ijgkywUAwqJlhsEY_QqqLqn6w3kg9m6QJbI6lJA=w224-h300-k-no""},{""title"":""Street View \u0026 360°"",""image"":""https://streetviewpixels-pa.googleapis.com/v1/thumbnail?panoid=E0ikucp4vUESoikrIkVl1Q\u0026cb_client=maps_sv.tactile.gps\u0026w=224\u0026h=298\u0026yaw=141.58826\u0026pitch=0\u0026thumbfov=100""}]",null,null,"{""link"":"""",""source"":""""}","{""id"":"""",""name"":""Avokat Ilir Myftiu (Owner)"",""link"":""""}","{""borough"":"""",""street"":""Rruga Skuraj 6393"",""city"":""Kavajë"",""postal_code"":"""",""state"":"""",""country"":""AL""}","[{""id"":""accessibility"",""name"":""Accessibility"",""options"":[{""name"":""Wheelchair-accessible car park"",""enabled"":true},{""name"":""Wheelchair-accessible toilet"",""enabled"":true}]},{""id"":""amenities"",""name"":""Amenities"",""options"":[{""name"":""Toilet"",""enabled"":true}]}]",[],null,
dc5180bc-cf0d-48b5-97bd-ea5bdf1953db,https://www.google.com/maps/place/Avokat+Gezim+Hoti/data=!4m7!3m6!1s0x13549f86e1e73e2b:0x7259a59a18f329d7!8m2!3d42.6500911!4d21.1584742!16s%2Fg%2F11xlzb7g_x!19sChIJKz7n4YafVBMR1ynzGJqlWXI?authuser=0&hl=en&rclk=1,Avokat Gezim Hoti,Law firm,"Bulevardi Dëshmorët e Kombit, Prishtina 10000",{},{},,+383 49 321 653,M525+29 Pristina,7,5.000000,"{""1"":0,""2"":0,""3"":0,""4"":0,""5"":7}",42.650091,21.158474,8239799074513168855,,,,https://lh3.googleusercontent.com/p/AF1QipMocVFjLwuFTxhVV5tW36r1N237dxJQsa42F4h5=w426-h240-k-no,Europe/Belgrade,,0x13549f86e1e73e2b:0x7259a59a18f329d7,"[{""title"":""All"",""image"":""https://lh3.googleusercontent.com/p/AF1QipMocVFjLwuFTxhVV5tW36r1N237dxJQsa42F4h5=w529-h298-k-no""},{""title"":""By owner"",""image"":""https://lh3.googleusercontent.com/p/AF1QipPmSL7Ycwq5HuZadg9OoZaiqv4uxU5hNrFb6eAW=w446-h298-k-no""}]",null,null,"{""link"":"""",""source"":""""}","{""id"":""118276715498215046770"",""name"":""Avokat Gezim Hoti (Owner)"",""link"":""https://www.google.com/maps/contrib/118276715498215046770""}","{""borough"":"""",""street"":""Bulevardi Dëshmorët e Kombit"",""city"":""Pristina"",""postal_code"":""10000"",""state"":"""",""country"":""XK""}",null,[],null,
dc5180bc-cf0d-48b5-97bd-ea5bdf1953db,https://www.google.com/maps/place/Meci+%26+Associates+%22Avokat+Gentjan+Meci%22/data=!4m7!3m6!1s0x13503101beade24b:0x1dbf860837e712c0!8m2!3d41.323199!4d19.7989524!16s%2Fg%2F11pcmpdrbf!19sChIJS-KtvgExUBMRwBLnNwiGvx0?authuser=0&hl=en&rclk=1,"Meci & Associates ""Avokat Gentjan Meci""",Lawyer,"Hyrja 2, Kati 10, Rr. Kavajes, Kompleksi ""Square, Tiranë 1001, Albania",{},"{""Friday"":{""0"":33,""1"":50,""10"":16,""11"":5,""12"":0,""13"":0,""14"":5,""15"":22,""16"":33,""17"":27,""18"":22,""19"":33,""2"":44,""20"":27,""21"":50,""22"":50,""23"":38,""3"":27,""4"":11,""5"":16,""6"":27,""7"":27,""8"":27,""9"":16},""Monday"":{""0"":50,""1"":55,""10"":22,""11"":16,""12"":11,""13"":11,""14"":16,""15"":44,""16"":50,""17"":61,""18"":66,""19"":61,""2"":27,""20"":38,""21"":50,""22"":38,""23"":55,""3"":16,""4"":33,""5"":44,""6"":38,""7"":33,""8"":27,""9"":33},""Saturday"":{""0"":50,""1"":55,""10"":11,""11"":27,""12"":50,""13"":66,""14"":61,""15"":61,""16"":27,""17"":27,""18"":27,""19"":44,""2"":50,""20"":50,""21"":66,""22"":66,""23"":50,""3"":33,""4"":27,""5"":33,""6"":38,""7"":22,""8"":16,""9"":5},""Sunday"":{""0"":44,""1"":33,""10"":27,""11"":27,""12"":16,""13"":22,""14"":27,""15"":44,""16"":44,""17"":38,""18"":27,""19"":38,""2"":27,""20"":38,""21"":50,""22"":55,""23"":44,""3"":22,""4"":11,""5"":11,""6"":27,""7"":16,""8"":22,""9"":27},""Thursday"":{""0"":27,""1"":33,""10"":16,""11"":11,""12"":16,""13"":33,""14"":38,""15"":61,""16"":72,""17"":100,""18"":77,""19"":77,""2"":22,""20"":38,""21"":16,""22"":0,""23"":16,""3"":33,""4"":33,""5"":44,""6"":33,""7"":22,""8"":27,""9"":33},""Tuesday"":{""0"":11,""1"":11,""10"":44,""11"":27,""12"":16,""13"":11,""14"":11,""15"":33,""16"":33,""17"":44,""18"":50,""19"":61,""2"":5,""20"":66,""21"":44,""22"":27,""23"":11,""3"":11,""4"":22,""5"":27,""6"":22,""7"":22,""8"":33,""9"":38},""Wednesday"":{""0"":22,""1"":27,""10"":50,""11"":44,""12"":50,""13"":33,""14"":27,""15"":22,""16"":5,""17"":5,""18"":16,""19"":27,""2"":33,""20"":50,""21"":38,""22"":22,""23"":22,""3"":27,""4"":16,""5"":27,""6"":33,""7"":22,""8"":33,""9"":33}}",http://www.meci.al/,+355 67 600 0001,"8QFX+7H Tiranë, Albania",0,0.000000,"{""1"":0,""2"":0,""3"":0,""4"":0,""5"":0}",41.323199,19.798952,2143579317507396288,,,,https://lh3.googleusercontent.com/p/AF1QipNdz3egLbeQqw-rKmdMAqZEHYLGLsQe66DHbU0V=w426-h240-k-no,Europe/Tirane,,0x13503101beade24b:0x1dbf860837e712c0,"[{""title"":""All"",""image"":""https://lh3.googleusercontent.com/p/AF1QipNdz3egLbeQqw-rKmdMAqZEHYLGLsQe66DHbU0V=w529-h298-k-no""},{""title"":""Inside"",""image"":""https://lh3.googleusercontent.com/p/AF1QipPYBbPQyFdfw5nkhG4hIAF3mOcj4t2bJjX2XifS=w397-h298-k-no""},{""title"":""By owner"",""image"":""https://lh3.googleusercontent.com/p/AF1QipOLQQ1HgoJRlHt8Z837U1y_fOiQpSq3ZAwxpkAX=w530-h298-k-no""},{""title"":""Street View \u0026 360°"",""image"":""https://streetviewpixels-pa.googleapis.com/v1/thumbnail?panoid=loDT5Wf6PudXiOtT40GY9w\u0026cb_client=maps_sv.tactile.gps\u0026w=224\u0026h=298\u0026yaw=307.52234\u0026pitch=0\u0026thumbfov=100""}]",null,"[{""link"":""https://meci.al/kontakt/"",""source"":""meci.al""}]","{""link"":"""",""source"":""""}","{""id"":""102098958795633469546"",""name"":""Meci \u0026 Associates \""Avokat Gentjan Meci\"" (Owner)"",""link"":""https://www.google.com/maps/contrib/102098958795633469546""}","{""borough"":"""",""street"":""Hyrja 2, Kati 10, Rr. Kavajes, Kompleksi \""Square"",""city"":""Tiranë"",""postal_code"":""1001"",""state"":"""",""country"":""AL""}","[{""id"":""service_options"",""name"":""Service options"",""options"":[{""name"":""Online appointments"",""enabled"":true},{""name"":""On-site services"",""enabled"":true}]},{""id"":""accessibility"",""name"":""Accessibility"",""options"":[{""name"":""Wheelchair-accessible entrance"",""enabled"":true},{""name"":""Wheelchair-accessible seating"",""enabled"":true},{""name"":""Wheelchair-accessible toilet"",""enabled"":true}]},{""id"":""amenities"",""name"":""Amenities"",""options"":[{""name"":""Gender-neutral toilets"",""enabled"":true},{""name"":""Toilet"",""enabled"":true}]},{""id"":""planning"",""name"":""Planning"",""options"":[{""name"":""Appointments recommended"",""enabled"":true}]},{""id"":""parking"",""name"":""Parking"",""options"":[{""name"":""Paid parking lot"",""enabled"":true}]}]",[],null,
dc5180bc-cf0d-48b5-97bd-ea5bdf1953db,https://www.google.com/maps/place/Avokat+Agron+%C3%87elaj/data=!4m7!3m6!1s0x135ab1bd3158e579:0xcc4e7cb3651118f9!8m2!3d40.5975079!4d19.7373487!16s%2Fg%2F11h4mpz56b!19sChIJeeVYMb2xWhMR-RgRZbN8Tsw?authuser=0&hl=en&rclk=1,Avokat Agron Çelaj,Law firm,"Rruga Dervish Hekali, Ballsh, Albania","{""Friday"":[""Open 24 hours""],""Monday"":[""Open 24 hours""],""Saturday"":[""Open 24 hours""],""Sunday"":[""Open 24 hours""],""Thursday"":[""Open 24 hours""],""Tuesday"":[""Open 24 hours""],""Wednesday"":[""Open 24 hours""]}","{""Friday"":{""0"":25,""1"":18,""10"":50,""11"":31,""12"":25,""13"":31,""14"":43,""15"":56,""16"":37,""17"":31,""18"":31,""19"":31,""2"":31,""20"":37,""21"":68,""22"":50,""23"":37,""3"":25,""4"":25,""5"":18,""6"":37,""7"":56,""8"":50,""9"":68},""Monday"":{""0"":12,""1"":12,""10"":56,""11"":56,""12"":37,""13"":37,""14"":43,""15"":56,""16"":50,""17"":25,""18"":18,""19"":12,""2"":25,""20"":25,""21"":31,""22"":25,""23"":25,""3"":18,""4"":31,""5"":31,""6"":31,""7"":18,""8"":31,""9"":56},""Saturday"":{""0"":43,""1"":50,""10"":56,""11"":50,""12"":31,""13"":31,""14"":18,""15"":12,""16"":6,""17"":12,""18"":25,""19"":43,""2"":43,""20"":25,""21"":18,""22"":6,""23"":25,""3"":43,""4"":50,""5"":37,""6"":37,""7"":25,""8"":31,""9"":37},""Sunday"":{""0"":43,""1"":37,""10"":62,""11"":56,""12"":43,""13"":68,""14"":50,""15"":50,""16"":56,""17"":56,""18"":50,""19"":50,""2"":37,""20"":31,""21"":25,""22"":18,""23"":31,""3"":50,""4"":50,""5"":37,""6"":18,""7"":12,""8"":31,""9"":43},""Thursday"":{""0"":25,""1"":37,""10"":50,""11"":31,""12"":18,""13"":0,""14"":0,""15"":12,""16"":25,""17"":43,""18"":43,""19"":37,""2"":62,""20"":25,""21"":25,""22"":12,""23"":18,""3"":50,""4"":31,""5"":43,""6"":50,""7"":75,""8"":62,""9"":62},""Tuesday"":{""0"":68,""1"":56,""10"":100,""11"":56,""12"":50,""13"":25,""14"":25,""15"":31,""16"":31,""17"":12,""18"":18,""19"":25,""2"":31,""20"":50,""21"":75,""22"":75,""23"":81,""3"":25,""4"":18,""5"":18,""6"":56,""7"":50,""8"":68,""9"":62},""Wednesday"":{""0"":50,""1"":50,""10"":75,""11"":43,""12"":43,""13"":43,""14"":37,""15"":43,""16"":50,""17"":37,""18"":37,""19"":43,""2"":31,""20"":31,""21"":43,""22"":31,""23"":37,""3"":18,""4"":31,""5"":37,""6"":37,""7"":18,""8"":43,""9"":50}}",,+355 68 401 6714,"HPXP+2W Ballsh, Albania",0,0.000000,"{""1"":0,""2"":0,""3"":0,""4"":0,""5"":0}",40.597508,19.737349,14721841341857339641,,,,,Europe/Tirane,,0x135ab1bd3158e579:0xcc4e7cb3651118f9,[],null,null,"{""link"":"""",""source"":""""}","{""id"":"""",""name"":""Avokat Agron Çelaj (Owner)"",""link"":""""}","{""borough"":"""",""street"":""Rruga Dervish Hekali"",""city"":""Ballsh"",""postal_code"":"""",""state"":"""",""country"":""AL""}",null,[],null,
dc5180bc-cf0d-48b5-97bd-ea5bdf1953db,https://www.google.com/maps/place/Avokat+Jetullah+Aliu/data=!4m7!3m6!1s0x13549fe62a1bdd4d:0xd62f933568d9d26f!8m2!3d42.6413522!4d21.1727408!16s%2Fg%2F11zhx3__14!19sChIJTd0bKuafVBMRb9LZaDWTL9Y?authuser=0&hl=en&rclk=1,Avokat Jetullah Aliu,Lawyer,"Malush Kosova, Pristina, Prishtine 10000","{""Friday"":[""8 am–4 pm""],""Monday"":[""8 am–4 pm""],""Saturday"":[""Closed""],""Sunday"":[""Closed""],""Thursday"":[""8 am–4 pm""],""Tuesday"":[""8 am–4 pm""],""Wednesday"":[""8 am–4 pm""]}",{},,+383 44 126 394,J5RF+G3 Pristina,6,5.000000,"{""1"":0,""2"":0,""3"":0,""4"":0,""5"":6}",42.641352,21.172741,15433716305623634543,,,,https://lh3.googleusercontent.com/p/AF1QipNqUH-b62N7tF8-aeVBEJ6gYXeLiwGLQkSKudv2=w408-h306-k-no,Europe/Belgrade,,0x13549fe62a1bdd4d:0xd62f933568d9d26f,"[{""title"":""All"",""image"":""https://lh3.googleusercontent.com/p/AF1QipNqUH-b62N7tF8-aeVBEJ6gYXeLiwGLQkSKudv2=w397-h298-k-no""},{""title"":""Exterior"",""image"":""https://lh3.googleusercontent.com/p/AF1QipNqUH-b62N7tF8-aeVBEJ6gYXeLiwGLQkSKudv2=w397-h298-k-no""},{""title"":""By owner"",""image"":""https://lh3.googleusercontent.com/p/AF1QipNqUH-b62N7tF8-aeVBEJ6gYXeLiwGLQkSKudv2=w397-h298-k-no""}]",null,null,"{""link"":"""",""source"":""""}","{""id"":""102822902849422043418"",""name"":""Avokat Jetullah Aliu (Owner)"",""link"":""https://www.google.com/maps/contrib/102822902849422043418""}","{""borough"":"""",""street"":""Malush Kosova, Pristina"",""city"":""Prishtine"",""postal_code"":""10000"",""state"":"""",""country"":""XK""}",null,[],null,
dc5180bc-cf0d-48b5-97bd-ea5bdf1953db,https://www.google.com/maps/place/Avokat+Alban+Arifi/data=!4m7!3m6!1s0x13549f185033b395:0x5aaf543a51cbf26e!8m2!3d42.662042!4d21.1614916!16s%2Fg%2F11ygzm7dwt!19sChIJlbMzUBifVBMRbvLLUTpUr1o?authuser=0&hl=en&rclk=1,Avokat Alban Arifi,Legal services,"Hyrja 19, Rexhep Luci, Numri 13, Prishtina 10000","{""Friday"":[""8 am–5 pm""],""Monday"":[""8 am–5 pm""],""Saturday"":[""Closed""],""Sunday"":[""Closed""],""Thursday"":[""8 am–5 pm""],""Tuesday"":[""8 am–5 pm""],""Wednesday"":[""8 am–5 pm""]}",{},,+383 44 200 261,M566+RH Pristina,8,5.000000,"{""1"":0,""2"":0,""3"":0,""4"":0,""5"":8}",42.662042,21.161492,6534534193795035758,,,,https://lh3.googleusercontent.com/p/AF1QipOyPU4EGBaLyznSSRaC4RBkcalzyHKsGcitQk6p=w408-h408-k-no,Europe/Belgrade,,0x13549f185033b395:0x5aaf543a51cbf26e,"[{""title"":""All"",""image"":""https://lh3.googleusercontent.com/p/AF1QipOyPU4EGBaLyznSSRaC4RBkcalzyHKsGcitQk6p=w298-h298-k-no""},{""title"":""By owner"",""image"":""https://lh3.googleusercontent.com/p/AF1QipOyPU4EGBaLyznSSRaC4RBkcalzyHKsGcitQk6p=w298-h298-k-no""}]",null,null,"{""link"":"""",""source"":""""}","{""id"":""112248509686204566654"",""name"":""Avokat Alban Arifi (Owner)"",""link"":""https://www.google.com/maps/contrib/112248509686204566654""}","{""borough"":"""",""street"":""Hyrja 19, Rexhep Luci, Numri 13"",""city"":""Pristina"",""postal_code"":""10000"",""state"":"""",""country"":""XK""}",null,[],null,
dc5180bc-cf0d-48b5-97bd-ea5bdf1953db,https://www.google.com/maps/place/Avokat+Arnold+Petushi/data=!4m7!3m6!1s0x1350316d967e2b1f:0xad2b03e512401bd1!8m2!3d41.3239976!4d19.8165598!16s%2Fg%2F11f61w4hqk!19sChIJHyt-lm0xUBMR0RtAEuUDK60?authuser=0&hl=en&rclk=1,Avokat Arnold Petushi,Law firm,"8RF8+HJV Avokat Arnold Petushi, Rruga Reshit Çollaku, Tiranë 1001, Albania",{},{},,,,0,0.000000,"{""1"":0,""2"":0,""3"":0,""4"":0,""5"":0}",41.323998,19.816560,12478071474948676561,,,,https://streetviewpixels-pa.googleapis.com/v1/thumbnail?panoid=qA2lcBCfzugpc1sxEMo2Dw&cb_client=search.gws-prod.gps&w=408&h=240&yaw=187.17221&pitch=0&thumbfov=100,Europe/Tirane,,0x1350316d967e2b1f:0xad2b03e512401bd1,"[{""title"":""All"",""image"":""https://streetviewpixels-pa.googleapis.com/v1/thumbnail?panoid=qA2lcBCfzugpc1sxEMo2Dw\u0026cb_client=maps_sv.tactile.gps\u0026w=224\u0026h=298\u0026yaw=187.17221\u0026pitch=0\u0026thumbfov=100""},{""title"":""Street View \u0026 360°"",""image"":""https://streetviewpixels-pa.googleapis.com/v1/thumbnail?panoid=qA2lcBCfzugpc1sxEMo2Dw\u0026cb_client=maps_sv.tactile.gps\u0026w=224\u0026h=298\u0026yaw=187.17221\u0026pitch=0\u0026thumbfov=100""}]",null,null,"{""link"":"""",""source"":""""}","{""id"":"""",""name"":""Avokat Arnold Petushi (Owner)"",""link"":""""}","{""borough"":"""",""street"":"""",""city"":"""",""postal_code"":"""",""state"":"""",""country"":""""}",null,[],null,
dc5180bc-cf0d-48b5-97bd-ea5bdf1953db,https://www.google.com/maps/place/Avokat+Genc+Kadriu/data=!4m7!3m6!1s0x13547f4e58f73bfb:0x9e41ef41d85c963c!8m2!3d42.3761903!4d21.1473868!16s%2Fg%2F11x0h0457l!19sChIJ-zv3WE5_VBMRPJZc2EHvQZ4?authuser=0&hl=en&rclk=1,Avokat Genc Kadriu,Lawyer,"Blloku A, Hyrja 1, Sali Çeku, Kati 1, Ferizaj 70000",{},{},,+383 48 777 412,94GW+FX Ferizaj,10,5.000000,"{""1"":0,""2"":0,""3"":0,""4"":0,""5"":10}",42.376190,21.147387,11403658797560665660,,,,https://lh3.googleusercontent.com/p/AF1QipMFWxmx3blG76hSxrS6hdB681cv28Gc83OJXpjX=w408-h402-k-no,Europe/Belgrade,,0x13547f4e58f73bfb:0x9e41ef41d85c963c,"[{""title"":""All"",""image"":""https://lh3.googleusercontent.com/p/AF1QipMFWxmx3blG76hSxrS6hdB681cv28Gc83OJXpjX=w301-h298-k-no""},{""title"":""By owner"",""image"":""https://lh3.googleusercontent.com/p/AF1QipMJw5cu8LYkqibGEL5V5THNK6TU31z0aBQwCq3a=w224-h395-k-no""},{""title"":""Videos"",""image"":""https://lh3.googleusercontent.com/p/AF1QipMJw5cu8LYkqibGEL5V5THNK6TU31z0aBQwCq3a=w224-h395-k-no""}]",null,null,"{""link"":"""",""source"":""""}","{""id"":""104768713885923517771"",""name"":""Avokat Genc Kadriu (Owner)"",""link"":""https://www.google.com/maps/contrib/104768713885923517771""}","{""borough"":"""",""street"":""Blloku A, Hyrja 1, Sali Çeku, Kati 1"",""city"":""Ferizaj"",""postal_code"":""70000"",""state"":"""",""country"":""XK""}","[{""id"":""amenities"",""name"":""Amenities"",""options"":[{""name"":""Toilet"",""enabled"":true}]}]",[],null,
dc5180bc-cf0d-48b5-97bd-ea5bdf1953db,https://www.google.com/maps/place/Studio+Ligjore+Avokat+Vullnet+Domi/data=!4m7!3m6!1s0x13503167c9cd85a5:0x7fdd92bd28c19107!8m2!3d41.3270881!4d19.8208377!16s%2Fg%2F11n0sknxdl!19sChIJpYXNyWcxUBMRB5HBKL2S3X8?authuser=0&hl=en&rclk=1,Studio Ligjore Avokat Vullnet Domi,Law firm,"Rruga ""Abdi Toptani"" qendra Torre Drini zyra 39, Tiranë 1001, Albania",{},"{""Friday"":{""0"":32,""1"":25,""10"":15,""11"":27,""12"":27,""13"":25,""14"":22,""15"":45,""16"":60,""17"":80,""18"":75,""19"":72,""2"":22,""20"":72,""21"":82,""22"":65,""23"":57,""3"":35,""4"":30,""5"":37,""6"":42,""7"":35,""8"":22,""9"":12},""Monday"":{""0"":35,""1"":27,""10"":40,""11"":35,""12"":37,""13"":45,""14"":50,""15"":45,""16"":45,""17"":47,""18"":52,""19"":52,""2"":22,""20"":52,""21"":40,""22"":32,""23"":42,""3"":27,""4"":30,""5"":30,""6"":47,""7"":57,""8"":72,""9"":50},""Saturday"":{""0"":37,""1"":22,""10"":42,""11"":22,""12"":32,""13"":27,""14"":40,""15"":40,""16"":67,""17"":77,""18"":100,""19"":90,""2"":20,""20"":75,""21"":57,""22"":42,""23"":45,""3"":17,""4"":62,""5"":47,""6"":50,""7"":45,""8"":62,""9"":37},""Sunday"":{""10"":55,""11"":52,""12"":60,""13"":62,""14"":42,""15"":37,""16"":25,""17"":0,""18"":0,""19"":0,""20"":0,""21"":0,""22"":0,""23"":0,""6"":0,""7"":0,""8"":0,""9"":50},""Thursday"":{""0"":52,""1"":45,""10"":80,""11"":70,""12"":57,""13"":50,""14"":32,""15"":22,""16"":20,""17"":32,""18"":32,""19"":37,""2"":42,""20"":40,""21"":50,""22"":65,""23"":52,""3"":45,""4"":32,""5"":37,""6"":32,""7"":47,""8"":62,""9"":65},""Tuesday"":{""0"":50,""1"":65,""10"":35,""11"":40,""12"":67,""13"":72,""14"":55,""15"":50,""16"":32,""17"":27,""18"":22,""19"":37,""2"":42,""20"":42,""21"":45,""22"":50,""23"":50,""3"":35,""4"":37,""5"":40,""6"":52,""7"":82,""8"":82,""9"":55},""Wednesday"":{""0"":55,""1"":45,""10"":30,""11"":27,""12"":32,""13"":45,""14"":57,""15"":62,""16"":57,""17"":50,""18"":57,""19"":47,""2"":57,""20"":47,""21"":45,""22"":47,""23"":47,""3"":40,""4"":45,""5"":47,""6"":42,""7"":45,""8"":37,""9"":35}}",,+355 68 544 4445,"8RGC+R8 Tiranë, Albania",0,0.000000,"{""1"":0,""2"":0,""3"":0,""4"":0,""5"":0}",41.327088,19.820838,9213681753800151303,,,,https://lh3.googleusercontent.com/p/AF1QipMbFkSP3dE9sTlELmNLx7fPbEqLpm0eadvXhk9t=w408-h418-k-no,Europe/Tirane,,0x13503167c9cd85a5:0x7fdd92bd28c19107,"[{""title"":""All"",""image"":""https://lh3.googleusercontent.com/p/AF1QipMbFkSP3dE9sTlELmNLx7fPbEqLpm0eadvXhk9t=w290-h298-k-no""},{""title"":""Latest"",""image"":""https://lh3.googleusercontent.com/p/AF1QipPfrG73HHIvTtg6zbEw5mFqfmbacGjo0Wly9t8w=w224-h398-k-no""},{""title"":""Videos"",""image"":""https://lh3.googleusercontent.com/p/AF1QipPfrG73HHIvTtg6zbEw5mFqfmbacGjo0Wly9t8w=w224-h398-k-no""},{""title"":""Exterior"",""image"":""https://lh3.googleusercontent.com/gps-cs-s/AG0ilSzpeYzN5TByCAzo3gbdsFXQEC0edCeFv3-DQlM3m1uUtXp75VKZQHRmzy-ZILStznAyNyXtP1LbDBkRwfmJWUDFGM4wO7MVW5rk6I1yk_l2I6lkzAdssjNdpAcROncFU0tDZs5vYQ=w287-h298-k-no""},{""title"":""By owner"",""image"":""https://lh3.googleusercontent.com/p/AF1QipMbFkSP3dE9sTlELmNLx7fPbEqLpm0eadvXhk9t=w290-h298-k-no""},{""title"":""Street View \u0026 360°"",""image"":""https://streetviewpixels-pa.googleapis.com/v1/thumbnail?panoid=Z99FBRWI25LbzHfmaI3u2w\u0026cb_client=maps_sv.tactile.gps\u0026w=224\u0026h=298\u0026yaw=215.11507\u0026pitch=0\u0026thumbfov=100""}]",null,null,"{""link"":"""",""source"":""""}","{""id"":""105171959332873013725"",""name"":""Studio Ligjore Avokat Vullnet Domi (Owner)"",""link"":""https://www.google.com/maps/contrib/105171959332873013725""}","{""borough"":"""",""street"":""Rruga \""Abdi Toptani\"" qendra Torre Drini zyra 39"",""city"":""Tiranë"",""postal_code"":""1001"",""state"":"""",""country"":""AL""}",null,[],null,
dc5180bc-cf0d-48b5-97bd-ea5bdf1953db,https://www.google.com/maps/place/Law+Office/data=!4m7!3m6!1s0x47bd0be66e6ef827:0xe2fa98669d2494c4!8m2!3d50.1013061!4d8.6643591!16s%2Fg%2F11t1h8d019!19sChIJJ_hubuYLvUcRxJQknWaY-uI?authuser=0&hl=en&rclk=1,Law Office,Lawyer,"Westhafenpl. 1, 60327 Frankfurt am Main",{},{},,0162 5408792,4M27+GP Frankfurt am Main,6,3.000000,"{""1"":3,""2"":0,""3"":0,""4"":0,""5"":3}",50.101306,8.664359,16355552563239883972,,,,https://streetviewpixels-pa.googleapis.com/v1/thumbnail?panoid=04YqymiDw3lTmpNv1WuqDQ&cb_client=search.gws-prod.gps&w=408&h=240&yaw=152.742&pitch=0&thumbfov=100,Europe/Berlin,,0x47bd0be66e6ef827:0xe2fa98669d2494c4,"[{""title"":""All"",""image"":""https://streetviewpixels-pa.googleapis.com/v1/thumbnail?panoid=04YqymiDw3lTmpNv1WuqDQ\u0026cb_client=maps_sv.tactile.gps\u0026w=224\u0026h=298\u0026yaw=152.742\u0026pitch=0\u0026thumbfov=100""},{""title"":""Street View \u0026 360°"",""image"":""https://streetviewpixels-pa.googleapis.com/v1/thumbnail?panoid=04YqymiDw3lTmpNv1WuqDQ\u0026cb_client=maps_sv.tactile.gps\u0026w=224\u0026h=298\u0026yaw=152.742\u0026pitch=0\u0026thumbfov=100""}]",null,null,"{""link"":"""",""source"":""""}","{""id"":""115058300014867435989"",""name"":""Law Office (Owner)"",""link"":""https://www.google.com/maps/contrib/115058300014867435989""}","{""borough"":""Innenstadt I"",""street"":""Westhafenpl. 1"",""city"":""Frankfurt am Main"",""postal_code"":""60327"",""state"":"""",""country"":""DE""}","[{""id"":""amenities"",""name"":""Amenities"",""options"":[{""name"":""Toilet"",""enabled"":true}]},{""id"":""planning"",""name"":""Planning"",""options"":[{""name"":""Appointments recommended"",""enabled"":true}]}]",[],null,
dc5180bc-cf0d-48b5-97bd-ea5bdf1953db,https://www.google.com/maps/place/Avokat+Shasivar+Haxhijaj/data=!4m7!3m6!1s0x13549f6e1b942a2f:0x4c429152a321ab31!8m2!3d42.6607021!4d21.1660864!16s%2Fg%2F11yd8vpk77!19sChIJLyqUG26fVBMRMasho1KRQkw?authuser=0&hl=en&rclk=1,Avokat Shasivar Haxhijaj,Lawyer,"Rr, nr 42 Rrustem Statovci, Prishtina 10000",{},{},,+383 44 263 074,M568+7C Pristina,5,5.000000,"{""1"":0,""2"":0,""3"":0,""4"":0,""5"":5}",42.660702,21.166086,5495114279455664945,,,,https://lh3.googleusercontent.com/p/AF1QipMu1TkFligAkpclKvudzCuk8gX1M6S17HgCIWyG=w408-h544-k-no,Europe/Belgrade,,0x13549f6e1b942a2f:0x4c429152a321ab31,"[{""title"":""All"",""image"":""https://lh3.googleusercontent.com/p/AF1QipMu1TkFligAkpclKvudzCuk8gX1M6S17HgCIWyG=w224-h298-k-no""},{""title"":""By owner"",""image"":""https://lh3.googleusercontent.com/p/AF1QipMu1TkFligAkpclKvudzCuk8gX1M6S17HgCIWyG=w224-h298-k-no""}]",null,null,"{""link"":"""",""source"":""""}","{""id"":""108606023027539056079"",""name"":""Avokat Shasivar Haxhijaj (Owner)"",""link"":""https://www.google.com/maps/contrib/108606023027539056079""}","{""borough"":"""",""street"":""Rr, nr 42 Rrustem Statovci"",""city"":""Pristina"",""postal_code"":""10000"",""state"":"""",""country"":""XK""}",null,[],null,
dc5180bc-cf0d-48b5-97bd-ea5bdf1953db,https://www.google.com/maps/place/Avokat+Armend+Mehmeti/data=!4m7!3m6!1s0x13547f511425135d:0x93b6d8b815338ec4!8m2!3d42.3763975!4d21.1486856!16s%2Fg%2F11xw98vh42!19sChIJXRMlFFF_VBMRxI4zFbjYtpM?authuser=0&hl=en&rclk=1,Avokat Armend Mehmeti,Lawyer,"Brigada 161, Ferizaj 70000","{""Friday"":[""8 am–4 pm""],""Monday"":[""8 am–4 pm""],""Saturday"":[""Closed""],""Sunday"":[""Closed""],""Thursday"":[""8 am–4 am""],""Tuesday"":[""8 am–4 am""],""Wednesday"":[""8 am–4 am""]}",{},https://www.facebook.com/share/1BKL1my5Gm/?mibextid=wwXIfr,+383 44 570 734,94GX+HF Ferizaj,0,0.000000,"{""1"":0,""2"":0,""3"":0,""4"":0,""5"":0}",42.376397,21.148686,10643933054478028484,,,,,Europe/Belgrade,,0x13547f511425135d:0x93b6d8b815338ec4,[],null,null,"{""link"":"""",""source"":""""}","{""id"":""115378698915257416713"",""name"":""Avokat Armend Mehmeti (Owner)"",""link"":""https://www.google.com/maps/contrib/115378698915257416713""}","{""borough"":"""",""street"":""Brigada 161"",""city"":""Ferizaj"",""postal_code"":""70000"",""state"":"""",""country"":""XK""}",null,[],null,
dc5180bc-cf0d-48b5-97bd-ea5bdf1953db,https://www.google.com/maps/place/Avokat+Nilaj+Noberdali+Turku/data=!4m7!3m6!1s0x13549fbbb5ff0743:0x97e8f91ca430b74b!8m2!3d42.6592392!4d21.1597709!16s%2Fg%2F11mbvdpkhj!19sChIJQwf_tbufVBMRS7cwpBz56Jc?authuser=0&hl=en&rclk=1,Avokat Nilaj Noberdali Turku,Lawyer,"XK, 1 Garibaldi, Prishtina 10000","{""Friday"":[""9 am–4 pm""],""Monday"":[""9 am–4 pm""],""Saturday"":[""Closed""],""Sunday"":[""Closed""],""Thursday"":[""9 am–4 pm""],""Tuesday"":[""9 am–4 pm""],""Wednesday"":[""9 am–4 pm""]}",{},,+383 44 877 377,M555+MW Pristina,2,5.000000,"{""1"":0,""2"":0,""3"":0,""4"":0,""5"":2}",42.659239,21.159771,10946272795733047115,,,,,Europe/Belgrade,,0x13549fbbb5ff0743:0x97e8f91ca430b74b,[],null,null,"{""link"":"""",""source"":""""}","{""id"":""100944543038255779653"",""name"":""Avokat Nilaj Noberdali Turku (Owner)"",""link"":""https://www.google.com/maps/contrib/100944543038255779653""}","{""borough"":"""",""street"":""XK, 1 Garibaldi"",""city"":""Pristina"",""postal_code"":""10000"",""state"":"""",""country"":""XK""}","[{""id"":""amenities"",""name"":""Amenities"",""options"":[{""name"":""Toilet"",""enabled"":true}]}]",[],null,
dc5180bc-cf0d-48b5-97bd-ea5bdf1953db,https://www.google.com/maps/place/Avokat+Liridon+Bushati+-+BUSHATI+LAW+OFFICE/data=!4m7!3m6!1s0x1353b146ff9fdb7d:0x5946faecdb565828!8m2!3d42.379325!4d20.441594!16s%2Fg%2F11xmmb_rht!19sChIJfduf_0axUxMRKFhW2-z6Rlk?authuser=0&hl=en&rclk=1,Avokat Liridon Bushati - BUSHATI LAW OFFICE,Law firm,"Rr. Tirana, nr.40 kati 1, Gjakovë 50000",{},{},https://www.bushati-law.com/,+383 49 990 333,9CHR+PJ Gjakova,6,5.000000,"{""1"":0,""2"":0,""3"":0,""4"":0,""5"":6}",42.379325,20.441594,6433105012944427048,,,,https://lh3.googleusercontent.com/p/AF1QipN3XUvEed9GGnqFdPjnwIhBAWT0GSvJAWKAyaGv=w408-h272-k-no,Europe/Belgrade,,0x1353b146ff9fdb7d:0x5946faecdb565828,"[{""title"":""All"",""image"":""https://lh3.googleusercontent.com/p/AF1QipN3XUvEed9GGnqFdPjnwIhBAWT0GSvJAWKAyaGv=w447-h298-k-no""},{""title"":""Inside"",""image"":""https://lh3.googleusercontent.com/p/AF1QipN-2l-mwzZa7umddaPG-Fp03OeBMsE_9zrXNHIW=w447-h298-k-no""},{""title"":""By owner"",""image"":""https://lh3.googleusercontent.com/p/AF1QipNEFEqD4p_zqXvuNHbGVnhm3URFH64KJ5tXEvza=w447-h298-k-no""}]",null,null,"{""link"":"""",""source"":""""}","{""id"":""109227527311223848598"",""name"":""Avokat Liridon Bushati - BUSHATI LAW OFFICE (Owner)"",""link"":""https://www.google.com/maps/contrib/109227527311223848598""}","{""borough"":"""",""street"":""Rr. Tirana, nr.40 kati 1"",""city"":""Gjakova"",""postal_code"":""50000"",""state"":"""",""country"":""XK""}",null,[],null,
