input_id,link,title,category,address,open_hours,popular_times,website,phone,plus_code,review_count,review_rating,reviews_per_rating,latitude,longitude,cid,status,descriptions,reviews_link,thumbnail,timezone,price_range,data_id,images,reservations,order_online,menu,owner,complete_address,about,user_reviews,user_reviews_extended,emails
6dd7d639-603b-4ca5-b1d9-ccf2a2f9c326,https://www.google.com/maps/place/Sevince+Demir+Gayrimenkul/data=!4m7!3m6!1s0x409fe1aa61821f7d:0x6af97ea7c51f8a0d!8m2!3d41.1943541!4d29.0501736!16s%2Fg%2F11fdl2w2v4!19sChIJfR-CYarhn0ARDYofxad--Wo?authuser=0&hl=en&rclk=1,Sevince Demir Gayrimenkul,Real estate agency,"Koç Üniversitesi Batı Kampüsü Yanı, Zekeriyaköy, Demir Çelik Sk. Panaroma Life Sitesi D:4C Blok Dukkan 5, 34450 Sarıyer/İstanbul, Türkiye",{},{},https://sevincedemir.com/,+90 532 256 79 44,"53V2+P3 Sarıyer, İstanbul, Türkiye",11,5.000000,"{""1"":0,""2"":0,""3"":0,""4"":0,""5"":11}",41.194354,29.050174,7708331496253131277,,,,https://lh3.googleusercontent.com/p/AF1QipMEDDolwJcYGIkenIOGUv4sAuRi360r7pDaFDKe=w408-h544-k-no,Europe/Istanbul,,0x409fe1aa61821f7d:0x6af97ea7c51f8a0d,"[{""title"":""All"",""image"":""https://lh3.googleusercontent.com/p/AF1QipMEDDolwJcYGIkenIOGUv4sAuRi360r7pDaFDKe=w224-h298-k-no""},{""title"":""Exterior"",""image"":""https://lh3.googleusercontent.com/p/AF1QipNnsf43lHFMcUFwE544I6H2c9OAp8Sx26lHgssb=w224-h298-k-no""},{""title"":""By owner"",""image"":""https://lh3.googleusercontent.com/p/AF1QipPjIfjSZDzgXQ76cEYP74_bqrOuSUpW1yo_tW89=w463-h298-k-no""},{""title"":""Street View \u0026 360°"",""image"":""https://streetviewpixels-pa.googleapis.com/v1/thumbnail?panoid=3lzGC4qw3ybNWj6uHkdERA\u0026cb_client=maps_sv.tactile.gps\u0026w=224\u0026h=298\u0026yaw=193.3082\u0026pitch=0\u0026thumbfov=100""}]",null,null,"{""link"":"""",""source"":""""}","{""id"":""112712258297304533397"",""name"":""Sevince Demir Gayrimenkul (Owner)"",""link"":""https://www.google.com/maps/contrib/112712258297304533397""}","{""borough"":""Zekeriyaköy"",""street"":""Koç Üniversitesi Batı Kampüsü Yanı, Demir Çelik Sk. Panaroma Life Sitesi D:4C Blok Dukkan 5"",""city"":""Sarıyer"",""postal_code"":""34450"",""state"":""İstanbul"",""country"":""TR""}","[{""id"":""accessibility"",""name"":""Accessibility"",""options"":[{""name"":""Wheelchair-accessible seating"",""enabled"":true}]},{""id"":""parking"",""name"":""Parking"",""options"":[{""name"":""Free of charge street parking"",""enabled"":true},{""name"":""Free parking lot"",""enabled"":true}]}]",[],null,
6dd7d639-603b-4ca5-b1d9-ccf2a2f9c326,https://www.google.com/maps/place/Y%C4%B1lmaz+Emlak+YILMAX+Gayrimenkul/data=!4m7!3m6!1s0x14caa1ae21190dad:0x4fcf907fbf55d566!8m2!3d40.9806057!4d28.7274044!16s%2Fg%2F1hc2skq1j!19sChIJrQ0ZIa6hyhQRZtVVv3-Qz08?authuser=0&hl=en&rclk=1,Yılmaz Emlak YILMAX Gayrimenkul,Real estate agency,"Merkez Çiğdem Cad 5, Tuloğlu Sk. No:27, 34310 Avcılar/İstanbul, Türkiye","{""Friday"":[""9 am–9 pm""],""Monday"":[""9 am–9 pm""],""Saturday"":[""9 am–9 pm""],""Sunday"":[""9 am–9 pm""],""Thursday"":[""9 am–9 pm""],""Tuesday"":[""9 am–9 pm""],""Wednesday"":[""9 am–9 pm""]}",{},https://www.zingat.com/yilmaz-emlak-yilmax-gayrimenkul-49339g,+90 212 590 22 83,"XPJG+6X Avcılar, İstanbul, Türkiye",17,3.900000,"{""1"":4,""2"":0,""3"":1,""4"":1,""5"":11}",40.980606,28.727404,5750974127520732518,,,,https://streetviewpixels-pa.googleapis.com/v1/thumbnail?panoid=Km4xR4A1M2_jOZCQ9UTrTw&cb_client=search.gws-prod.gps&w=408&h=240&yaw=253.08028&pitch=0&thumbfov=100,Europe/Istanbul,,0x14caa1ae21190dad:0x4fcf907fbf55d566,"[{""title"":""All"",""image"":""https://streetviewpixels-pa.googleapis.com/v1/thumbnail?panoid=Km4xR4A1M2_jOZCQ9UTrTw\u0026cb_client=maps_sv.tactile.gps\u0026w=224\u0026h=298\u0026yaw=253.08028\u0026pitch=0\u0026thumbfov=100""},{""title"":""By owner"",""image"":""https://lh3.googleusercontent.com/p/AF1QipPMs5m6EtLVvYeBXgyRckvx01ABSq0pjvQXETbu=w224-h484-k-no""},{""title"":""Street View \u0026 360°"",""image"":""https://streetviewpixels-pa.googleapis.com/v1/thumbnail?panoid=Km4xR4A1M2_jOZCQ9UTrTw\u0026cb_client=maps_sv.tactile.gps\u0026w=224\u0026h=298\u0026yaw=253.08028\u0026pitch=0\u0026thumbfov=100""}]",null,null,"{""link"":"""",""source"":""""}","{""id"":""114888984493906565305"",""name"":""Yılmaz Emlak YILMAX Gayrimenkul (Owner)"",""link"":""https://www.google.com/maps/contrib/114888984493906565305""}","{""borough"":""Merkez"",""street"":""Merkez Çiğdem Cad 5, Tuloğlu Sk. No:27"",""city"":""Avcılar"",""postal_code"":""34310"",""state"":""İstanbul"",""country"":""TR""}","[{""id"":""accessibility"",""name"":""Accessibility"",""options"":[{""name"":""Wheelchair-accessible entrance"",""enabled"":false}]}]",[],null,
6dd7d639-603b-4ca5-b1d9-ccf2a2f9c326,https://www.google.com/maps/place/Xver+Gayrimenkul/data=!4m7!3m6!1s0x14b55fe8aa7101f5:0xbe53fb111b9048eb!8m2!3d40.9799586!4d28.6420837!16s%2Fg%2F11lkjpt8mt!19sChIJ9QFxquhftRQR60iQGxH7U74?authuser=0&hl=en&rclk=1,Xver Gayrimenkul,Real estate agency,"Elit Garden Apartmanı, Kavaklı, Batı Trakya Blv. No:56 D:1, 34520 Beylikdüzü/İstanbul, Türkiye",{},{},,+90 555 052 80 59,"XJHR+XR Beylikdüzü, İstanbul, Türkiye",15,4.700000,"{""1"":1,""2"":0,""3"":0,""4"":0,""5"":14}",40.979959,28.642084,13714581341168748779,,,,https://lh3.googleusercontent.com/gps-cs-s/AG0ilSwJxQ9spn_VpiB-gA1I-ihWDk2OPwMPluvSz_nbuGps6aDsL-dFk5X6ija46Ezni9Rk0Mx1EFG8RRs9nH5i1zEvRNP-RUAu4YwdHWBImcK2U8wyAGC4P85o1QK0TDhWG2kbWEIq0A=w408-h544-k-no,Europe/Istanbul,,0x14b55fe8aa7101f5:0xbe53fb111b9048eb,"[{""title"":""All"",""image"":""https://lh3.googleusercontent.com/gps-cs-s/AG0ilSwJxQ9spn_VpiB-gA1I-ihWDk2OPwMPluvSz_nbuGps6aDsL-dFk5X6ija46Ezni9Rk0Mx1EFG8RRs9nH5i1zEvRNP-RUAu4YwdHWBImcK2U8wyAGC4P85o1QK0TDhWG2kbWEIq0A=w224-h298-k-no""},{""title"":""Street View \u0026 360°"",""image"":""https://streetviewpixels-pa.googleapis.com/v1/thumbnail?panoid=KySvaRMsIV2plGdy7XX1WA\u0026cb_client=maps_sv.tactile.gps\u0026w=224\u0026h=298\u0026yaw=300.46918\u0026pitch=0\u0026thumbfov=100""}]",null,null,"{""link"":"""",""source"":""""}","{""id"":""100530333670719865272"",""name"":""Xver Gayrimenkul (Owner)"",""link"":""https://www.google.com/maps/contrib/100530333670719865272""}","{""borough"":""Kavaklı"",""street"":""Elit Garden Apartmanı, Batı Trakya Blv. No:56 D:1"",""city"":""Beylikdüzü"",""postal_code"":""34520"",""state"":""İstanbul"",""country"":""TR""}","[{""id"":""service_options"",""name"":""Service options"",""options"":[{""name"":""On-site services"",""enabled"":true}]},{""id"":""accessibility"",""name"":""Accessibility"",""options"":[{""name"":""Wheelchair-accessible car park"",""enabled"":true},{""name"":""Wheelchair-accessible seating"",""enabled"":true}]}]",[],null,
6dd7d639-603b-4ca5-b1d9-ccf2a2f9c326,https://www.google.com/maps/place/%C4%B0LKA+GAYR%C4%B0MENKUL+DANI%C5%9EMANLI%C4%9EI/data=!4m7!3m6!1s0x14cab725026680e1:0xdd05ad377ba98894!8m2!3d41.0641479!4d28.9673308!16s%2Fg%2F11sbp0_lh3!19sChIJ4YBmAiW3yhQRlIipezetBd0?authuser=0&hl=en&rclk=1,İLKA GAYRİMENKUL DANIŞMANLIĞI,Real estate agency,"Talatpaşa, Akçalı Sk. NO:5/D, 34400 Kağıthane/İstanbul, Türkiye",{},{},,+90 546 776 80 86,"3X78+MW Kağıthane, İstanbul, Türkiye",57,4.700000,"{""1"":4,""2"":0,""3"":0,""4"":2,""5"":51}",41.064148,28.967331,15926326111075141780,,,,https://lh3.googleusercontent.com/p/AF1QipM1ZokcwbiAkNF_JpwChE-iSsM1rd1xTkSJG25N=w426-h240-k-no,Europe/Istanbul,,0x14cab725026680e1:0xdd05ad377ba98894,"[{""title"":""All"",""image"":""https://lh3.googleusercontent.com/p/AF1QipM1ZokcwbiAkNF_JpwChE-iSsM1rd1xTkSJG25N=w529-h298-k-no""},{""title"":""Exterior"",""image"":""https://lh3.googleusercontent.com/p/AF1QipMaeZNw4HJPfvkRlnlBvnp3Mvymnk26lZrB-RhK=w529-h298-k-no""},{""title"":""Inside"",""image"":""https://lh3.googleusercontent.com/p/AF1QipMYeNNlrKG0GFy9kg2VmdXNAL1Lrb0GIWqIfibn=w529-h298-k-no""},{""title"":""By owner"",""image"":""https://lh3.googleusercontent.com/p/AF1QipOT3PaR2KLX-n-JpP7bfclTItZfzTpxAV5TzKMP=w529-h298-k-no""},{""title"":""Street View \u0026 360°"",""image"":""https://streetviewpixels-pa.googleapis.com/v1/thumbnail?panoid=2GGTA7XDas77xBFSFkYvhQ\u0026cb_client=maps_sv.tactile.gps\u0026w=224\u0026h=298\u0026yaw=198.4992\u0026pitch=0\u0026thumbfov=100""}]",null,null,"{""link"":"""",""source"":""""}","{""id"":""103063210240292530582"",""name"":""İLKA GAYRİMENKUL DANIŞMANLIĞI (Owner)"",""link"":""https://www.google.com/maps/contrib/103063210240292530582""}","{""borough"":""Talatpaşa"",""street"":""Akçalı Sk. NO:5/D"",""city"":""Kağıthane"",""postal_code"":""34400"",""state"":""İstanbul"",""country"":""TR""}","[{""id"":""service_options"",""name"":""Service options"",""options"":[{""name"":""Online appointments"",""enabled"":true},{""name"":""On-site services"",""enabled"":true}]},{""id"":""accessibility"",""name"":""Accessibility"",""options"":[{""name"":""Wheelchair-accessible seating"",""enabled"":false},{""name"":""Wheelchair-accessible toilet"",""enabled"":false}]},{""id"":""amenities"",""name"":""Amenities"",""options"":[{""name"":""Gender-neutral toilets"",""enabled"":true}]},{""id"":""parking"",""name"":""Parking"",""options"":[{""name"":""Free parking lot"",""enabled"":true}]}]",[],null,
6dd7d639-603b-4ca5-b1d9-ccf2a2f9c326,https://www.google.com/maps/place/%C4%B0NAN+GAYR%C4%B0MENKUL+REAL+ESTATE/data=!4m7!3m6!1s0x14b55f7542fbebbb:0xce00a68d6775d4f3!8m2!3d41.0172437!4d28.6452692!16s%2Fg%2F11mvnlnbw_!19sChIJu-v7QnVftRQR89R1Z42mAM4?authuser=0&hl=en&rclk=1,İNAN GAYRİMENKUL REAL ESTATE,Real estate agency,"Barbaros Hayrettin Paşa, Nazım Hikmet Blv. Newista Residence, 34522 Esenyurt/İstanbul, Türkiye",{},{},https://inangayrimenkulesenyurt.sahibinden.com/,+90 543 482 40 02,"2J8W+V4 Esenyurt, İstanbul, Türkiye",24,4.500000,"{""1"":3,""2"":0,""3"":0,""4"":0,""5"":21}",41.017244,28.645269,14844047498069529843,,,,https://lh3.googleusercontent.com/p/AF1QipOpYejLHi74pFekBfNA7FPBudUF7k3ps96TBKvM=w426-h240-k-no,Europe/Istanbul,,0x14b55f7542fbebbb:0xce00a68d6775d4f3,"[{""title"":""All"",""image"":""https://lh3.googleusercontent.com/p/AF1QipOpYejLHi74pFekBfNA7FPBudUF7k3ps96TBKvM=w529-h298-k-no""},{""title"":""Inside"",""image"":""https://lh3.googleusercontent.com/p/AF1QipPAimkp-U0g6WDdQ6W_EvRqNjLxdd0GQUX2Ih2J=w529-h298-k-no""},{""title"":""Videos"",""image"":""https://lh3.googleusercontent.com/p/AF1QipPM-FnfRnzGFHnYYE95Ru-tgAPErbjeAEWaPZaL=w224-h398-k-no""},{""title"":""By owner"",""image"":""https://lh3.googleusercontent.com/p/AF1QipPDrkF0YSU528ZIFU9noAsn8TzdjdUSs-1SEsOn=w526-h298-k-no""},{""title"":""Street View \u0026 360°"",""image"":""https://streetviewpixels-pa.googleapis.com/v1/thumbnail?panoid=GqXRtddNeLVxhICzYyreoA\u0026cb_client=maps_sv.tactile.gps\u0026w=224\u0026h=298\u0026yaw=15.657955\u0026pitch=0\u0026thumbfov=100""}]",null,null,"{""link"":"""",""source"":""""}","{""id"":""117574551716700216376"",""name"":""İNAN GAYRİMENKUL REAL ESTATE (Owner)"",""link"":""https://www.google.com/maps/contrib/117574551716700216376""}","{""borough"":""Barbaros Hayrettin Paşa"",""street"":""Nazım Hikmet Blv. Newista Residence"",""city"":""Esenyurt"",""postal_code"":""34522"",""state"":""İstanbul"",""country"":""TR""}","[{""id"":""service_options"",""name"":""Service options"",""options"":[{""name"":""On-site services"",""enabled"":true},{""name"":""Online appointments"",""enabled"":false}]},{""id"":""planning"",""name"":""Planning"",""options"":[{""name"":""Appointment required"",""enabled"":true}]},{""id"":""parking"",""name"":""Parking"",""options"":[{""name"":""Free multi-storey car park"",""enabled"":true},{""name"":""Free of charge street parking"",""enabled"":true},{""name"":""On-site parking"",""enabled"":true},{""name"":""Paid parking lot"",""enabled"":true}]}]",[],null,
6dd7d639-603b-4ca5-b1d9-ccf2a2f9c326,https://www.google.com/maps/place/Yal%C3%A7%C4%B1nay+Gayrimenkul/data=!4m7!3m6!1s0x14cabaf1001aa685:0xeedf3f80a2c00f88!8m2!3d41.0281023!4d28.8975445!16s%2Fg%2F11c5_1v5xm!19sChIJhaYaAPG6yhQRiA_AooA_3-4?authuser=0&hl=en&rclk=1,Yalçınay Gayrimenkul,Real estate agency,"Namık Kemal, Namık Kemal Cd. No:74, 34220 Esenler/İstanbul, Türkiye","{""Friday"":[""9 am–8:30 pm""],""Monday"":[""9 am–8:30 pm""],""Saturday"":[""9:30 am–8:30 pm""],""Sunday"":[""10 am–8 pm""],""Thursday"":[""9 am–8:30 pm""],""Tuesday"":[""9 am–8:30 pm""],""Wednesday"":[""9 am–8:30 pm""]}",{},https://yalcinayemlak.sahibinden.com/,+90 532 133 88 44,"2VHX+62 Esenler, İstanbul, Türkiye",79,4.700000,"{""1"":4,""2"":0,""3"":3,""4"":3,""5"":69}",41.028102,28.897544,17212546122552184712,,,,https://lh3.googleusercontent.com/gps-cs-s/AG0ilSxOhCMOT531zF5EIY7gRkoK0tiab-UI_7jGOjP6MaBNRF0AuxeXiUV_X4I9Nwiu5J6VWQx_rmJ2K1nFhut913iBtVI9IfALwsj9G4bMtuli4nCgPxPyeREP9SOLZlIHQyndJ9hTfg=w408-h306-k-no,Europe/Istanbul,,0x14cabaf1001aa685:0xeedf3f80a2c00f88,"[{""title"":""All"",""image"":""https://lh3.googleusercontent.com/gps-cs-s/AG0ilSxOhCMOT531zF5EIY7gRkoK0tiab-UI_7jGOjP6MaBNRF0AuxeXiUV_X4I9Nwiu5J6VWQx_rmJ2K1nFhut913iBtVI9IfALwsj9G4bMtuli4nCgPxPyeREP9SOLZlIHQyndJ9hTfg=w397-h298-k-no""},{""title"":""Exterior"",""image"":""https://lh3.googleusercontent.com/gps-cs-s/AG0ilSzYfjYWzZq-qrNMuYchDgfgB0j9-LZDuv-NqLqtzf7-HJSTp-ZYRpKAunz44JdGlsNt2CfplZM2d9U2TKRZxsnmN9qg-LNqnG71X0jetc94cSuyBsJ67RFxNHZw4OJrNbnf3Q7p=w279-h298-k-no""},{""title"":""Inside"",""image"":""https://lh3.googleusercontent.com/gps-cs-s/AG0ilSx0sIXibBuALYVAAtXIOwmRo2eneq8ZN48o5wL3Rxo2_YvMvPFcZ8WTVeBxFJ5cU6wOV-Jn89-kaLyHJzriLAuljCksy66sIM47-CzNOffWbfysqi_uECEbcfuixmaHo9XlBfb0Fg=w224-h298-k-no""},{""title"":""By owner"",""image"":""https://lh3.googleusercontent.com/p/AF1QipMvIdKyCdizu-7BtnIxQUaDqigQYVDjtDGxWBVZ=w298-h298-k-no""},{""title"":""Street View \u0026 360°"",""image"":""https://streetviewpixels-pa.googleapis.com/v1/thumbnail?panoid=jR1niGr7eBzS3qsZNPVxXg\u0026cb_client=maps_sv.tactile.gps\u0026w=224\u0026h=298\u0026yaw=265.39713\u0026pitch=0\u0026thumbfov=100""}]",null,null,"{""link"":"""",""source"":""""}","{""id"":""117232581875480259095"",""name"":""Yalçınay Gayrimenkul (Owner)"",""link"":""https://www.google.com/maps/contrib/117232581875480259095""}","{""borough"":""Namık Kemal"",""street"":""Namık Kemal Cd. No:74"",""city"":""Esenler"",""postal_code"":""34220"",""state"":""İstanbul"",""country"":""TR""}",null,[],null,
6dd7d639-603b-4ca5-b1d9-ccf2a2f9c326,https://www.google.com/maps/place/HOME+YAPI+%26+GAYR%C4%B0MENKUL/data=!4m7!3m6!1s0x14caaf4aabd89651:0xf710788e905878ec!8m2!3d41.1125738!4d28.8566432!16s%2Fg%2F11n0392r85!19sChIJUZbYq0qvyhQR7HhYkI54EPc?authuser=0&hl=en&rclk=1,HOME YAPI & GAYRİMENKUL,Real estate agency,"İsmetpaşa mahallesi, Ordu caddesi 74 Sokak No:5/A Sultangazi, 34000 Sultangazi̇/İstanbul, Türkiye",{},{},,+90 535 662 73 13,"4V74+2M Sultangazi, İstanbul, Türkiye",26,4.500000,"{""1"":3,""2"":0,""3"":0,""4"":0,""5"":23}",41.112574,28.856643,17802861880697977068,,,,https://lh3.googleusercontent.com/p/AF1QipOlIB6nevz4opmtmpDH3ZhxfPRC-WEwvgDrPBq-=w408-h306-k-no,Europe/Istanbul,,0x14caaf4aabd89651:0xf710788e905878ec,"[{""title"":""All"",""image"":""https://lh3.googleusercontent.com/p/AF1QipOlIB6nevz4opmtmpDH3ZhxfPRC-WEwvgDrPBq-=w397-h298-k-no""},{""title"":""Inside"",""image"":""https://lh3.googleusercontent.com/p/AF1QipOlcg0mo2uMAvSDJF1Rjj1oOr8MKkkNpkv-9iO6=w397-h298-k-no""},{""title"":""Videos"",""image"":""https://lh3.googleusercontent.com/p/AF1QipOO3c5o2L4cnF8eS5SPauAIwEtf3tZ0MR9BCTB8=w224-h380-k-no""},{""title"":""By owner"",""image"":""https://lh3.googleusercontent.com/p/AF1QipOO3c5o2L4cnF8eS5SPauAIwEtf3tZ0MR9BCTB8=w224-h380-k-no""}]",null,null,"{""link"":"""",""source"":""""}","{""id"":""116507123195486893854"",""name"":""HOME YAPI \u0026 GAYRİMENKUL (Owner)"",""link"":""https://www.google.com/maps/contrib/116507123195486893854""}","{""borough"":""İsmetpaşa"",""street"":""İsmetpaşa mahallesi, Ordu caddesi 74 Sokak No:5/A Sultangazi"",""city"":""Sultangazi̇"",""postal_code"":""34000"",""state"":""İstanbul"",""country"":""TR""}","[{""id"":""service_options"",""name"":""Service options"",""options"":[{""name"":""Online appointments"",""enabled"":true},{""name"":""On-site services"",""enabled"":true}]},{""id"":""parking"",""name"":""Parking"",""options"":[{""name"":""Free of charge street parking"",""enabled"":true},{""name"":""Free parking lot"",""enabled"":true},{""name"":""On-site parking"",""enabled"":true}]}]",[],null,
6dd7d639-603b-4ca5-b1d9-ccf2a2f9c326,https://www.google.com/maps/place/Devkon+Yap%C4%B1+Gayrimenkul/data=!4m7!3m6!1s0x14b55f2423ee1611:0x68a52447bc37979c!8m2!3d41.0010229!4d28.6169476!16s%2Fg%2F11h_15x230!19sChIJERbuIyRftRQRnJc3vEckpWg?authuser=0&hl=en&rclk=1,Devkon Yapı Gayrimenkul,Real estate agency,"Pınartepe Turgut Özal 1, Caddesi 56/I, 34500 Büyükçekmece/İstanbul, Türkiye","{""Friday"":[""9 am–7 pm""],""Monday"":[""9 am–7 pm""],""Saturday"":[""9 am–7 pm""],""Sunday"":[""10 am–7 pm""],""Thursday"":[""9 am–7 pm""],""Tuesday"":[""9 am–7 pm""],""Wednesday"":[""9 am–7 pm""]}",{},http://www.devkon.com.tr/,+90 539 599 14 89,"2J28+CQ Büyükçekmece, İstanbul, Türkiye",271,4.800000,"{""1"":15,""2"":0,""3"":1,""4"":2,""5"":253}",41.001023,28.616948,7540473041620801436,,,,https://lh3.googleusercontent.com/p/AF1QipPh_p9cxWhQMIngGxCynVOh4Sk5cHgAq6xfJkwj=w408-h306-k-no,Europe/Istanbul,,0x14b55f2423ee1611:0x68a52447bc37979c,"[{""title"":""All"",""image"":""https://lh3.googleusercontent.com/p/AF1QipPh_p9cxWhQMIngGxCynVOh4Sk5cHgAq6xfJkwj=w397-h298-k-no""},{""title"":""Exterior"",""image"":""https://lh3.googleusercontent.com/p/AF1QipMGhS12IDZA3liKqkfxGxi50HCMoSB0inZA48nx=w529-h298-k-no""},{""title"":""Videos"",""image"":""https://lh3.googleusercontent.com/p/AF1QipNmHPTZyk5KcxCKg_4PPpQ2EJEUDS7GqYdDjiJ3=w224-h398-k-no""},{""title"":""Inside"",""image"":""https://lh3.googleusercontent.com/p/AF1QipOXm2OKTOaeMjpzYmfwBFE_fwyWWJTl9vjGoqZZ=w447-h298-k-no""},{""title"":""Landscape"",""image"":""https://lh3.googleusercontent.com/p/AF1QipNjlB8irCpPR_IDZCUichYrpQXHQ5JFBQ_02nZB=w224-h398-k-no""},{""title"":""By owner"",""image"":""https://lh3.googleusercontent.com/p/AF1QipMqBfzQ81AQFBPgVy8mE-BdavAh_2_ryTwhDf7Z=w529-h298-k-no""},{""title"":""Street View \u0026 360°"",""image"":""https://streetviewpixels-pa.googleapis.com/v1/thumbnail?panoid=IsvMynnlGRYPWY-7XPs52w\u0026cb_client=maps_sv.tactile.gps\u0026w=224\u0026h=298\u0026yaw=189.74678\u0026pitch=0\u0026thumbfov=100""}]",null,"[{""link"":""https://wa.me/905395991489"",""source"":""wa.me""}]","{""link"":"""",""source"":""""}","{""id"":""100374301782446884795"",""name"":""Devkon Yapı Gayrimenkul (Owner)"",""link"":""https://www.google.com/maps/contrib/100374301782446884795""}","{""borough"":""Pınartepe"",""street"":""Pınartepe Turgut Özal 1, Caddesi 56/I"",""city"":""Büyükçekmece"",""postal_code"":""34500"",""state"":""İstanbul"",""country"":""TR""}","[{""id"":""from_the_business"",""name"":""From the business"",""options"":[{""name"":""Identifies as women-owned"",""enabled"":true}]},{""id"":""service_options"",""name"":""Service options"",""options"":[{""name"":""Online appointments"",""enabled"":true},{""name"":""On-site services"",""enabled"":true}]},{""id"":""accessibility"",""name"":""Accessibility"",""options"":[{""name"":""Wheelchair-accessible car park"",""enabled"":true},{""name"":""Wheelchair-accessible entrance"",""enabled"":true},{""name"":""Wheelchair-accessible seating"",""enabled"":true},{""name"":""Wheelchair-accessible toilet"",""enabled"":true}]},{""id"":""planning"",""name"":""Planning"",""options"":[{""name"":""Appointment required"",""enabled"":true}]}]",[],null,
6dd7d639-603b-4ca5-b1d9-ccf2a2f9c326,https://www.google.com/maps/place/Kaya%C5%9Fehir+DK+Gayrimenkul/data=!4m7!3m6!1s0x14caaff7b8c63d4f:0x2ae67f7877d46bb7!8m2!3d41.1333758!4d28.7775161!16s%2Fg%2F11sbhkm_vk!19sChIJTz3GuPevyhQRt2vUd3h_5io?authuser=0&hl=en&rclk=1,Kayaşehir DK Gayrimenkul,Real estate agency,"kayabaşı mahallesi gökçeada caddesi R24 blok, no 76, 34494 Başakşehir/İstanbul, Türkiye",{},{},https://dkgayrimenkulmimarlik.sahibinden.com/,+90 544 193 38 38,"4QMH+92 Başakşehir, İstanbul, Türkiye",18,4.600000,"{""1"":2,""2"":0,""3"":0,""4"":0,""5"":16}",41.133376,28.777516,3091298349619637175,,,,https://lh3.googleusercontent.com/p/AF1QipMjP_hERbvZT5HJLDbiG-tlJZd5m6aDMrby2JTY=w408-h544-k-no,Europe/Istanbul,,0x14caaff7b8c63d4f:0x2ae67f7877d46bb7,"[{""title"":""All"",""image"":""https://lh3.googleusercontent.com/p/AF1QipMjP_hERbvZT5HJLDbiG-tlJZd5m6aDMrby2JTY=w224-h298-k-no""},{""title"":""Exterior"",""image"":""https://lh3.googleusercontent.com/gps-cs-s/AG0ilSx-FEszUkpoQYgirkQih_c9QrzBMpBkXpGhJBTLZcuWO1vdB3-eX7vCcY3gZzPz4ngLFEt-7t4S_PEazHT6hI3YQVm2OGIj7MH6eIw8i6asTOr6sTzAe734SAk1ptdOM5bvu0eKkg=w529-h298-k-no""},{""title"":""Inside"",""image"":""https://lh3.googleusercontent.com/p/AF1QipOJnNzHpFC85t_Z5KymfMsuKDUTSr9Fmczcvpr3=w397-h298-k-no""},{""title"":""By owner"",""image"":""https://lh3.googleusercontent.com/p/AF1QipONPKgScIqyo1lwqVqQOwmcADYrmfXpOAraYqO9=w224-h298-k-no""},{""title"":""Street View \u0026 360°"",""image"":""https://streetviewpixels-pa.googleapis.com/v1/thumbnail?panoid=q1xz6R66zX2qC0rayc2L_w\u0026cb_client=maps_sv.tactile.gps\u0026w=224\u0026h=298\u0026yaw=216.76468\u0026pitch=0\u0026thumbfov=100""}]",null,null,"{""link"":"""",""source"":""""}","{""id"":""117573135333409405166"",""name"":""Kayaşehir DK Gayrimenkul (Owner)"",""link"":""https://www.google.com/maps/contrib/117573135333409405166""}","{""borough"":""Kayabaşı"",""street"":""kayabaşı mahallesi gökçeada caddesi R24 blok, no 76"",""city"":""Başakşehir"",""postal_code"":""34494"",""state"":""İstanbul"",""country"":""TR""}","[{""id"":""service_options"",""name"":""Service options"",""options"":[{""name"":""Online appointments"",""enabled"":true},{""name"":""On-site services"",""enabled"":true}]},{""id"":""accessibility"",""name"":""Accessibility"",""options"":[{""name"":""Wheelchair-accessible car park"",""enabled"":true}]},{""id"":""amenities"",""name"":""Amenities"",""options"":[{""name"":""Gender-neutral toilets"",""enabled"":true}]},{""id"":""parking"",""name"":""Parking"",""options"":[{""name"":""Free of charge street parking"",""enabled"":true},{""name"":""On-site parking"",""enabled"":true}]}]",[],null,
6dd7d639-603b-4ca5-b1d9-ccf2a2f9c326,https://www.google.com/maps/place/Plus+Gayrimenkul/data=!4m7!3m6!1s0x14cab5b70a8398d3:0xee6980dbfd86fb24!8m2!3d41.1202046!4d29.007314!16s%2Fg%2F11dyqxpmvr!19sChIJ05iDCre1yhQRJPuG_duAae4?authuser=0&hl=en&rclk=1,Plus Gayrimenkul,Commercial real estate agency,"Maslak Mah. Taşyoncası Sok. Ağaoğlu 1453 Sitesi T4a Blok Kat -9, 34398 Sarıyer/İstanbul, Türkiye","{""Friday"":[""9 am–6:30 pm""],""Monday"":[""9 am–6:30 pm""],""Saturday"":[""9 am–6:30 pm""],""Sunday"":[""Closed""],""Thursday"":[""9 am–6:30 pm""],""Tuesday"":[""9 am–6:30 pm""],""Wednesday"":[""9 am–6:30 pm""]}",{},,+90 212 286 47 47,"42C4+3W Sarıyer, İstanbul, Türkiye",178,5.000000,"{""1"":1,""2"":0,""3"":1,""4"":2,""5"":174}",41.120205,29.007314,17179403935921142564,,,,https://lh3.googleusercontent.com/p/AF1QipNGDIPTMB7DY9TWmzORKHKc-2NLK-YaDl4Obj8A=w408-h272-k-no,Europe/Istanbul,,0x14cab5b70a8398d3:0xee6980dbfd86fb24,"[{""title"":""All"",""image"":""https://lh3.googleusercontent.com/p/AF1QipNGDIPTMB7DY9TWmzORKHKc-2NLK-YaDl4Obj8A=w447-h298-k-no""},{""title"":""Exterior"",""image"":""https://lh3.googleusercontent.com/p/AF1QipPbBXLbIfPdh--IqMG0slO8YMryJkato0dJk2l8=w397-h298-k-no""},{""title"":""Videos"",""image"":""https://lh3.googleusercontent.com/p/AF1QipOu3AYE6jPiKRejAfZmEScK5NGl5e5FNaEmFcdu=w298-h298-k-no""},{""title"":""Inside"",""image"":""https://lh3.googleusercontent.com/p/AF1QipOW29TXe8Q4hWvflU9ZNtdCVbsHZtWmWX-35Q-d=w447-h298-k-no""},{""title"":""Real Estate"",""image"":""https://lh3.googleusercontent.com/p/AF1QipNQRNqnbSq1vZIUYd6JZpkzqD1PzhPKd_xZaLSP=w483-h298-k-no""},{""title"":""By owner"",""image"":""https://lh3.googleusercontent.com/p/AF1QipM0ME44AvT58LGJxBtKFDN4NZ1OTfpNKWbjRxpj=w298-h298-k-no""}]",null,"[{""link"":""https://www.plusgayrimenkul.com.tr/iletisim"",""source"":""plusgayrimenkul.com.tr""}]","{""link"":"""",""source"":""""}","{""id"":""108039769318056478320"",""name"":""Plus Gayrimenkul (Owner)"",""link"":""https://www.google.com/maps/contrib/108039769318056478320""}","{""borough"":""Maslak"",""street"":""Maslak Mah. Taşyoncası Sok. Ağaoğlu 1453 Sitesi T4a Blok Kat -9"",""city"":""Sarıyer"",""postal_code"":""34398"",""state"":""İstanbul"",""country"":""TR""}","[{""id"":""from_the_business"",""name"":""From the business"",""options"":[{""name"":""Identifies as women-owned"",""enabled"":true}]},{""id"":""service_options"",""name"":""Service options"",""options"":[{""name"":""Online appointments"",""enabled"":true},{""name"":""On-site services"",""enabled"":true}]},{""id"":""accessibility"",""name"":""Accessibility"",""options"":[{""name"":""Wheelchair-accessible car park"",""enabled"":true},{""name"":""Wheelchair-accessible entrance"",""enabled"":true}]},{""id"":""planning"",""name"":""Planning"",""options"":[{""name"":""Appointment required"",""enabled"":true}]}]",[],null,
6dd7d639-603b-4ca5-b1d9-ccf2a2f9c326,https://www.google.com/maps/place/Residential+Realty/data=!4m7!3m6!1s0x14cab764d97bc64d:0xd2ce78476dea2046!8m2!3d41.0355182!4d28.9883686!16s%2Fg%2F1vlcz1pk!19sChIJTcZ72WS3yhQRRiDqbUd4ztI?authuser=0&hl=en&rclk=1,Residential Realty,Real estate agency,"İnönü Caddesi, No:25 Kunt, Gümüşsuyu, Apt. Daire:1, 34437 Beyoğlu/İstanbul, Türkiye",{},{},http://www.konutrealty.com/,+90 212 251 87 87,"2XPQ+68 Beyoğlu, İstanbul, Türkiye",48,4.800000,"{""1"":1,""2"":0,""3"":1,""4"":2,""5"":44}",41.035518,28.988369,15190210841349333062,,,,https://lh3.googleusercontent.com/p/AF1QipMarYzTycJP1YojczSH0rDKqC4-Pm6pGKCoAp5L=w408-h306-k-no,Europe/Istanbul,,0x14cab764d97bc64d:0xd2ce78476dea2046,"[{""title"":""All"",""image"":""https://lh3.googleusercontent.com/p/AF1QipMarYzTycJP1YojczSH0rDKqC4-Pm6pGKCoAp5L=w397-h298-k-no""},{""title"":""Exterior"",""image"":""https://lh3.googleusercontent.com/p/AF1QipNSPYDt4o0S2ddnVe4STrKwpmnPJlfVSdbyOrxy=w224-h336-k-no""},{""title"":""Inside"",""image"":""https://lh3.googleusercontent.com/p/AF1QipPd_QydfXjBQk8cbxVy2svEjbN3qN017WOnzT7F=w446-h298-k-no""},{""title"":""By owner"",""image"":""https://lh3.googleusercontent.com/p/AF1QipPDQOCs7r5dQvrJqhOr1B4qTEZeYo0XAH5mfrBY=w446-h298-k-no""},{""title"":""Street View \u0026 360°"",""image"":""https://streetviewpixels-pa.googleapis.com/v1/thumbnail?panoid=19EqhC0Q1DLzwFOCjBoKpw\u0026cb_client=maps_sv.tactile.gps\u0026w=224\u0026h=298\u0026yaw=8.135432\u0026pitch=0\u0026thumbfov=100""}]",null,null,"{""link"":"""",""source"":""""}","{""id"":""103431045697853088279"",""name"":""Residential Realty (Owner)"",""link"":""https://www.google.com/maps/contrib/103431045697853088279""}","{""borough"":""Gümüşsuyu"",""street"":""İnönü Caddesi, No:25 Kunt, Apt. Daire:1"",""city"":""Beyoğlu"",""postal_code"":""34437"",""state"":""İstanbul"",""country"":""TR""}","[{""id"":""service_options"",""name"":""Service options"",""options"":[{""name"":""Online appointments"",""enabled"":true},{""name"":""On-site services"",""enabled"":true}]},{""id"":""amenities"",""name"":""Amenities"",""options"":[{""name"":""Gender-neutral toilets"",""enabled"":true}]},{""id"":""planning"",""name"":""Planning"",""options"":[{""name"":""Appointment required"",""enabled"":true}]},{""id"":""parking"",""name"":""Parking"",""options"":[{""name"":""Paid street parking"",""enabled"":true}]}]",[],null,
6dd7d639-603b-4ca5-b1d9-ccf2a2f9c326,https://www.google.com/maps/place/City+Gayrimenkul/data=!4m7!3m6!1s0x14cac7843f38219d:0x72a1d4b9dea4ba04!8m2!3d40.9795151!4d29.052788!16s%2Fg%2F1th96yqc!19sChIJnSE4P4THyhQRBLqk3rnUoXI?authuser=0&hl=en&rclk=1,City Gayrimenkul,Real estate agency,"Ateş Er Apt, Feneryolu, Mustafa Mazhar Bey Sokağı No:41/A, 34724 Kadıköy/İstanbul, Türkiye",{},{},http://www.citygayrimenkul.com.tr/,+90 216 566 31 20,"X3H3+R4 Kadıköy, İstanbul, Türkiye",39,4.700000,"{""1"":3,""2"":0,""3"":0,""4"":0,""5"":36}",40.979515,29.052788,8260117086343576068,,,,https://lh3.googleusercontent.com/p/AF1QipPWylGRYzMlfpzF1XtzSl196jhVoHcia8NvMRv8=w446-h240-k-no,Europe/Istanbul,,0x14cac7843f38219d:0x72a1d4b9dea4ba04,"[{""title"":""All"",""image"":""https://lh3.googleusercontent.com/p/AF1QipPWylGRYzMlfpzF1XtzSl196jhVoHcia8NvMRv8=w554-h298-k-no""},{""title"":""Exterior"",""image"":""https://lh3.googleusercontent.com/p/AF1QipMDGg-TrrH4VI0wN8-Ee3hE7mf6rhMVpIZj1Tw_=w397-h298-k-no""},{""title"":""Videos"",""image"":""https://lh3.googleusercontent.com/p/AF1QipNXXAXrbtOHlfL17vrYmhIQ6xpCRMb5QzuU8hO2=w529-h298-k-no""},{""title"":""Inside"",""image"":""https://lh3.googleusercontent.com/p/AF1QipNRMSZDHQliG_hJ8p_eoP6GOMcrpeZGsaKSAVK_=w447-h298-k-no""},{""title"":""By owner"",""image"":""https://lh3.googleusercontent.com/p/AF1QipNXXAXrbtOHlfL17vrYmhIQ6xpCRMb5QzuU8hO2=w529-h298-k-no""},{""title"":""Street View \u0026 360°"",""image"":""https://streetviewpixels-pa.googleapis.com/v1/thumbnail?panoid=hS5uNTZpkRMDV7dtt8w1jg\u0026cb_client=maps_sv.tactile.gps\u0026w=224\u0026h=298\u0026yaw=297.9289\u0026pitch=0\u0026thumbfov=100""}]",null,null,"{""link"":"""",""source"":""""}","{""id"":""110571679639337310275"",""name"":""City Gayrimenkul (Owner)"",""link"":""https://www.google.com/maps/contrib/110571679639337310275""}","{""borough"":""Feneryolu"",""street"":""Ateş Er Apt, Mustafa Mazhar Bey Sokağı No:41/A"",""city"":""Kadıköy"",""postal_code"":""34724"",""state"":""İstanbul"",""country"":""TR""}",null,[],null,
6dd7d639-603b-4ca5-b1d9-ccf2a2f9c326,https://www.google.com/maps/place/Kuruo%C4%9Flu+Emlak+Fevzipa%C5%9Fa+Caddesi+Fatih+Gayrimenkul/data=!4m7!3m6!1s0x14caba2119a5e5f5:0x82f10c7302010254!8m2!3d41.017563!4d28.949365!16s%2Fg%2F1tcwbq83!19sChIJ9eWlGSG6yhQRVAIBAnMM8YI?authuser=0&hl=en&rclk=1,Kuruoğlu Emlak Fevzipaşa Caddesi Fatih Gayrimenkul,Real estate agency,"Akşemsettin, Fevzi Paşa Cd. No:11/5, 34080 Fatih/İstanbul, Türkiye",{},{},https://www.kuruoglugayrimenkul.com/,+90 541 473 53 84,"2W9X+2P Fatih, İstanbul, Türkiye",11,5.000000,"{""1"":0,""2"":0,""3"":0,""4"":0,""5"":11}",41.017563,28.949365,9435336382412292692,,,,//lh4.googleusercontent.com/hdaObRQjEHSYe5nRy7US_kcz9LN9rSLRbVQT2o5MUV0UQLhbnfz_M9NrNEkXftTYBQ=w426-h240-k-no,Europe/Istanbul,,0x14caba2119a5e5f5:0x82f10c7302010254,"[{""title"":""All"",""image"":""//lh4.googleusercontent.com/hdaObRQjEHSYe5nRy7US_kcz9LN9rSLRbVQT2o5MUV0UQLhbnfz_M9NrNEkXftTYBQ=w529-h298-k-no""},{""title"":""By owner"",""image"":""https://lh3.googleusercontent.com/p/AF1QipMeOjqpnbkttjwFeN_hA8M51pmxhhsXQzOyxWRk=w783-h298-k-no""},{""title"":""Videos"",""image"":""https://lh3.googleusercontent.com/p/AF1QipMeOjqpnbkttjwFeN_hA8M51pmxhhsXQzOyxWRk=w783-h298-k-no""},{""title"":""Street View \u0026 360°"",""image"":""https://streetviewpixels-pa.googleapis.com/v1/thumbnail?panoid=12nbznUlHxJKwPMB5VswdQ\u0026cb_client=maps_sv.tactile.gps\u0026w=224\u0026h=298\u0026yaw=213.18541\u0026pitch=0\u0026thumbfov=100""}]",null,"[{""link"":""https://www.kuruoglugayrimenkul.com/iletisim.html"",""source"":""kuruoglugayrimenkul.com""}]","{""link"":"""",""source"":""""}","{""id"":""109920959129813193868"",""name"":""Kuruoğlu Emlak Fevzipaşa Caddesi Fatih Gayrimenkul (Owner)"",""link"":""https://www.google.com/maps/contrib/109920959129813193868""}","{""borough"":""Akşemsettin"",""street"":""Fevzi Paşa Cd. No:11/5"",""city"":""Fatih"",""postal_code"":""34080"",""state"":""İstanbul"",""country"":""TR""}","[{""id"":""service_options"",""name"":""Service options"",""options"":[{""name"":""On-site services"",""enabled"":true},{""name"":""Online appointments"",""enabled"":false}]}]",[],null,
6dd7d639-603b-4ca5-b1d9-ccf2a2f9c326,https://www.google.com/maps/place/GARANT%C4%B0+GAYR%C4%B0MENKUL+-+Erg%C3%BCn+Durmu%C5%9F/data=!4m7!3m6!1s0x14cab6888d3d17f5:0x3ed9174c023eba38!8m2!3d41.0897432!4d28.9954785!16s%2Fg%2F11gsbfrcsy!19sChIJ9Rc9jYi2yhQROLo-AkwX2T4?authuser=0&hl=en&rclk=1,GARANTİ GAYRİMENKUL - Ergün Durmuş,Real estate agency,"4.LEVENT, Şirintepe, Gümüşhane Cd. NO:21/8, 34415 Kağıthane/İstanbul, Türkiye",{},{},https://garantiemlakergundurmus.sahibinden.com/,+90 541 272 47 68,"3XQW+V5 Kağıthane, İstanbul, Türkiye",323,4.900000,"{""1"":10,""2"":0,""3"":0,""4"":4,""5"":309}",41.089743,28.995478,4528676515520363064,,,,https://lh3.googleusercontent.com/p/AF1QipPP8jwHJvGnav6vAqqhOv3iyHAEg4U7Q1kTnk59=w426-h240-k-no,Europe/Istanbul,,0x14cab6888d3d17f5:0x3ed9174c023eba38,"[{""title"":""All"",""image"":""https://lh3.googleusercontent.com/p/AF1QipPP8jwHJvGnav6vAqqhOv3iyHAEg4U7Q1kTnk59=w529-h298-k-no""},{""title"":""Real Estate"",""image"":""https://lh3.googleusercontent.com/p/AF1QipNojwwe2ueR6y8Fs-5JK0U6ceIodWOTFwQ6ADfe=w707-h298-k-no""},{""title"":""Videos"",""image"":""https://lh3.googleusercontent.com/p/AF1QipMwcb7lkdf6p4JmW-vH_NKchEeTfrHJXHzPOVEp=w447-h298-k-no""},{""title"":""By owner"",""image"":""https://lh3.googleusercontent.com/p/AF1QipMwcb7lkdf6p4JmW-vH_NKchEeTfrHJXHzPOVEp=w447-h298-k-no""},{""title"":""Street View \u0026 360°"",""image"":""https://streetviewpixels-pa.googleapis.com/v1/thumbnail?panoid=0Tg_KfR_SklUkduhW-uvSA\u0026cb_client=maps_sv.tactile.gps\u0026w=224\u0026h=298\u0026yaw=135.69481\u0026pitch=0\u0026thumbfov=100""}]",null,"[{""link"":""https://garantiemlakergundurmus.sahibinden.com/"",""source"":""sahibinden.com""}]","{""link"":"""",""source"":""""}","{""id"":""104728198201316965131"",""name"":""GARANTİ GAYRİMENKUL - Ergün Durmuş (Owner)"",""link"":""https://www.google.com/maps/contrib/104728198201316965131""}","{""borough"":""Şirintepe"",""street"":""4.LEVENT, Gümüşhane Cd. NO:21/8"",""city"":""Kağıthane"",""postal_code"":""34415"",""state"":""İstanbul"",""country"":""TR""}","[{""id"":""service_options"",""name"":""Service options"",""options"":[{""name"":""Online appointments"",""enabled"":true},{""name"":""On-site services"",""enabled"":true}]},{""id"":""accessibility"",""name"":""Accessibility"",""options"":[{""name"":""Wheelchair-accessible entrance"",""enabled"":true},{""name"":""Wheelchair-accessible seating"",""enabled"":true},{""name"":""Wheelchair-accessible car park"",""enabled"":false},{""name"":""Wheelchair-accessible toilet"",""enabled"":false}]},{""id"":""amenities"",""name"":""Amenities"",""options"":[{""name"":""Gender-neutral toilets"",""enabled"":true}]},{""id"":""planning"",""name"":""Planning"",""options"":[{""name"":""Appointment required"",""enabled"":true}]}]",[],null,
6dd7d639-603b-4ca5-b1d9-ccf2a2f9c326,https://www.google.com/maps/place/DA%C4%9EISTAN+GAYR%C4%B0MENKUL/data=!4m7!3m6!1s0x14caa3fbe9848d43:0x54c569d31b675485!8m2!3d40.9853812!4d28.7943547!16s%2Fg%2F11nm_zmw78!19sChIJQ42E6fujyhQRhVRnG9NpxVQ?authuser=0&hl=en&rclk=1,DAĞISTAN GAYRİMENKUL,Real estate agency,"Şenlikköy, Ekşi Nar Sk. No:11/2, 34153 Bakırköy/İstanbul, Türkiye",{},{},https://dagistangayrimenkul.com/,+90 212 954 00 11,"XQPV+5P Bakırköy, İstanbul, Türkiye",9,5.000000,"{""1"":0,""2"":0,""3"":0,""4"":0,""5"":9}",40.985381,28.794355,6108404825016718469,,,,https://lh3.googleusercontent.com/p/AF1QipN411XMd1t0O7ObC7F4yK4aWZiZO_V3T3kJit8=w408-h271-k-no,Europe/Istanbul,,0x14caa3fbe9848d43:0x54c569d31b675485,"[{""title"":""All"",""image"":""https://lh3.googleusercontent.com/p/AF1QipN411XMd1t0O7ObC7F4yK4aWZiZO_V3T3kJit8=w447-h298-k-no""},{""title"":""Inside"",""image"":""https://lh3.googleusercontent.com/p/AF1QipOOBAINYYyHD01LK8Ag0zGXgQueDWEgfGvQBzg=w447-h298-k-no""},{""title"":""By owner"",""image"":""https://lh3.googleusercontent.com/p/AF1QipN6b2ZjZTMTp_m0ROUTDflwRLc3zHOagiRTflA=w447-h298-k-no""},{""title"":""Street View \u0026 360°"",""image"":""https://streetviewpixels-pa.googleapis.com/v1/thumbnail?panoid=jvt5u4cvarJjsCyg4ye3xA\u0026cb_client=maps_sv.tactile.gps\u0026w=224\u0026h=298\u0026yaw=190.70334\u0026pitch=0\u0026thumbfov=100""}]",null,null,"{""link"":"""",""source"":""""}","{""id"":""108929723330252820915"",""name"":""DAĞISTAN GAYRİMENKUL (Owner)"",""link"":""https://www.google.com/maps/contrib/108929723330252820915""}","{""borough"":""Şenlikköy"",""street"":""Ekşi Nar Sk. No:11/2"",""city"":""Bakırköy"",""postal_code"":""34153"",""state"":""İstanbul"",""country"":""TR""}","[{""id"":""service_options"",""name"":""Service options"",""options"":[{""name"":""Online appointments"",""enabled"":true},{""name"":""On-site services"",""enabled"":true}]},{""id"":""accessibility"",""name"":""Accessibility"",""options"":[{""name"":""Wheelchair-accessible car park"",""enabled"":true},{""name"":""Wheelchair-accessible entrance"",""enabled"":true},{""name"":""Wheelchair-accessible seating"",""enabled"":true},{""name"":""Wheelchair-accessible toilet"",""enabled"":false}]},{""id"":""amenities"",""name"":""Amenities"",""options"":[{""name"":""Gender-neutral toilets"",""enabled"":true}]}]",[],null,
6dd7d639-603b-4ca5-b1d9-ccf2a2f9c326,https://www.google.com/maps/place/PEGAAS+GAYR%C4%B0MENKUL/data=!4m7!3m6!1s0x14caa055f9504469:0xcfb56117c7dfbcb8!8m2!3d40.9918244!4d28.7143023!16s%2Fg%2F11b8b3n491!19sChIJaURQ-VWgyhQRuLzfxxdhtc8?authuser=0&hl=en&rclk=1,PEGAAS GAYRİMENKUL,Real estate agency,"Üniversite Mahallesi, Zambak Sokak No:7/c, pelican mall avm yanı, 34320 Avcılar/İstanbul, Türkiye",{},{},http://pegaasgayrimenkul.net/,+90 531 655 25 54,"XPR7+PP Avcılar, İstanbul, Türkiye",121,4.800000,"{""1"":5,""2"":1,""3"":1,""4"":2,""5"":112}",40.991824,28.714302,14966975691401182392,,,,https://lh3.googleusercontent.com/p/AF1QipNxd3AvWeS1cG_9NHT1bKG2YhaQqpRNZoN_JXBU=w408-h271-k-no,Europe/Istanbul,,0x14caa055f9504469:0xcfb56117c7dfbcb8,"[{""title"":""All"",""image"":""https://lh3.googleusercontent.com/p/AF1QipNxd3AvWeS1cG_9NHT1bKG2YhaQqpRNZoN_JXBU=w447-h298-k-no""},{""title"":""Exterior"",""image"":""https://lh3.googleusercontent.com/p/AF1QipNJpggK2_1bpvcx0pnwesaFH_Ylhgn8TAIl24eA=w529-h298-k-no""},{""title"":""Inside"",""image"":""https://lh3.googleusercontent.com/gps-cs-s/AG0ilSyNgw1FvCfNNk1doGbrEUlvf701D9Wra6KC2CVtMBPMe8LPp-WRwshFeop1gf38V2PDdYbaHQ9ZdAiDE-5RUTE7YuPtbXkWIx0KuUg1ctgW3TFBRUnGXRRjtjJff7flyrZ5PXK43EFe_qs=w224-h298-k-no-pi-0.112540185-ya179.88745-ro-0-fo100""},{""title"":""Real Estate"",""image"":""//lh3.googleusercontent.com/jjbVyzfO0R_NipO44f7-pn3wpZRgyrvtUFWC15YqTh7Ya42R5rwvCxEfTff5QI3N=w397-h298-k-no""},{""title"":""By owner"",""image"":""https://lh3.googleusercontent.com/p/AF1QipO_mK7jk3gJg1cnmBfvrpziGpzKqgn5O-xraoo5=w397-h298-k-no""},{""title"":""Street View \u0026 360°"",""image"":""https://streetviewpixels-pa.googleapis.com/v1/thumbnail?panoid=IA-KfOk2AcrvZSi6a75S7w\u0026cb_client=maps_sv.tactile.gps\u0026w=224\u0026h=298\u0026yaw=151.67404\u0026pitch=0\u0026thumbfov=100""}]",null,"[{""link"":""http://pegaasgayrimenkul.net/"",""source"":""pegaasgayrimenkul.net""}]","{""link"":"""",""source"":""""}","{""id"":""103763714648330385558"",""name"":""PEGAAS GAYRİMENKUL (Owner)"",""link"":""https://www.google.com/maps/contrib/103763714648330385558""}","{""borough"":""Üniversite"",""street"":""Üniversite Mahallesi, Zambak Sokak No:7/c, pelican mall avm yanı"",""city"":""Avcılar"",""postal_code"":""34320"",""state"":""İstanbul"",""country"":""TR""}","[{""id"":""service_options"",""name"":""Service options"",""options"":[{""name"":""Online appointments"",""enabled"":true},{""name"":""On-site services"",""enabled"":true}]},{""id"":""accessibility"",""name"":""Accessibility"",""options"":[{""name"":""Wheelchair-accessible seating"",""enabled"":true},{""name"":""Wheelchair-accessible toilet"",""enabled"":true}]},{""id"":""parking"",""name"":""Parking"",""options"":[{""name"":""Free of charge street parking"",""enabled"":true},{""name"":""Free parking lot"",""enabled"":true}]}]",[],null,
6dd7d639-603b-4ca5-b1d9-ccf2a2f9c326,https://www.google.com/maps/place/Erol+Gayrimenkul/data=!4m7!3m6!1s0x14caba215f1e4063:0x112b59223abd4828!8m2!3d41.0179315!4d28.9469013!16s%2Fg%2F1tmmb5n2!19sChIJY0AeXyG6yhQRKEi9OiJZKxE?authuser=0&hl=en&rclk=1,Erol Gayrimenkul,Real estate consultant,"Akşemsettin, Sarıgüzel Cd. 35 B, 34080 Fatih/İstanbul, Türkiye",{},{},,+90 535 777 50 77,"2W9W+5Q Fatih, İstanbul, Türkiye",13,4.500000,"{""1"":1,""2"":0,""3"":0,""4"":2,""5"":10}",41.017931,28.946901,1237180526192576552,,,,https://lh3.googleusercontent.com/p/AF1QipPVrOZd5JUeATPnvqaqwhDnlX6eQXJhlo8z1syP=w408-h241-k-no,Europe/Istanbul,,0x14caba215f1e4063:0x112b59223abd4828,"[{""title"":""All"",""image"":""https://lh3.googleusercontent.com/p/AF1QipPVrOZd5JUeATPnvqaqwhDnlX6eQXJhlo8z1syP=w504-h298-k-no""},{""title"":""Exterior"",""image"":""https://lh3.googleusercontent.com/gps-cs-s/AG0ilSx2VwJEr5-CqE2M6vlpqmVYQLcyKb_GVdN_VdFmOiP3qgdTd64qbgrWCDR-5Gqaz9YwasftPsxAGnEp8hv5eVrgIcQDPd71lWM-5psvcvRh_GHenRMqtYjiUtMwzXnEF9duuZiR=w224-h298-k-no""},{""title"":""Inside"",""image"":""https://lh3.googleusercontent.com/gps-cs-s/AG0ilSwdXRSa2IT990ox54y75M9Bh3Zj7rBY0uTXvoJ8miyvkEBcVVKeznst4ZKolUtQx9xkTIJTIozLfD-dUhrYthcyZDxN12uazX0wb3ud6sDidBxquuEAag_lwi8PH9brih7-j069=w397-h298-k-no""},{""title"":""Real Estate"",""image"":""https://lh3.googleusercontent.com/p/AF1QipPa_Uhfnd2xiuEjuEXW6NZdeqI7Ei9UUatvpcxR=w397-h298-k-no""},{""title"":""By owner"",""image"":""https://lh3.googleusercontent.com/p/AF1QipPbPtvkQ2xcHH0LiCUvf-77v4i8_Qrw0ew-lo-T=w397-h298-k-no""},{""title"":""Street View \u0026 360°"",""image"":""https://streetviewpixels-pa.googleapis.com/v1/thumbnail?panoid=XcEYdalpmEkvbi1I3IGKow\u0026cb_client=maps_sv.tactile.gps\u0026w=224\u0026h=298\u0026yaw=256.81433\u0026pitch=0\u0026thumbfov=100""}]",null,null,"{""link"":"""",""source"":""""}","{""id"":""117218191450222362417"",""name"":""Erol Gayrimenkul (Owner)"",""link"":""https://www.google.com/maps/contrib/117218191450222362417""}","{""borough"":""Akşemsettin"",""street"":""Sarıgüzel Cd. 35 B"",""city"":""Fatih"",""postal_code"":""34080"",""state"":""İstanbul"",""country"":""TR""}",null,[],null,
6dd7d639-603b-4ca5-b1d9-ccf2a2f9c326,https://www.google.com/maps/place/Emlak%C3%A7%C4%B1+Oytun+Mertol+Gayrimenkul+Dan%C4%B1%C5%9Fmanl%C4%B1%C4%9F%C4%B1/data=!4m7!3m6!1s0x14cab9070206fdaf:0x56a08e7c5eca5834!8m2!3d40.9896602!4d29.0274135!16s%2Fg%2F11gm936chl!19sChIJr_0GAge5yhQRNFjKXnyOoFY?authuser=0&hl=en&rclk=1,Emlakçı Oytun Mertol Gayrimenkul Danışmanlığı,Real estate agency,"Osmanağa, Serasker Cd. no: 49/1, 34714 Kadıköy/İstanbul, Türkiye","{""Friday"":[""10 am–8 pm""],""Monday"":[""10 am–8 pm""],""Saturday"":[""10 am–8 pm""],""Sunday"":[""10 am–8 pm""],""Thursday"":[""10 am–8 pm""],""Tuesday"":[""10 am–8 pm""],""Wednesday"":[""10 am–8 pm""]}",{},,+90 216 345 40 04,"X2QG+VX Kadıköy, İstanbul, Türkiye",708,5.000000,"{""1"":6,""2"":0,""3"":2,""4"":1,""5"":699}",40.989660,29.027413,6242145748352915508,,,,https://lh3.googleusercontent.com/gps-cs-s/AG0ilSyO-OrVN_mZjkjIdIxYODLlxtvEYXh82X0D3hje6JLq1JniaHZTwZKyx7LmjO570QdeysBaxxRsWenqqm6FVMsLi2ic4oO1LEjKmus7MfGpQiscumIgwuWSRwjLI2_dOgkU0MnoDP5Ex-_t=w408-h544-k-no,Europe/Istanbul,,0x14cab9070206fdaf:0x56a08e7c5eca5834,"[{""title"":""All"",""image"":""https://lh3.googleusercontent.com/gps-cs-s/AG0ilSyO-OrVN_mZjkjIdIxYODLlxtvEYXh82X0D3hje6JLq1JniaHZTwZKyx7LmjO570QdeysBaxxRsWenqqm6FVMsLi2ic4oO1LEjKmus7MfGpQiscumIgwuWSRwjLI2_dOgkU0MnoDP5Ex-_t=w224-h298-k-no""},{""title"":""By owner"",""image"":""https://lh3.googleusercontent.com/p/AF1QipMmxqwn5E0hSdq1OmNPPcvkRAsRg0MFiWwLCkns=w399-h298-k-no""},{""title"":""Street View \u0026 360°"",""image"":""https://streetviewpixels-pa.googleapis.com/v1/thumbnail?panoid=ELbHLJD7p3h2_2lVw9omAw\u0026cb_client=maps_sv.tactile.gps\u0026w=224\u0026h=298\u0026yaw=26.282312\u0026pitch=0\u0026thumbfov=100""}]",null,null,"{""link"":"""",""source"":""""}","{""id"":""113062945551632672745"",""name"":""Emlakçı Oytun Mertol Gayrimenkul Danışmanlığı (Owner)"",""link"":""https://www.google.com/maps/contrib/113062945551632672745""}","{""borough"":""Osmanağa"",""street"":""Serasker Cd. no: 49/1"",""city"":""Kadıköy"",""postal_code"":""34714"",""state"":""İstanbul"",""country"":""TR""}",null,[],null,
6dd7d639-603b-4ca5-b1d9-ccf2a2f9c326,https://www.google.com/maps/place/Pera+Gayrimenkul/data=!4m7!3m6!1s0x14caa24cfa6ab26f:0x233408145d859da9!8m2!3d40.9675073!4d28.7978892!16s%2Fg%2F11dxd48jh4!19sChIJb7Jq-kyiyhQRqZ2FXRQINCM?authuser=0&hl=en&rclk=1,Pera Gayrimenkul,Real estate agency,"Şenlikköy, Kırserdar Sk. No:47 D:1, 34153 Bakırköy/İstanbul, Türkiye","{""Friday"":[""9 am–7 pm""],""Monday"":[""9 am–7 pm""],""Saturday"":[""9 am–7 pm""],""Sunday"":[""Closed""],""Thursday"":[""9 am–7 pm""],""Tuesday"":[""9 am–7 pm""],""Wednesday"":[""9 am–7 pm""]}",{},http://www.peragayrimenkul.org/iletisim-telefon-adres,+90 212 573 98 80,"XQ9X+25 Bakırköy, İstanbul, Türkiye",3,4.700000,"{""1"":0,""2"":0,""3"":0,""4"":1,""5"":2}",40.967507,28.797889,2536661373677837737,,,,//lh3.googleusercontent.com/q1N4MxplDA8Ez66IosKIDP3sDVogsBTC5A1doqnt1tLdwf__5LUgfdMz6nc7s0xAUQ=w426-h240-k-no,Europe/Istanbul,,0x14caa24cfa6ab26f:0x233408145d859da9,"[{""title"":""All"",""image"":""//lh3.googleusercontent.com/q1N4MxplDA8Ez66IosKIDP3sDVogsBTC5A1doqnt1tLdwf__5LUgfdMz6nc7s0xAUQ=w529-h298-k-no""},{""title"":""Exterior"",""image"":""//lh4.googleusercontent.com/ixRN3Yl4c89BTWXxIqZOCIPwYx3u5hEfgrVbEDOJpoTynLB7QI7zG5oF3gEerq6I=w529-h298-k-no""},{""title"":""Real Estate"",""image"":""//lh3.googleusercontent.com/q1N4MxplDA8Ez66IosKIDP3sDVogsBTC5A1doqnt1tLdwf__5LUgfdMz6nc7s0xAUQ=w529-h298-k-no""},{""title"":""By owner"",""image"":""https://lh3.googleusercontent.com/p/AF1QipMViHIW-Tkhi6WzPlIR14Y9X8VOiB-TIQCwNGml=w682-h298-k-no""},{""title"":""Street View \u0026 360°"",""image"":""https://streetviewpixels-pa.googleapis.com/v1/thumbnail?panoid=ojkx9v0qiq2QtCr0EikRuQ\u0026cb_client=maps_sv.tactile.gps\u0026w=224\u0026h=298\u0026yaw=46.11339\u0026pitch=0\u0026thumbfov=100""}]",null,null,"{""link"":"""",""source"":""""}","{""id"":""113985172455873331121"",""name"":""Pera Gayrimenkul (Owner)"",""link"":""https://www.google.com/maps/contrib/113985172455873331121""}","{""borough"":""Şenlikköy"",""street"":""Kırserdar Sk. No:47 D:1"",""city"":""Bakırköy"",""postal_code"":""34153"",""state"":""İstanbul"",""country"":""TR""}",null,[],null,
6dd7d639-603b-4ca5-b1d9-ccf2a2f9c326,https://www.google.com/maps/place/KENAN+ACAR+GAYR%C4%B0MENKUL+DANI%C5%9EMANLI%C4%9EI/data=!4m7!3m6!1s0x14caba311c225f17:0xa665fe6cf0bdbe42!8m2!3d41.01226!4d28.937896!16s%2Fg%2F1tdjf461!19sChIJF18iHDG6yhQRQr698Gz-ZaY?authuser=0&hl=en&rclk=1,KENAN ACAR GAYRİMENKUL DANIŞMANLIĞI,Real estate agency,"Şehremini, Fındıkzade Sokağı 5-B, 34200 Fatih/İstanbul, Türkiye","{""Friday"":[""10 am–8 pm""],""Monday"":[""10 am–8 pm""],""Saturday"":[""10 am–8 pm""],""Sunday"":[""Closed""],""Thursday"":[""10 am–8 pm""],""Tuesday"":[""10 am–8 pm""],""Wednesday"":[""10 am–8 pm""]}",{},http://kenanacar.sahibinden.com/,,"2W6Q+W5 Fatih, İstanbul, Türkiye",5,4.200000,"{""1"":1,""2"":0,""3"":0,""4"":0,""5"":4}",41.012260,28.937896,11990269326792703554,,,,https://lh3.googleusercontent.com/p/AF1QipPEoxryu8YUqQddfYdSyXhuKG7aO7RlqBNbljY7=w408-h306-k-no,Europe/Istanbul,,0x14caba311c225f17:0xa665fe6cf0bdbe42,"[{""title"":""All"",""image"":""https://lh3.googleusercontent.com/p/AF1QipPEoxryu8YUqQddfYdSyXhuKG7aO7RlqBNbljY7=w397-h298-k-no""},{""title"":""Exterior"",""image"":""//lh4.googleusercontent.com/CtngwpqNP4xk726B2umAPdXGiR25EarC3mvaaKykTVgI_nXVZw3TlhHc1htJqjmm=w529-h298-k-no""},{""title"":""Real Estate"",""image"":""https://lh3.googleusercontent.com/p/AF1QipNrrMp4WpGUJvqkd_asm6nrCrVD05KEq0lTb7Fy=w397-h298-k-no""},{""title"":""By owner"",""image"":""https://lh3.googleusercontent.com/p/AF1QipNdvuhM-dqKfZvOiSXvr6IxMzpObwu9ZV6nRmfC=w397-h298-k-no""},{""title"":""Street View \u0026 360°"",""image"":""https://streetviewpixels-pa.googleapis.com/v1/thumbnail?panoid=BeWPjzL1mQSkGg_Kxl5F9A\u0026cb_client=maps_sv.tactile.gps\u0026w=224\u0026h=298\u0026yaw=122.839226\u0026pitch=0\u0026thumbfov=100""}]",null,null,"{""link"":"""",""source"":""""}","{""id"":""112014185183568191469"",""name"":""KENAN ACAR GAYRİMENKUL DANIŞMANLIĞI (Owner)"",""link"":""https://www.google.com/maps/contrib/112014185183568191469""}","{""borough"":""Şehremini"",""street"":""Fındıkzade Sokağı 5-B"",""city"":""Fatih"",""postal_code"":""34200"",""state"":""İstanbul"",""country"":""TR""}",null,[],null,
6dd7d639-603b-4ca5-b1d9-ccf2a2f9c326,https://www.google.com/maps/place/1453+GAYR%C4%B0MENKUL+YATIRIM/data=!4m7!3m6!1s0x14b55f8c409cf02f:0x648ae12ad1c99efe!8m2!3d40.9774355!4d28.6551495!16s%2Fg%2F11j34vpld7!19sChIJL_CcQIxftRQR_p7J0SrhimQ?authuser=0&hl=en&rclk=1,1453 GAYRİMENKUL YATIRIM,Real estate agency,"KAVAKLI MAHALLESİ MUSTAFA KEMAL CADDESİ, Havadar Sk., 34520 Beylikdüzü/İstanbul, Türkiye",{},{},https://1453gayrimenkulyatirim.sahibinden.com/,+90 535 416 35 11,"XMG4+X3 Beylikdüzü, İstanbul, Türkiye",14,5.000000,"{""1"":0,""2"":0,""3"":0,""4"":0,""5"":14}",40.977435,28.655150,7244850524603391742,,,,https://lh3.googleusercontent.com/p/AF1QipOCih1jpKAawPzEsZaICpuwjBQdh7eI0S7JNHNl=w408-h306-k-no,Europe/Istanbul,,0x14b55f8c409cf02f:0x648ae12ad1c99efe,"[{""title"":""All"",""image"":""https://lh3.googleusercontent.com/p/AF1QipOCih1jpKAawPzEsZaICpuwjBQdh7eI0S7JNHNl=w397-h298-k-no""},{""title"":""Exterior"",""image"":""https://lh3.googleusercontent.com/gps-cs-s/AG0ilSzfvFu1DbhKDGlVtYL_ENxgbywguDFdDibOP9s7PVz9YqiAckX_5WluGIuJV7KGYodG208_NciHxO5eyH5qNrdDN1w4Sz2LdKO_l1RMsk8MhmdNr4W8vYTS3L_OysXQFitNReDruZUIYAM=w224-h298-k-no""},{""title"":""Real Estate"",""image"":""https://lh3.googleusercontent.com/gps-cs-s/AG0ilSzSMUrm9RK1hM0h5Lo0Ov19D4qGPhAU2dL6rU3b1Y1sf6bjsCd_HImIjcOO0dqQcaspFpyArKkDGBfYUhxacl0jx9WRJs2uuptLBvAUBQUiL360jUpOA0zjr_1MF3GdEMR_Nkkp=w397-h298-k-no""},{""title"":""By owner"",""image"":""https://lh3.googleusercontent.com/p/AF1QipNqrHKgUBGITOehkHiALmR4rXlUe-025oc4pYXc=w397-h298-k-no""},{""title"":""Street View \u0026 360°"",""image"":""https://streetviewpixels-pa.googleapis.com/v1/thumbnail?panoid=gHEueaP0uutTemYuuLi4RA\u0026cb_client=maps_sv.tactile.gps\u0026w=224\u0026h=298\u0026yaw=244.54865\u0026pitch=0\u0026thumbfov=100""}]",null,null,"{""link"":"""",""source"":""""}","{""id"":""109635109333026320128"",""name"":""1453 GAYRİMENKUL YATIRIM (Owner)"",""link"":""https://www.google.com/maps/contrib/109635109333026320128""}","{""borough"":""Kavaklı"",""street"":""KAVAKLI MAHALLESİ MUSTAFA KEMAL CADDESİ, Havadar Sk."",""city"":""Beylikdüzü"",""postal_code"":""34520"",""state"":""İstanbul"",""country"":""TR""}","[{""id"":""service_options"",""name"":""Service options"",""options"":[{""name"":""On-site services"",""enabled"":true},{""name"":""Online appointments"",""enabled"":false}]},{""id"":""accessibility"",""name"":""Accessibility"",""options"":[{""name"":""Wheelchair-accessible entrance"",""enabled"":true},{""name"":""Wheelchair-accessible seating"",""enabled"":true},{""name"":""Wheelchair-accessible toilet"",""enabled"":false}]}]",[],null,
6dd7d639-603b-4ca5-b1d9-ccf2a2f9c326,https://www.google.com/maps/place/GLOBAL+WORLD+KOCABEY+GAYRIMENKUL/data=!4m7!3m6!1s0x14b55f066b56355d:0xe1e13797c6cedecb!8m2!3d40.9822747!4d28.6534604!16s%2Fg%2F11rgc1g8g7!19sChIJXTVWawZftRQRy97Oxpc34eE?authuser=0&hl=en&rclk=1,GLOBAL WORLD KOCABEY GAYRIMENKUL,Real estate agency,"Kavaklı, Gençlik Cd A blok No:33, 34000 Beylikdüzü/İstanbul, Türkiye",{},{},,+90 532 790 58 64,"XMJ3+W9 Beylikdüzü, İstanbul, Türkiye",8,4.800000,"{""1"":0,""2"":0,""3"":0,""4"":2,""5"":6}",40.982275,28.653460,16276351653308718795,,,,https://lh3.googleusercontent.com/p/AF1QipP3tjvkIb86mSg0gtSHJesZh50kN8gsGOauLD5I=w408-h306-k-no,Europe/Istanbul,,0x14b55f066b56355d:0xe1e13797c6cedecb,"[{""title"":""All"",""image"":""https://lh3.googleusercontent.com/p/AF1QipP3tjvkIb86mSg0gtSHJesZh50kN8gsGOauLD5I=w397-h298-k-no""},{""title"":""Exterior"",""image"":""https://lh3.googleusercontent.com/p/AF1QipP3tjvkIb86mSg0gtSHJesZh50kN8gsGOauLD5I=w397-h298-k-no""},{""title"":""Inside"",""image"":""https://lh3.googleusercontent.com/gps-cs-s/AG0ilSwnnJdZrFdLdRLpr8sEdI-VnxwKTb3Jly8GzI0roHoIRVsOhrmoV7iTFdAjxB5Dk5yoNy3acrk6-9XiavbZs3YiTHHAQQtP41KJV_c7SwiEJcxOhJQEnxzyeoI5vvWM2p0260l9=w397-h298-k-no""},{""title"":""By owner"",""image"":""https://lh3.googleusercontent.com/p/AF1QipPjmkquZHr9iScgOmXltAlf1QD7UElLooej7AyJ=w397-h298-k-no""},{""title"":""Street View \u0026 360°"",""image"":""https://streetviewpixels-pa.googleapis.com/v1/thumbnail?panoid=u5UWgJWFTOTsffvuRRxqFA\u0026cb_client=maps_sv.tactile.gps\u0026w=224\u0026h=298\u0026yaw=92.09769\u0026pitch=0\u0026thumbfov=100""}]",null,null,"{""link"":"""",""source"":""""}","{""id"":""117803767958508127821"",""name"":""GLOBAL WORLD KOCABEY GAYRIMENKUL (Owner)"",""link"":""https://www.google.com/maps/contrib/117803767958508127821""}","{""borough"":""Kavaklı"",""street"":""Gençlik Cd A blok No:33"",""city"":""Beylikdüzü"",""postal_code"":""34000"",""state"":""İstanbul"",""country"":""TR""}",null,[],null,
6dd7d639-603b-4ca5-b1d9-ccf2a2f9c326,https://www.google.com/maps/place/My+Group/data=!4m7!3m6!1s0x14b55e54c76dbc1b:0x651afc1da1497543!8m2!3d41.0130132!4d28.6255593!16s%2Fg%2F11c2qnv99r!19sChIJG7xtx1RetRQRQ3VJoR38GmU?authuser=0&hl=en&rclk=1,My Group,Real estate agency,"Pınartepe, Yavuz Sultan Selim Blv. Vista -1 Rezidans No:5 A3 Blok, 34528 Beykent - Büyükçekmece/Büyükçekmece/İstanbul, Türkiye","{""Friday"":[""9 am–7:30 pm""],""Monday"":[""9 am–7:30 pm""],""Saturday"":[""9 am–7:30 pm""],""Sunday"":[""9 am–7:30 pm""],""Thursday"":[""9 am–7:30 pm""],""Tuesday"":[""9 am–7:30 pm""],""Wednesday"":[""9 am–7:30 pm""]}",{},,+90 532 397 14 98,"2J7G+66 Büyükçekmece, İstanbul, Türkiye",11,5.000000,"{""1"":0,""2"":0,""3"":0,""4"":0,""5"":11}",41.013013,28.625559,7285412551415395651,,,,//lh5.googleusercontent.com/uFdqif5dPVJT7bLZ3SwiaLSBNUJe0K1K0W0GIaKTVfVHvA6bAsXSOv1E9IywKanH_g=w426-h240-k-no,Europe/Istanbul,,0x14b55e54c76dbc1b:0x651afc1da1497543,"[{""title"":""All"",""image"":""//lh5.googleusercontent.com/uFdqif5dPVJT7bLZ3SwiaLSBNUJe0K1K0W0GIaKTVfVHvA6bAsXSOv1E9IywKanH_g=w529-h298-k-no""},{""title"":""Exterior"",""image"":""//lh3.googleusercontent.com/G-Y8aQvYKFvj_63hkJ9-h-U7r6Hx1Ia243ysxifycpis7zN1a34FUyKRUT3NxbuA=w529-h298-k-no""},{""title"":""Inside"",""image"":""//lh6.googleusercontent.com/n6oRYjizBdzCRaPYg6031cNV20ukeyquYzM0OUAnJEWat89WEcsuqY8U4TF-RjaV=w529-h298-k-no""},{""title"":""By owner"",""image"":""https://lh3.googleusercontent.com/p/AF1QipMDuUZX3gjftTRdib8_kqSh541jQONDgK4w_SGx=w448-h298-k-no""},{""title"":""Street View \u0026 360°"",""image"":""https://streetviewpixels-pa.googleapis.com/v1/thumbnail?panoid=jPhTLpRcbmW46dZpFFoNHA\u0026cb_client=maps_sv.tactile.gps\u0026w=224\u0026h=298\u0026yaw=275.01837\u0026pitch=0\u0026thumbfov=100""}]",null,null,"{""link"":"""",""source"":""""}","{""id"":""110258636079806727984"",""name"":""My Group (Owner)"",""link"":""https://www.google.com/maps/contrib/110258636079806727984""}","{""borough"":""Pınartepe"",""street"":""Yavuz Sultan Selim Blv. Vista -1 Rezidans No:5 A3 Blok"",""city"":""Beykent - Büyükçekmece/Büyükçekmece"",""postal_code"":""34528"",""state"":""İstanbul"",""country"":""TR""}","[{""id"":""accessibility"",""name"":""Accessibility"",""options"":[{""name"":""Wheelchair-accessible car park"",""enabled"":true}]}]",[],null,
6dd7d639-603b-4ca5-b1d9-ccf2a2f9c326,https://www.google.com/maps/place/Samra+%C4%B0n%C5%9Faat+Gayrimenkul/data=!4m7!3m6!1s0x14b55f9084cc976b:0xda0575d62196d216!8m2!3d41.0103707!4d28.6643024!16s%2Fg%2F11clfpp1j3!19sChIJa5fMhJBftRQRFtKWIdZ1Bdo?authuser=0&hl=en&rclk=1,Samra İnşaat Gayrimenkul,Real estate agency,"Güzelyurt, 2102. Sk No: 1, 34515 Esenyurt/İstanbul, Türkiye","{""Friday"":[""9 am–7:30 pm""],""Monday"":[""9 am–7:30 pm""],""Saturday"":[""9 am–7:30 pm""],""Sunday"":[""9 am–7:30 pm""],""Thursday"":[""9 am–7:30 pm""],""Tuesday"":[""9 am–7:30 pm""],""Wednesday"":[""9 am–7:30 pm""]}",{},,+90 506 127 18 76,"2M67+4P Esenyurt, İstanbul, Türkiye",42,4.200000,"{""1"":6,""2"":0,""3"":3,""4"":2,""5"":31}",41.010371,28.664302,15710092437698826774,,,,https://lh3.googleusercontent.com/gps-cs-s/AG0ilSwTjDs8zod3A6pJunpBb_6ILwo1bV5KzJJRdT70QPdHLsIHF0QSiwzSGJQizuB4wabti6Vy6AwVSD2N4_BWmmCsddkACFjmzW5pFwbG7mT1C7peGSr819QZ-D5yjS6vbxQEU1At=w426-h240-k-no,Europe/Istanbul,,0x14b55f9084cc976b:0xda0575d62196d216,"[{""title"":""All"",""image"":""https://lh3.googleusercontent.com/gps-cs-s/AG0ilSwTjDs8zod3A6pJunpBb_6ILwo1bV5KzJJRdT70QPdHLsIHF0QSiwzSGJQizuB4wabti6Vy6AwVSD2N4_BWmmCsddkACFjmzW5pFwbG7mT1C7peGSr819QZ-D5yjS6vbxQEU1At=w529-h298-k-no""},{""title"":""Exterior"",""image"":""//lh5.googleusercontent.com/GPRMF9tXdm3imQpkLot_6ST8fAx5zC41bGjam6UOf7PNaOYC_7RPV-Q-hYj7oPo=w397-h298-k-no""},{""title"":""Real Estate"",""image"":""//lh3.googleusercontent.com/ker5c2x6KMOlg3dGhGRlgCxN8KYJSWshfmDn_lK-RsLhbEyZwTXa-Mg31ZdYI28=w397-h298-k-no""},{""title"":""By owner"",""image"":""https://lh3.googleusercontent.com/p/AF1QipP0f154tHjsTf5RNLXWXCcE5VUSVD72qgjQFuTA=w449-h298-k-no""},{""title"":""Street View \u0026 360°"",""image"":""https://streetviewpixels-pa.googleapis.com/v1/thumbnail?panoid=Sv2YGk9m4sOM51IbVpkarg\u0026cb_client=maps_sv.tactile.gps\u0026w=224\u0026h=298\u0026yaw=117.35038\u0026pitch=0\u0026thumbfov=100""}]",null,null,"{""link"":"""",""source"":""""}","{""id"":""106433220060161088248"",""name"":""Samra İnşaat Gayrimenkul (Owner)"",""link"":""https://www.google.com/maps/contrib/106433220060161088248""}","{""borough"":""Güzelyurt"",""street"":""2102. Sk No: 1"",""city"":""Esenyurt"",""postal_code"":""34515"",""state"":""İstanbul"",""country"":""TR""}",null,[],null,
6dd7d639-603b-4ca5-b1d9-ccf2a2f9c326,https://www.google.com/maps/place/REMAX+EKSPRES+Gayrimenkul+Dan%C4%B1%C5%9Fmanl%C4%B1k/data=!4m7!3m6!1s0x14caa5d858e8a041:0x4ac0c8fd8aadb1c2!8m2!3d41.0449244!4d28.8295332!16s%2Fg%2F11sgl0544f!19sChIJQaDoWNilyhQRwrGtiv3IwEo?authuser=0&hl=en&rclk=1,REMAX EKSPRES Gayrimenkul Danışmanlık,Real estate agency,"Referans Güneşli, Güneşli, Üsküp Cd No: 142 D:F, 34212 Bağcılar/İstanbul, Türkiye",{},{},http://www.remax.com.tr/ekspres,+90 212 474 55 55,"2RVH+XR Bağcılar, İstanbul, Türkiye",20,5.000000,"{""1"":0,""2"":0,""3"":0,""4"":0,""5"":20}",41.044924,28.829533,5386526145614033346,,,,https://lh3.googleusercontent.com/p/AF1QipPsLjakc2nFTIIqYNK0nvOfjhAbsuXSw6kZ8ZyS=w408-h293-k-no,Europe/Istanbul,,0x14caa5d858e8a041:0x4ac0c8fd8aadb1c2,"[{""title"":""All"",""image"":""https://lh3.googleusercontent.com/p/AF1QipPsLjakc2nFTIIqYNK0nvOfjhAbsuXSw6kZ8ZyS=w414-h298-k-no""},{""title"":""Exterior"",""image"":""https://lh3.googleusercontent.com/p/AF1QipNkIL67N9hphnthMMKHlM2tWw9IOzZCIYYl6ipw=w397-h298-k-no""},{""title"":""Videos"",""image"":""https://lh3.googleusercontent.com/gps-cs-s/AG0ilSxBlM_JgKdTu0giluitEl2EJ8NiTHLowY57jM9L1FZSL_BA8LOg4MvDRb3uexAcZvKOkiUfDxyUe-2sDCuBMUcMLtzNdckb6VzuIwTrCcLInYivwC-h3iYMhY_ajZZ5Kp94-Eeg=w224-h398-k-no""},{""title"":""Landscape"",""image"":""https://lh3.googleusercontent.com/p/AF1QipPZIsL8vSTPFge6LGb4wYWJH9wKuTfhc5hoCjdf=w224-h298-k-no""},{""title"":""By owner"",""image"":""https://lh3.googleusercontent.com/p/AF1QipMBON4WjXM3XexYBAhzduvGgTSdWiHZs6eRE2er=w541-h298-k-no""},{""title"":""Street View \u0026 360°"",""image"":""https://streetviewpixels-pa.googleapis.com/v1/thumbnail?panoid=y-hXqb7ByFWegGnL4aeSzw\u0026cb_client=maps_sv.tactile.gps\u0026w=224\u0026h=298\u0026yaw=90.02157\u0026pitch=0\u0026thumbfov=100""}]",null,"[{""link"":""http://www.remax.com.tr/ekspres"",""source"":""remax.com.tr""}]","{""link"":"""",""source"":""""}","{""id"":""113032976907358207122"",""name"":""REMAX EKSPRES Gayrimenkul Danışmanlık (Owner)"",""link"":""https://www.google.com/maps/contrib/113032976907358207122""}","{""borough"":""Güneşli"",""street"":""Referans Güneşli, Üsküp Cd No: 142 D:F"",""city"":""Bağcılar"",""postal_code"":""34212"",""state"":""İstanbul"",""country"":""TR""}","[{""id"":""service_options"",""name"":""Service options"",""options"":[{""name"":""Online appointments"",""enabled"":true},{""name"":""On-site services"",""enabled"":true}]},{""id"":""accessibility"",""name"":""Accessibility"",""options"":[{""name"":""Wheelchair-accessible car park"",""enabled"":true},{""name"":""Wheelchair-accessible entrance"",""enabled"":true},{""name"":""Wheelchair-accessible seating"",""enabled"":true}]}]",[],null,
6dd7d639-603b-4ca5-b1d9-ccf2a2f9c326,https://www.google.com/maps/place/YAKAMOZ+EMLAK+%26+GAYR%C4%B0MENKUL+DANI%C5%9EMANLI%C4%9EI/data=!4m7!3m6!1s0x14cabaebc28d9c9f:0xf4e144abdbae7ede!8m2!3d41.0339581!4d28.8872571!16s%2Fg%2F11btvg9nr3!19sChIJn5yNwuu6yhQR3n6u26tE4fQ?authuser=0&hl=en&rclk=1,YAKAMOZ EMLAK & GAYRİMENKUL DANIŞMANLIĞI,Real estate agency,"Mimar Sinan, Atatürk Cd. No:23, 34200 Esenler/İstanbul, Türkiye",{},{},https://yakamozgayrimenkulesenler.sahibinden.com/,+90 543 892 22 72,"2VMP+HW Esenler, İstanbul, Türkiye",162,4.900000,"{""1"":1,""2"":0,""3"":1,""4"":6,""5"":154}",41.033958,28.887257,17645460319930056414,,,,https://lh3.googleusercontent.com/p/AF1QipP3gwlbhHa5_bmIRN_ueHNlNd6VUR-Bl2ZWtnSD=w408-h306-k-no,Europe/Istanbul,,0x14cabaebc28d9c9f:0xf4e144abdbae7ede,"[{""title"":""All"",""image"":""https://lh3.googleusercontent.com/p/AF1QipP3gwlbhHa5_bmIRN_ueHNlNd6VUR-Bl2ZWtnSD=w397-h298-k-no""},{""title"":""Exterior"",""image"":""https://lh3.googleusercontent.com/p/AF1QipOu2n1eh9OwnYoEsmmF4cvXoMBp6gyQUfJIK-PE=w224-h398-k-no""},{""title"":""Videos"",""image"":""https://lh3.googleusercontent.com/p/AF1QipNgGVBKnj-g5Y1kTMsBeNzogW4biPmD2xSq_jvi=w224-h398-k-no""},{""title"":""Real Estate"",""image"":""https://lh3.googleusercontent.com/p/AF1QipMJqvmrQtGlORb3tybnmB5_lZR6MJ4R4VMuT2OC=w397-h298-k-no""},{""title"":""By owner"",""image"":""https://lh3.googleusercontent.com/p/AF1QipNERoJi_492HtOrKtns6W6rvBoiy4mxniT_8qhZ=w397-h298-k-no""},{""title"":""Street View \u0026 360°"",""image"":""https://streetviewpixels-pa.googleapis.com/v1/thumbnail?panoid=-zSRWHGcLqXyjh6dUwWcEw\u0026cb_client=maps_sv.tactile.gps\u0026w=224\u0026h=298\u0026yaw=28.4475\u0026pitch=0\u0026thumbfov=100""}]",null,null,"{""link"":"""",""source"":""""}","{""id"":""108461148256517988154"",""name"":""YAKAMOZ EMLAK \u0026 GAYRİMENKUL DANIŞMANLIĞI (Owner)"",""link"":""https://www.google.com/maps/contrib/108461148256517988154""}","{""borough"":""Mimar Sinan"",""street"":""Atatürk Cd. No:23"",""city"":""Esenler"",""postal_code"":""34200"",""state"":""İstanbul"",""country"":""TR""}","[{""id"":""service_options"",""name"":""Service options"",""options"":[{""name"":""Online appointments"",""enabled"":true},{""name"":""On-site services"",""enabled"":true}]},{""id"":""accessibility"",""name"":""Accessibility"",""options"":[{""name"":""Wheelchair-accessible car park"",""enabled"":true},{""name"":""Wheelchair-accessible entrance"",""enabled"":true}]}]",[],null,
6dd7d639-603b-4ca5-b1d9-ccf2a2f9c326,https://www.google.com/maps/place/Maximum+Gayrimenkul/data=!4m7!3m6!1s0x14cabca74ce35c0b:0xc0f51fecfcac67ff!8m2!3d40.9844383!4d28.8776739!16s%2Fg%2F11t9drn_dg!19sChIJC1zjTKe8yhQR_2es_Owf9cA?authuser=0&hl=en&rclk=1,Maximum Gayrimenkul,Real estate agency,"Kartaltepe mahallesi Şanlı Asker sokak Yüceler Apt, 34500 Bakırköy/İstanbul, Türkiye",{},{},http://maximumgayrimenkul.com.tr/,+90 212 542 03 63,"XVMH+Q3 Bakırköy, İstanbul, Türkiye",300,5.000000,"{""1"":3,""2"":0,""3"":0,""4"":1,""5"":296}",40.984438,28.877674,13904054527288174591,,,,//lh5.googleusercontent.com/FrVEcj7WHBEx6C8iYkAK_Jl-lnJnCpVKpdVyfJKJHF9oElwkz3c7DFt8w6YZJRtQ7Q=w426-h240-k-no,Europe/Istanbul,,0x14cabca74ce35c0b:0xc0f51fecfcac67ff,"[{""title"":""All"",""image"":""//lh5.googleusercontent.com/FrVEcj7WHBEx6C8iYkAK_Jl-lnJnCpVKpdVyfJKJHF9oElwkz3c7DFt8w6YZJRtQ7Q=w529-h298-k-no""},{""title"":""Exterior"",""image"":""https://lh3.googleusercontent.com/p/AF1QipPzoCdu9OSko-vMtpL-Okvd1avSIFuB3O7rj6Uq=w529-h298-k-no""},{""title"":""Real Estate"",""image"":""https://lh3.googleusercontent.com/p/AF1QipNkYlR81tKb6_vlU2EbzSY3hDqr0Yxoz_SRjlz-=w397-h298-k-no""},{""title"":""By owner"",""image"":""https://lh3.googleusercontent.com/p/AF1QipNcutGoqWi4-OFEZAjUqDH9z0N8af5sVfCUYtc0=w397-h298-k-no""},{""title"":""Street View \u0026 360°"",""image"":""https://streetviewpixels-pa.googleapis.com/v1/thumbnail?panoid=uxkZIpojo1e08uYD654b0w\u0026cb_client=maps_sv.tactile.gps\u0026w=224\u0026h=298\u0026yaw=272.06506\u0026pitch=0\u0026thumbfov=100""}]",null,null,"{""link"":"""",""source"":""""}","{""id"":""111362154787703762909"",""name"":""Maximum Gayrimenkul (Owner)"",""link"":""https://www.google.com/maps/contrib/111362154787703762909""}","{""borough"":""Kartaltepe"",""street"":""Kartaltepe mahallesi Şanlı Asker sokak Yüceler Apt"",""city"":""Bakırköy"",""postal_code"":""34500"",""state"":""İstanbul"",""country"":""TR""}",null,[],null,
6dd7d639-603b-4ca5-b1d9-ccf2a2f9c326,https://www.google.com/maps/place/GAYR%C4%B0MENKUL+WORLD/data=!4m7!3m6!1s0x14cab19874a90ce5:0xd638366833a84dde!8m2!3d41.082872!4d28.928608!16s%2Fg%2F11tmg0_y2v!19sChIJ5QypdJixyhQR3k2oM2g2ONY?authuser=0&hl=en&rclk=1,GAYRİMENKUL WORLD,Real estate agent,"Akşemsettin, Cengiz Topel Cd. 20/A, 34060 Eyüpsultan/İstanbul, Türkiye",{},{},,+90 544 873 34 56,,17,5.000000,"{""1"":0,""2"":0,""3"":0,""4"":0,""5"":17}",41.082872,28.928608,15436147543983541726,,,,https://streetviewpixels-pa.googleapis.com/v1/thumbnail?panoid=9vDLllQ2ZE5BieDDj9OnTA&cb_client=search.gws-prod.gps&w=408&h=240&yaw=96.738144&pitch=0&thumbfov=100,Europe/Istanbul,,0x14cab19874a90ce5:0xd638366833a84dde,"[{""title"":""All"",""image"":""https://streetviewpixels-pa.googleapis.com/v1/thumbnail?panoid=9vDLllQ2ZE5BieDDj9OnTA\u0026cb_client=maps_sv.tactile.gps\u0026w=224\u0026h=298\u0026yaw=96.738144\u0026pitch=0\u0026thumbfov=100""},{""title"":""Interior design"",""image"":""https://lh3.googleusercontent.com/gps-cs-s/AG0ilSyksMLu6xVwWUoFKwOe2XPzhdS7BP4AQPGghY_nvQkUiKUW8-9eVg05T7r32w7_m7vGuB81KTA-fa9rdkJIoh2ra17Ztg5jYqJZdgi132ZPh6R-QLqZ9ZY0tCe78BlQZh4pojZrDw=w224-h298-k-no""},{""title"":""Street View \u0026 360°"",""image"":""https://streetviewpixels-pa.googleapis.com/v1/thumbnail?panoid=9vDLllQ2ZE5BieDDj9OnTA\u0026cb_client=maps_sv.tactile.gps\u0026w=224\u0026h=298\u0026yaw=96.738144\u0026pitch=0\u0026thumbfov=100""}]",null,null,"{""link"":"""",""source"":""""}","{""id"":"""",""name"":""GAYRİMENKUL WORLD (Owner)"",""link"":""""}","{""borough"":"""",""street"":"""",""city"":"""",""postal_code"":"""",""state"":"""",""country"":""""}","[{""id"":""service_options"",""name"":""Service options"",""options"":[{""name"":""On-site services"",""enabled"":true}]},{""id"":""accessibility"",""name"":""Accessibility"",""options"":[{""name"":""Wheelchair-accessible car park"",""enabled"":true},{""name"":""Wheelchair-accessible seating"",""enabled"":true},{""name"":""Wheelchair-accessible toilet"",""enabled"":false}]},{""id"":""amenities"",""name"":""Amenities"",""options"":[{""name"":""Gender-neutral toilets"",""enabled"":true}]}]",[],null,
6dd7d639-603b-4ca5-b1d9-ccf2a2f9c326,https://www.google.com/maps/place/EMLAK+K%C3%9CP%C3%9C+YILDIRIM+GAYR%C4%B0MENKUL+%26+DANI%C5%9EMANLIK/data=!4m7!3m6!1s0x409fe1d661a8d349:0xac7c6f0a7385e430!8m2!3d41.1782916!4d29.0494256!16s%2Fg%2F11g0njrmhb!19sChIJSdOoYdbhn0ARMOSFcwpvfKw?authuser=0&hl=en&rclk=1,EMLAK KÜPÜ YILDIRIM GAYRİMENKUL & DANIŞMANLIK,Real estate agency,"Maden, Kilyos Cd. No:154, 34450 Sarıyer/İstanbul, Türkiye","{""Friday"":[""9 am–10 pm""],""Monday"":[""9 am–10 pm""],""Saturday"":[""9 am–10 pm""],""Sunday"":[""9 am–7 pm""],""Thursday"":[""9 am–10 pm""],""Tuesday"":[""9 am–10 pm""],""Wednesday"":[""9 am–10 pm""]}",{},,,"52HX+8Q Sarıyer, İstanbul, Türkiye",23,5.000000,"{""1"":0,""2"":0,""3"":0,""4"":1,""5"":22}",41.178292,29.049426,12428931162314236976,,,,https://lh3.googleusercontent.com/p/AF1QipN8VPJdfqPAitSkfp_NNb7kXBhTA7t4ik4awJCQ=w408-h306-k-no,Europe/Istanbul,,0x409fe1d661a8d349:0xac7c6f0a7385e430,"[{""title"":""All"",""image"":""https://lh3.googleusercontent.com/p/AF1QipN8VPJdfqPAitSkfp_NNb7kXBhTA7t4ik4awJCQ=w397-h298-k-no""},{""title"":""Inside"",""image"":""https://lh3.googleusercontent.com/p/AF1QipN8VPJdfqPAitSkfp_NNb7kXBhTA7t4ik4awJCQ=w397-h298-k-no""},{""title"":""By owner"",""image"":""https://lh3.googleusercontent.com/p/AF1QipN8VPJdfqPAitSkfp_NNb7kXBhTA7t4ik4awJCQ=w397-h298-k-no""},{""title"":""Street View \u0026 360°"",""image"":""https://streetviewpixels-pa.googleapis.com/v1/thumbnail?panoid=0GIOqev8GwRclmOJp6XZKQ\u0026cb_client=maps_sv.tactile.gps\u0026w=224\u0026h=298\u0026yaw=18.73426\u0026pitch=0\u0026thumbfov=100""}]",null,null,"{""link"":"""",""source"":""""}","{""id"":""110049121395217745911"",""name"":""EMLAK KÜPÜ YILDIRIM GAYRİMENKUL \u0026 DANIŞMANLIK (Owner)"",""link"":""https://www.google.com/maps/contrib/110049121395217745911""}","{""borough"":""Maden"",""street"":""Kilyos Cd. No:154"",""city"":""Sarıyer"",""postal_code"":""34450"",""state"":""İstanbul"",""country"":""TR""}",null,[],null,
6dd7d639-603b-4ca5-b1d9-ccf2a2f9c326,https://www.google.com/maps/place/Ey%C3%BCp+PALANCI+RAHA+GAYR%C4%B0MENKUL+EMLAK+VE+DANI%C5%9EMANLIK+H%C4%B0ZMETLER%C4%B0/data=!4m7!3m6!1s0x14b55f6915c449d7:0x4936f83343bead6d!8m2!3d41.0483049!4d28.8009956!16s%2Fg%2F11b7q8w43b!19sChIJ10nEFWlftRQRba2-QzP4Nkk?authuser=0&hl=en&rclk=1,Eyüp PALANCI RAHA GAYRİMENKUL EMLAK VE DANIŞMANLIK HİZMETLERİ,Commercial real estate agency,"Atatürk, Ikitelli Cd. No:73 D:6, 34307 Küçükçekmece/İstanbul, Türkiye","{""Friday"":[""9 am–6 pm""],""Monday"":[""9 am–6 pm""],""Saturday"":[""10 am–4 pm""],""Sunday"":[""Closed""],""Thursday"":[""9 am–6 pm""],""Tuesday"":[""9 am–6 pm""],""Wednesday"":[""9 am–6 pm""]}",{},http://www.rahaemlak.com/,+90 212 494 20 17,"2RX2+89 Küçükçekmece, İstanbul, Türkiye",13,4.800000,"{""1"":0,""2"":0,""3"":1,""4"":1,""5"":11}",41.048305,28.800996,5275676912574705005,,,,https://lh3.googleusercontent.com/p/AF1QipMQXqe60xykrUVoAe5z7CyxWRal51e9J4TRw763=w408-h304-k-no,Europe/Istanbul,,0x14b55f6915c449d7:0x4936f83343bead6d,"[{""title"":""All"",""image"":""https://lh3.googleusercontent.com/p/AF1QipMQXqe60xykrUVoAe5z7CyxWRal51e9J4TRw763=w398-h298-k-no""},{""title"":""Exterior"",""image"":""https://lh3.googleusercontent.com/gps-cs-s/AG0ilSz0NacXxxsuM-1Z09Jn5K_QUBaG3nMOnkXq7uFSXP0-ahvaF75cSx5o3dZbyRlxyhOXmNxxw6g-QZ1OhiEBGSA5Q1VJRcuchdfVHSi0qgrRxkIrY3j0Jcv5XnzGarKnOPbFZj95_w=w224-h398-k-no""},{""title"":""Inside"",""image"":""https://lh3.googleusercontent.com/p/AF1QipOKGTepd6ZUqBBi4pKZBC7qrGppRhQxtV-k9_e-=w398-h298-k-no""},{""title"":""Real Estate"",""image"":""https://lh3.googleusercontent.com/p/AF1QipOgCT8I_80LB6nrRmg2oV0u1TjUoWRZ5KaiE1N2=w397-h298-k-no""},{""title"":""By owner"",""image"":""https://lh3.googleusercontent.com/p/AF1QipOL3jCYty-m3oARMYZr1DgLszkyrweIP3-4Wa7N=w397-h298-k-no""},{""title"":""Street View \u0026 360°"",""image"":""https://streetviewpixels-pa.googleapis.com/v1/thumbnail?panoid=6US06PBZWoc-NYf2XNVdzA\u0026cb_client=maps_sv.tactile.gps\u0026w=224\u0026h=298\u0026yaw=242.26299\u0026pitch=0\u0026thumbfov=100""}]",null,null,"{""link"":"""",""source"":""""}","{""id"":""101617361369607606605"",""name"":""Eyüp PALANCI RAHA GAYRİMENKUL EMLAK VE DANIŞMANLIK HİZMETLERİ (Owner)"",""link"":""https://www.google.com/maps/contrib/101617361369607606605""}","{""borough"":""Atatürk"",""street"":""Ikitelli Cd. No:73 D:6"",""city"":""Küçükçekmece"",""postal_code"":""34307"",""state"":""İstanbul"",""country"":""TR""}",null,[],null,
6dd7d639-603b-4ca5-b1d9-ccf2a2f9c326,https://www.google.com/maps/place/Aydo%C4%9Fan+Gayrimenkul/data=!4m7!3m6!1s0x14caba569ffbaec7:0xed885e3add6ee845!8m2!3d41.020494!4d28.8830445!16s%2Fg%2F11c76430r6!19sChIJx677n1a6yhQRRehu3TpeiO0?authuser=0&hl=en&rclk=1,Aydoğan Gayrimenkul,Real estate consultant,"Sanayi, Kazım Karabekir Cd. No:4, 34010 Güngören/İstanbul, Türkiye",{},{},http://www.aydogangayrimenkul.com/,+90 532 179 64 51,"2VCM+56 Güngören, İstanbul, Türkiye",39,4.900000,"{""1"":1,""2"":0,""3"":0,""4"":0,""5"":38}",41.020494,28.883045,17116033990737717317,,,,https://lh3.googleusercontent.com/p/AF1QipMAS4XQgjkAwqXfo9RLzIlXLfZ4Ah_j9PYGdSlh=w408-h306-k-no,Europe/Istanbul,,0x14caba569ffbaec7:0xed885e3add6ee845,"[{""title"":""All"",""image"":""https://lh3.googleusercontent.com/p/AF1QipMAS4XQgjkAwqXfo9RLzIlXLfZ4Ah_j9PYGdSlh=w397-h298-k-no""},{""title"":""Exterior"",""image"":""//lh5.googleusercontent.com/4cdqGL2zSxpTCB8N0km1fUm5M5jEDZR34N7anJlCgNfRIlXD9U8J1hzAESQOf--M=w529-h298-k-no""},{""title"":""Videos"",""image"":""https://lh3.googleusercontent.com/p/AF1QipMDMJ53k0sCLhbEs_Ha-G68U5WD5xDxx9BZma4w=w529-h298-k-no""},{""title"":""Inside"",""image"":""https://lh3.googleusercontent.com/p/AF1QipMAS4XQgjkAwqXfo9RLzIlXLfZ4Ah_j9PYGdSlh=w397-h298-k-no""},{""title"":""Interior design"",""image"":""https://lh3.googleusercontent.com/gps-cs-s/AG0ilSxsWzWeBqajVUQnH7plcViwHVtzrlGZJaBFnYC98jlZxveKAvgdIZPOOAR6qc0DNODsHLP422GloF_5ZxihUdJNVrcIaJipVot9hMnnnRwX8NKqK-vVESug_8RRwBmzCsiMqAG77iMpMmc=w224-h298-k-no""},{""title"":""By owner"",""image"":""https://lh3.googleusercontent.com/p/AF1QipMDMJ53k0sCLhbEs_Ha-G68U5WD5xDxx9BZma4w=w529-h298-k-no""}]",null,null,"{""link"":"""",""source"":""""}","{""id"":""116123309149104222111"",""name"":""Aydoğan Gayrimenkul (Owner)"",""link"":""https://www.google.com/maps/contrib/116123309149104222111""}","{""borough"":""Sanayi"",""street"":""Kazım Karabekir Cd. No:4"",""city"":""Güngören"",""postal_code"":""34010"",""state"":""İstanbul"",""country"":""TR""}","[{""id"":""service_options"",""name"":""Service options"",""options"":[{""name"":""Online appointments"",""enabled"":true},{""name"":""On-site services"",""enabled"":true}]},{""id"":""amenities"",""name"":""Amenities"",""options"":[{""name"":""Gender-neutral toilets"",""enabled"":true}]}]",[],null,
6dd7d639-603b-4ca5-b1d9-ccf2a2f9c326,https://www.google.com/maps/place/Lider+Gayrimenkul/data=!4m7!3m6!1s0x14cab71205d7ebdb:0x145f3edfacd1c932!8m2!3d41.058163!4d28.9874992!16s%2Fg%2F1tf8hqb2!19sChIJ2-vXBRK3yhQRMsnRrN8-XxQ?authuser=0&hl=en&rclk=1,Lider Gayrimenkul,Real estate agency,"Halaskargazi Cad. Ünsal Çarşısı No:172 K:6, D:209, 34371 Şişli/İstanbul, Türkiye","{""Friday"":[""10 am–6 pm""],""Monday"":[""10 am–7 pm""],""Saturday"":[""11 am–5 pm""],""Sunday"":[""Closed""],""Thursday"":[""10 am–7 pm""],""Tuesday"":[""10 am–7 pm""],""Wednesday"":[""10 am–7 pm""]}",{},,+90 532 798 00 90,"3X5P+7X Şişli, İstanbul, Türkiye",4,5.000000,"{""1"":0,""2"":0,""3"":0,""4"":0,""5"":4}",41.058163,28.987499,1467961133944129842,,,,//lh5.googleusercontent.com/y5B6CuSyTyuTduh6neUzBptE6QxA-NsJi-P4c_QSktxiRqlF3FzhMqw9DezuolCAxg=w426-h240-k-no,Europe/Istanbul,,0x14cab71205d7ebdb:0x145f3edfacd1c932,"[{""title"":""All"",""image"":""//lh5.googleusercontent.com/y5B6CuSyTyuTduh6neUzBptE6QxA-NsJi-P4c_QSktxiRqlF3FzhMqw9DezuolCAxg=w529-h298-k-no""},{""title"":""Street View \u0026 360°"",""image"":""https://streetviewpixels-pa.googleapis.com/v1/thumbnail?panoid=ITG7qpEYsNWvEt4ylYd7Ag\u0026cb_client=maps_sv.tactile.gps\u0026w=224\u0026h=298\u0026yaw=32.864258\u0026pitch=0\u0026thumbfov=100""}]",null,null,"{""link"":"""",""source"":""""}","{""id"":""113204874973727524231"",""name"":""Lider Gayrimenkul (Owner)"",""link"":""https://www.google.com/maps/contrib/113204874973727524231""}","{""borough"":""19 Mayıs"",""street"":""Halaskargazi Cad. Ünsal Çarşısı No:172 K:6, D:209"",""city"":""Şişli"",""postal_code"":""34371"",""state"":""İstanbul"",""country"":""TR""}",null,[],null,
6dd7d639-603b-4ca5-b1d9-ccf2a2f9c326,https://www.google.com/maps/place/G%C3%BCzelK%C3%B6%C5%9Fk+Gayrimenkul/data=!4m7!3m6!1s0x14caa527dc173553:0x6d2afe7b9ee490cc!8m2!3d41.0367535!4d28.8556427!16s%2Fg%2F11fr373d3s!19sChIJUzUX3CelyhQRzJDknnv-Km0?authuser=0&hl=en&rclk=1,GüzelKöşk Gayrimenkul,Real estate agency,"Sancaktepe, 903. Sk. No:20 D:1A, 34210 Bağcılar/İstanbul, Türkiye",{},{},https://guzelkosk.sahibinden.com/,+90 212 461 39 99,"2VP4+P7 Bağcılar, İstanbul, Türkiye",13,5.000000,"{""1"":0,""2"":0,""3"":0,""4"":0,""5"":13}",41.036753,28.855643,7866379506056204492,,,,https://lh3.googleusercontent.com/p/AF1QipNg-xaBI79UV5kek8uEa8Ow8PW8KR12t4Wm-pmN=w408-h306-k-no,Europe/Istanbul,,0x14caa527dc173553:0x6d2afe7b9ee490cc,"[{""title"":""All"",""image"":""https://lh3.googleusercontent.com/p/AF1QipNg-xaBI79UV5kek8uEa8Ow8PW8KR12t4Wm-pmN=w397-h298-k-no""},{""title"":""Exterior"",""image"":""https://lh3.googleusercontent.com/p/AF1QipNg-xaBI79UV5kek8uEa8Ow8PW8KR12t4Wm-pmN=w397-h298-k-no""},{""title"":""Inside"",""image"":""https://lh3.googleusercontent.com/p/AF1QipNhO1P2cf3lOBwjuIgqybxJAhycF5szJ6oNiSkh=w397-h298-k-no""},{""title"":""By owner"",""image"":""https://lh3.googleusercontent.com/p/AF1QipMDlTbzup98YKpgn_MK_neYO2IRa2cK6QEQsht4=w397-h298-k-no""}]",null,null,"{""link"":"""",""source"":""""}","{""id"":""108458348586120648826"",""name"":""GüzelKöşk Gayrimenkul (Owner)"",""link"":""https://www.google.com/maps/contrib/108458348586120648826""}","{""borough"":""Sancaktepe"",""street"":""903. Sk. No:20 D:1A"",""city"":""Bağcılar"",""postal_code"":""34210"",""state"":""İstanbul"",""country"":""TR""}","[{""id"":""service_options"",""name"":""Service options"",""options"":[{""name"":""Online appointments"",""enabled"":true},{""name"":""On-site services"",""enabled"":true}]},{""id"":""accessibility"",""name"":""Accessibility"",""options"":[{""name"":""Wheelchair-accessible seating"",""enabled"":true}]},{""id"":""planning"",""name"":""Planning"",""options"":[{""name"":""Appointment required"",""enabled"":true}]}]",[],null,
6dd7d639-603b-4ca5-b1d9-ccf2a2f9c326,https://www.google.com/maps/place/Alt%C4%B1n+Gayrimenkul+De%C4%9Ferleme/data=!4m7!3m6!1s0x14caa10de876381f:0x2df2c5fd0a3e1724!8m2!3d40.9785975!4d28.7407766!16s%2Fg%2F11gr2pddl4!19sChIJHzh26A2hyhQRJBc-Cv3F8i0?authuser=0&hl=en&rclk=1,Altın Gayrimenkul Değerleme,Real estate appraiser,"Gümüşpala, Çevre Sokağı no:11 D:8, 34320 Avcılar/İstanbul, Türkiye",{},{},,+90 507 871 71 49,"XPHR+C8 Avcılar, İstanbul, Türkiye",6,5.000000,"{""1"":0,""2"":0,""3"":0,""4"":0,""5"":6}",40.978597,28.740777,3310926366659974948,,,,https://lh3.googleusercontent.com/p/AF1QipMxoMEAexobDT5ZmZlI968mmz12OrMJxWJrgb_z=w427-h240-k-no,Europe/Istanbul,,0x14caa10de876381f:0x2df2c5fd0a3e1724,"[{""title"":""All"",""image"":""https://lh3.googleusercontent.com/p/AF1QipMxoMEAexobDT5ZmZlI968mmz12OrMJxWJrgb_z=w530-h298-k-no""},{""title"":""By owner"",""image"":""https://lh3.googleusercontent.com/p/AF1QipO97KCoiX5bU38d2usOOhCN8GBx4fB73hiENMFA=w496-h298-k-no""},{""title"":""Street View \u0026 360°"",""image"":""https://streetviewpixels-pa.googleapis.com/v1/thumbnail?panoid=7RrSNDmQ-z7BLETrzrGZfw\u0026cb_client=maps_sv.tactile.gps\u0026w=224\u0026h=298\u0026yaw=264.98987\u0026pitch=0\u0026thumbfov=100""}]",null,null,"{""link"":"""",""source"":""""}","{""id"":""104267130338615688810"",""name"":""Altın Gayrimenkul Değerleme (Owner)"",""link"":""https://www.google.com/maps/contrib/104267130338615688810""}","{""borough"":""Gümüşpala"",""street"":""Çevre Sokağı no:11 D:8"",""city"":""Avcılar"",""postal_code"":""34320"",""state"":""İstanbul"",""country"":""TR""}","[{""id"":""service_options"",""name"":""Service options"",""options"":[{""name"":""Online appointments"",""enabled"":true},{""name"":""On-site services"",""enabled"":true}]},{""id"":""planning"",""name"":""Planning"",""options"":[{""name"":""Appointment required"",""enabled"":true}]}]",[],null,
6dd7d639-603b-4ca5-b1d9-ccf2a2f9c326,https://www.google.com/maps/place/A%C3%A7ar+Gayrimenkul/data=!4m7!3m6!1s0x14cabbb212e08247:0x85afb4157a77a89b!8m2!3d41.061855!4d28.8610393!16s%2Fg%2F11ts8t1kr4!19sChIJR4LgErK7yhQRm6h3ehW0r4U?authuser=0&hl=en&rclk=1,Açar Gayrimenkul,Real estate consultant,"Turgut Reis, Karaosmanoğlu Cd. No:83/b, 34200 Esenler/İstanbul, Türkiye",{},{},https://acaremlakgayrimenkul.sahibinden.com/,+90 532 274 60 42,"3V66+PC Esenler, İstanbul, Türkiye",12,5.000000,"{""1"":0,""2"":0,""3"":0,""4"":0,""5"":12}",41.061855,28.861039,9633116132310755483,,,,https://lh3.googleusercontent.com/p/AF1QipMshQ0d3v6HJtzWHC3-J5MDCjhceQO2YhuQWI_s=w408-h306-k-no,Europe/Istanbul,,0x14cabbb212e08247:0x85afb4157a77a89b,"[{""title"":""All"",""image"":""https://lh3.googleusercontent.com/p/AF1QipMshQ0d3v6HJtzWHC3-J5MDCjhceQO2YhuQWI_s=w397-h298-k-no""},{""title"":""By owner"",""image"":""https://lh3.googleusercontent.com/p/AF1QipMshQ0d3v6HJtzWHC3-J5MDCjhceQO2YhuQWI_s=w397-h298-k-no""},{""title"":""Street View \u0026 360°"",""image"":""https://streetviewpixels-pa.googleapis.com/v1/thumbnail?panoid=bZBQLo619K2PSZEcALHOpQ\u0026cb_client=maps_sv.tactile.gps\u0026w=224\u0026h=298\u0026yaw=211.103\u0026pitch=0\u0026thumbfov=100""}]",null,null,"{""link"":"""",""source"":""""}","{""id"":""107548566234917701630"",""name"":""Açar Gayrimenkul (Owner)"",""link"":""https://www.google.com/maps/contrib/107548566234917701630""}","{""borough"":""Turgut Reis"",""street"":""Karaosmanoğlu Cd. No:83/b"",""city"":""Esenler"",""postal_code"":""34200"",""state"":""İstanbul"",""country"":""TR""}","[{""id"":""service_options"",""name"":""Service options"",""options"":[{""name"":""Online appointments"",""enabled"":true},{""name"":""On-site services"",""enabled"":true}]}]",[],null,
6dd7d639-603b-4ca5-b1d9-ccf2a2f9c326,https://www.google.com/maps/place/REMAX+ASTYLE+GAYR%C4%B0MENKUL+DANI%C5%9EMANLIK+A.%C5%9E./data=!4m7!3m6!1s0x14cab735fa811203:0xd8aa6e62420b4d84!8m2!3d41.1081707!4d28.9944822!16s%2Fg%2F11rqrzychk!19sChIJAxKB-jW3yhQRhE0LQmJuqtg?authuser=0&hl=en&rclk=1,REMAX ASTYLE GAYRİMENKUL DANIŞMANLIK A.Ş.,Real estate agency,"Ayazağa, Ayazağa Cendere Cd. No:17/1 İç Kapı No:1, 34475 Sarıyer/İstanbul, Türkiye",{},{},http://www.remaxastyle.com/,+90 532 200 25 30,"4X5V+7Q Sarıyer, İstanbul, Türkiye",63,4.700000,"{""1"":4,""2"":0,""3"":0,""4"":1,""5"":58}",41.108171,28.994482,15612412426527133060,,,,https://lh3.googleusercontent.com/p/AF1QipP3amAicasH3O2zfaoHKQX2e5qyPG_iAycJKkPj=w427-h240-k-no,Europe/Istanbul,,0x14cab735fa811203:0xd8aa6e62420b4d84,"[{""title"":""All"",""image"":""https://lh3.googleusercontent.com/p/AF1QipP3amAicasH3O2zfaoHKQX2e5qyPG_iAycJKkPj=w530-h298-k-no""},{""title"":""Inside"",""image"":""https://lh3.googleusercontent.com/p/AF1QipPbX8RJenNJ8JtPmE70ToFUseI_ejbOd1DV2Ig1=w529-h298-k-no""},{""title"":""By owner"",""image"":""https://lh3.googleusercontent.com/p/AF1QipMh35HcgnCZaLKGjaRLDaaRZ5DDeTs8Kvc37epc=w529-h298-k-no""},{""title"":""Street View \u0026 360°"",""image"":""https://streetviewpixels-pa.googleapis.com/v1/thumbnail?panoid=LBC2agPDGhaCwbKZNG-jQg\u0026cb_client=maps_sv.tactile.gps\u0026w=224\u0026h=298\u0026yaw=303.55225\u0026pitch=0\u0026thumbfov=100""}]",null,"[{""link"":""http://wa.me/905325907069"",""source"":""wa.me""}]","{""link"":"""",""source"":""""}","{""id"":""105252191163160889147"",""name"":""REMAX ASTYLE GAYRİMENKUL DANIŞMANLIK A.Ş. (Owner)"",""link"":""https://www.google.com/maps/contrib/105252191163160889147""}","{""borough"":""Ayazağa"",""street"":""Ayazağa Cendere Cd. No:17/1 İç Kapı No:1"",""city"":""Sarıyer"",""postal_code"":""34475"",""state"":""İstanbul"",""country"":""TR""}","[{""id"":""service_options"",""name"":""Service options"",""options"":[{""name"":""Online appointments"",""enabled"":true},{""name"":""On-site services"",""enabled"":true}]},{""id"":""accessibility"",""name"":""Accessibility"",""options"":[{""name"":""Wheelchair-accessible entrance"",""enabled"":true},{""name"":""Assistive hearing loop"",""enabled"":false},{""name"":""Wheelchair-accessible seating"",""enabled"":false},{""name"":""Wheelchair-accessible toilet"",""enabled"":false}]},{""id"":""planning"",""name"":""Planning"",""options"":[{""name"":""Appointment required"",""enabled"":true}]},{""id"":""parking"",""name"":""Parking"",""options"":[{""name"":""Free multi-storey car park"",""enabled"":true},{""name"":""Free of charge street parking"",""enabled"":true},{""name"":""Free parking lot"",""enabled"":true},{""name"":""On-site parking"",""enabled"":true},{""name"":""Paid multi-storey car park"",""enabled"":true},{""name"":""Paid parking lot"",""enabled"":true},{""name"":""Paid street parking"",""enabled"":true}]}]",[],null,
6dd7d639-603b-4ca5-b1d9-ccf2a2f9c326,https://www.google.com/maps/place/PLUS%C4%B0ST+YAPI+GAYR%C4%B0MENKUL/data=!4m7!3m6!1s0x14b55fd6b780796d:0xd6bf1bd568f6da99!8m2!3d40.9820234!4d28.652713!16s%2Fg%2F11tm_pfchd!19sChIJbXmAt9ZftRQRmdr2aNUbv9Y?authuser=0&hl=en&rclk=1,PLUSİST YAPI GAYRİMENKUL,Real estate agent,"Kavaklı, Gençlik Cd no:6/3, 34520 Beylikdüzü/İstanbul, Türkiye",{},{},http://www.sahibinden.com/plusistyapigayrimenkul,+90 506 534 00 97,"XMJ3+R3 Beylikdüzü, İstanbul, Türkiye",12,5.000000,"{""1"":0,""2"":0,""3"":0,""4"":0,""5"":12}",40.982023,28.652713,15474117448071305881,,,,https://lh3.googleusercontent.com/p/AF1QipPQ9qvWX_Oy6FSD0vSgx1ZebSl-dVL9fhlcVgxZ=w408-h544-k-no,Europe/Istanbul,,0x14b55fd6b780796d:0xd6bf1bd568f6da99,"[{""title"":""All"",""image"":""https://lh3.googleusercontent.com/p/AF1QipPQ9qvWX_Oy6FSD0vSgx1ZebSl-dVL9fhlcVgxZ=w224-h298-k-no""},{""title"":""Exterior"",""image"":""https://lh3.googleusercontent.com/p/AF1QipMrTtlypkSvGpsQ85Dt4_qL86lRto5wRzlWPgK9=w224-h299-k-no""},{""title"":""Inside"",""image"":""https://lh3.googleusercontent.com/p/AF1QipOMWT9GKjLEeWHn-QOy610T6hY2Rzc5fDeaHBgM=w224-h298-k-no""},{""title"":""Interior design"",""image"":""https://lh3.googleusercontent.com/p/AF1QipMz-ffbKVk_dZLuWwTEwywZYJMl0X_aOsP9Y9HY=w224-h298-k-no""},{""title"":""By owner"",""image"":""https://lh3.googleusercontent.com/p/AF1QipMc4M3LgP-1LunrOSsELDrYMbbsrQXMiBPIIFf7=w224-h298-k-no""},{""title"":""Street View \u0026 360°"",""image"":""https://streetviewpixels-pa.googleapis.com/v1/thumbnail?panoid=JDlf8FnGP8qOZWq5p8knOA\u0026cb_client=maps_sv.tactile.gps\u0026w=224\u0026h=298\u0026yaw=340.2108\u0026pitch=0\u0026thumbfov=100""}]",null,null,"{""link"":"""",""source"":""""}","{""id"":""110888527509864493062"",""name"":""PLUSİST YAPI GAYRİMENKUL (Owner)"",""link"":""https://www.google.com/maps/contrib/110888527509864493062""}","{""borough"":""Kavaklı"",""street"":""Gençlik Cd no:6/3"",""city"":""Beylikdüzü"",""postal_code"":""34520"",""state"":""İstanbul"",""country"":""TR""}","[{""id"":""service_options"",""name"":""Service options"",""options"":[{""name"":""Online appointments"",""enabled"":true},{""name"":""On-site services"",""enabled"":true}]},{""id"":""accessibility"",""name"":""Accessibility"",""options"":[{""name"":""Wheelchair-accessible car park"",""enabled"":true},{""name"":""Wheelchair-accessible entrance"",""enabled"":true},{""name"":""Wheelchair-accessible seating"",""enabled"":true},{""name"":""Wheelchair-accessible toilet"",""enabled"":true}]},{""id"":""planning"",""name"":""Planning"",""options"":[{""name"":""Appointment required"",""enabled"":true}]}]",[],null,
6dd7d639-603b-4ca5-b1d9-ccf2a2f9c326,https://www.google.com/maps/place/Ye%C5%9Fil+%C4%B0n%C5%9Faat+ve+Gayrimenkul/data=!4m7!3m6!1s0x14cab06a54ba9485:0xe887bcdf3e4e525e!8m2!3d41.0729336!4d28.8861777!16s%2Fg%2F11f3pv5117!19sChIJhZS6VGqwyhQRXlJOPt-8h-g?authuser=0&hl=en&rclk=1,Yeşil İnşaat ve Gayrimenkul,Real estate agency,"Cevatpaşa, Turna Sokağı 4 A, 34045 Bayrampaşa/İstanbul, Türkiye",{},{},https://www.hepsiemlak.com/emlak-ofisi/yesil-insaat-33066,+90 532 414 54 80,"3VFP+5F Bayrampaşa, İstanbul, Türkiye",20,4.700000,"{""1"":1,""2"":1,""3"":0,""4"":0,""5"":18}",41.072934,28.886178,16755568605664268894,,,,https://lh3.googleusercontent.com/gps-cs-s/AG0ilSwIe-SswbJ-xS5FAbP-7EaeF-sgxZq7l8pYFwp5kNfq1giiRtNzuGFlUpAOymRkDSxak8q97BjcjStWQIDP5sLHNSgynZhoPGBpg1MNiAaL97Z1XX4_QcJdtBCmV-bAQ0T2fO9SPwNZ7qNk=w408-h408-k-no,Europe/Istanbul,,0x14cab06a54ba9485:0xe887bcdf3e4e525e,"[{""title"":""All"",""image"":""https://lh3.googleusercontent.com/gps-cs-s/AG0ilSwIe-SswbJ-xS5FAbP-7EaeF-sgxZq7l8pYFwp5kNfq1giiRtNzuGFlUpAOymRkDSxak8q97BjcjStWQIDP5sLHNSgynZhoPGBpg1MNiAaL97Z1XX4_QcJdtBCmV-bAQ0T2fO9SPwNZ7qNk=w298-h298-k-no""},{""title"":""Inside"",""image"":""https://lh3.googleusercontent.com/p/AF1QipN9mCPHuxm8r6BPgknoL_HzgypEgxcXorOFKd8J=w224-h298-k-no""},{""title"":""By owner"",""image"":""https://lh3.googleusercontent.com/p/AF1QipNWxfM5lwvCpNLUYm50ZK_dJi6rLJjhuP7r_y-y=w224-h298-k-no""},{""title"":""Street View \u0026 360°"",""image"":""https://streetviewpixels-pa.googleapis.com/v1/thumbnail?panoid=5vYIE500UrutoENw_sUc6w\u0026cb_client=maps_sv.tactile.gps\u0026w=224\u0026h=298\u0026yaw=306.22977\u0026pitch=0\u0026thumbfov=100""}]",null,null,"{""link"":"""",""source"":""""}","{""id"":""110304614368742864439"",""name"":""Yeşil İnşaat ve Gayrimenkul (Owner)"",""link"":""https://www.google.com/maps/contrib/110304614368742864439""}","{""borough"":""Cevatpaşa"",""street"":""Turna Sokağı 4 A"",""city"":""Bayrampaşa"",""postal_code"":""34045"",""state"":""İstanbul"",""country"":""TR""}","[{""id"":""service_options"",""name"":""Service options"",""options"":[{""name"":""Online appointments"",""enabled"":true},{""name"":""On-site services"",""enabled"":true}]},{""id"":""accessibility"",""name"":""Accessibility"",""options"":[{""name"":""Wheelchair-accessible car park"",""enabled"":true}]},{""id"":""amenities"",""name"":""Amenities"",""options"":[{""name"":""Gender-neutral toilets"",""enabled"":true}]},{""id"":""planning"",""name"":""Planning"",""options"":[{""name"":""Appointment required"",""enabled"":true}]}]",[],null,
6dd7d639-603b-4ca5-b1d9-ccf2a2f9c326,https://www.google.com/maps/place/ALBAN+GAYR%C4%B0MENKUL/data=!4m7!3m6!1s0x14caa12c105108c9:0xb27126f17b701a88!8m2!3d41.0052212!4d28.6902999!16s%2Fg%2F11rsfvzmn9!19sChIJyQhRECyhyhQRiBpwe_EmcbI?authuser=0&hl=en&rclk=1,ALBAN GAYRİMENKUL,Real estate agency,"Turgut Özal, 35. Sk. No:24, 34513 Esenyurt/İstanbul, Türkiye","{""Friday"":[""8 am–10 pm""],""Monday"":[""8 am–10 pm""],""Saturday"":[""8 am–10 pm""],""Sunday"":[""8 am–10 pm""],""Thursday"":[""8 am–10 pm""],""Tuesday"":[""8 am–10 pm""],""Wednesday"":[""8 am–10 pm""]}",{},https://www.albangayrimenkul.com/,+90 530 480 95 75,"2M4R+34 Esenyurt, İstanbul, Türkiye",94,4.700000,"{""1"":5,""2"":0,""3"":2,""4"":0,""5"":87}",41.005221,28.690300,12858101229719394952,,,,https://lh3.googleusercontent.com/p/AF1QipMLoWCmcEoSnE9Js1uOpHmCefKbC-r-yd2IsRcB=w408-h466-k-no,Europe/Istanbul,,0x14caa12c105108c9:0xb27126f17b701a88,"[{""title"":""All"",""image"":""https://lh3.googleusercontent.com/p/AF1QipMLoWCmcEoSnE9Js1uOpHmCefKbC-r-yd2IsRcB=w260-h298-k-no""},{""title"":""By owner"",""image"":""https://lh3.googleusercontent.com/p/AF1QipN89TUmX9TjpZrlG6Q-dMcQqWbwsmoHRMsRWjpA=w224-h298-k-no""},{""title"":""Street View \u0026 360°"",""image"":""https://streetviewpixels-pa.googleapis.com/v1/thumbnail?panoid=zoDBIJTpVeZ_SGJ41whLOA\u0026cb_client=maps_sv.tactile.gps\u0026w=224\u0026h=298\u0026yaw=146.72841\u0026pitch=0\u0026thumbfov=100""}]",null,null,"{""link"":"""",""source"":""""}","{""id"":""104952317710749160512"",""name"":""ALBAN GAYRİMENKUL (Owner)"",""link"":""https://www.google.com/maps/contrib/104952317710749160512""}","{""borough"":""Turgut Özal"",""street"":""35. Sk. No:24"",""city"":""Esenyurt"",""postal_code"":""34513"",""state"":""İstanbul"",""country"":""TR""}","[{""id"":""service_options"",""name"":""Service options"",""options"":[{""name"":""Online appointments"",""enabled"":true},{""name"":""On-site services"",""enabled"":true}]}]",[],null,
6dd7d639-603b-4ca5-b1d9-ccf2a2f9c326,https://www.google.com/maps/place/ATILIM+GAYR%C4%B0MENKUL/data=!4m7!3m6!1s0x14cab80793024083:0xb5c33b540e38fc78!8m2!3d41.0051101!4d29.0452142!16s%2Fg%2F11c1s2sfyn!19sChIJg0ACkwe4yhQRePw4DlQ7w7U?authuser=0&hl=en&rclk=1,ATILIM GAYRİMENKUL,Real estate agency,"Acıbadem, Acıbadem Cd. No:109, 34718 Kadıköy/İstanbul, Türkiye",{},{},,,,36,5.000000,"{""1"":0,""2"":0,""3"":0,""4"":0,""5"":36}",41.005110,29.045214,13097377373525441656,,,,https://streetviewpixels-pa.googleapis.com/v1/thumbnail?panoid=bfFu4HKNiIiAOL7K1fGEYQ&cb_client=search.gws-prod.gps&w=408&h=240&yaw=310.25134&pitch=0&thumbfov=100,Europe/Istanbul,,0x14cab80793024083:0xb5c33b540e38fc78,"[{""title"":""All"",""image"":""https://streetviewpixels-pa.googleapis.com/v1/thumbnail?panoid=bfFu4HKNiIiAOL7K1fGEYQ\u0026cb_client=maps_sv.tactile.gps\u0026w=224\u0026h=298\u0026yaw=310.25134\u0026pitch=0\u0026thumbfov=100""},{""title"":""Street View \u0026 360°"",""image"":""https://streetviewpixels-pa.googleapis.com/v1/thumbnail?panoid=bfFu4HKNiIiAOL7K1fGEYQ\u0026cb_client=maps_sv.tactile.gps\u0026w=224\u0026h=298\u0026yaw=310.25134\u0026pitch=0\u0026thumbfov=100""}]",null,null,"{""link"":"""",""source"":""""}","{""id"":"""",""name"":""ATILIM GAYRİMENKUL (Owner)"",""link"":""""}","{""borough"":"""",""street"":"""",""city"":"""",""postal_code"":"""",""state"":"""",""country"":""""}",null,[],null,
6dd7d639-603b-4ca5-b1d9-ccf2a2f9c326,https://www.google.com/maps/place/Altun+Property/data=!4m7!3m6!1s0x14cabc9f5fc69c27:0x7229b1272ef06345!8m2!3d40.9799918!4d28.8830084!16s%2Fg%2F11c611llkz!19sChIJJ5zGX5-8yhQRRWPwLiexKXI?authuser=0&hl=en&rclk=1,Altun Property,Real estate agency,"34356, Yenimahalle, Teyyareci Sadık Sk. 24/C, 34142 Bakırköy/İstanbul, Türkiye","{""Friday"":[""9 am–8 pm""],""Monday"":[""9 am–8 pm""],""Saturday"":[""9 am–8 pm""],""Sunday"":[""11 am–6 pm""],""Thursday"":[""9 am–8 pm""],""Tuesday"":[""9 am–8 pm""],""Wednesday"":[""9 am–8 pm""]}",{},,+90 212 542 64 19,"XVHM+X6 Bakırköy, İstanbul, Türkiye",7,4.400000,"{""1"":1,""2"":0,""3"":0,""4"":0,""5"":6}",40.979992,28.883008,8226300976218268485,,,,https://lh3.googleusercontent.com/gps-cs-s/AG0ilSz8qDvOnP1xzm-CafP40UZ93MK2hiTN1YAK7-v3dVoNmowOAkQLkD6o1RJL_RoxRJK_wXahucaNp7ZG8SaEAVsF0ZdUK3EZJ95UnaG8IVY0xnuSnIvNKJ3oFNX201PNE1_eknFtYw=w408-h306-k-no,Europe/Istanbul,,0x14cabc9f5fc69c27:0x7229b1272ef06345,"[{""title"":""All"",""image"":""https://lh3.googleusercontent.com/gps-cs-s/AG0ilSzOpVEMgPJox2qHNoASFt_VXtKm2D-IogixLQJzaQ5mKt3ZdudJqG0sRCeNxcdsR9oCvYSjx7hro584vtzqrl_y3BVz4P4H7-LwM7YYrpNt3lYtJvWUFvGokv_Djj-kNsmg_Pu23Q=w397-h298-k-no""},{""title"":""Exterior"",""image"":""https://lh3.googleusercontent.com/gps-cs-s/AG0ilSy31Ov1tr7eWxM9TtMz1fWyukFZYPQ5yWPqvm6cX9x6AYX5WNYu9mPUWPGSOYopo1gVgH9x3ocQmOo3ZT-k_2RmgjZfwUbN8EebBNSF8KT1KKlNnoZSmXYFC9JwW9eMgCL_sNLL=w397-h298-k-no""},{""title"":""Inside"",""image"":""//lh3.googleusercontent.com/hAhrDxGbGZP5IcSB374dMyfz_WhA4NX5sgtCorEYhDQgNmxFpQgnHPY0IMxxE5j6=w529-h298-k-no""}]",null,null,"{""link"":"""",""source"":""""}","{""id"":""100333568409070270928"",""name"":""Altun Property (Owner)"",""link"":""https://www.google.com/maps/contrib/100333568409070270928""}","{""borough"":""Yenimahalle"",""street"":""34356, Teyyareci Sadık Sk. 24/C"",""city"":""Bakırköy"",""postal_code"":""34142"",""state"":""İstanbul"",""country"":""TR""}",null,[],null,
6dd7d639-603b-4ca5-b1d9-ccf2a2f9c326,https://www.google.com/maps/place/Akademi+Gayrimenkul/data=!4m7!3m6!1s0x14cab61403234443:0x2e1abcdff1c72043!8m2!3d41.0800633!4d29.0350029!16s%2Fg%2F1ptzcz_rc!19sChIJQ0QjAxS2yhQRQyDH8d-8Gi4?authuser=0&hl=en&rclk=1,Akademi Gayrimenkul,Real estate agency,"Etiler, İhsan Aksoy Sk. Modern apartmanı no:2 kat 1 Daire 23, 34337 Beşiktaş/İstanbul, Türkiye",{},{},http://www.akademiemlak.com.tr/,+90 212 287 66 55,"32JP+22 Beşiktaş, İstanbul, Türkiye",103,5.000000,"{""1"":1,""2"":0,""3"":0,""4"":0,""5"":102}",41.080063,29.035003,3322175345159249987,,,,https://lh3.googleusercontent.com/p/AF1QipMKHTTLiti1KG6FmBLGt8gb4B5RjVNz1ffg_yDF=w408-h306-k-no,Europe/Istanbul,,0x14cab61403234443:0x2e1abcdff1c72043,"[{""title"":""All"",""image"":""https://lh3.googleusercontent.com/p/AF1QipMKHTTLiti1KG6FmBLGt8gb4B5RjVNz1ffg_yDF=w397-h298-k-no""},{""title"":""Inside"",""image"":""https://lh3.googleusercontent.com/gps-cs-s/AG0ilSzoyG7MVQ_P9x2V4LZ9-7t0jgBaYVvZp_dTtV3i-hoB8IggrfdXmlM8Xo8WhMRezoP8P6CMVeM4uh2-ordewHrqlVjWiRYhcM7n-AR8E9Xi7gXfZl-YKUd8zYh-544EBqxfyvAI8w=w529-h298-k-no""},{""title"":""Videos"",""image"":""https://lh3.googleusercontent.com/p/AF1QipNvtgwdvcTMUMy4lmT9s32MDMd4wQPpozg7Ja7y=w224-h398-k-no""},{""title"":""By owner"",""image"":""https://lh3.googleusercontent.com/p/AF1QipOPwhiIvXdTcmkNcZ11clsUsvTzOKYkevI9l3Iu=w224-h398-k-no""},{""title"":""Street View \u0026 360°"",""image"":""https://streetviewpixels-pa.googleapis.com/v1/thumbnail?panoid=Bon_QGCX6KGe5kTh80Vl5g\u0026cb_client=maps_sv.tactile.gps\u0026w=224\u0026h=298\u0026yaw=166.92253\u0026pitch=0\u0026thumbfov=100""}]",null,null,"{""link"":"""",""source"":""""}","{""id"":""104490842755251689654"",""name"":""Akademi Gayrimenkul (Owner)"",""link"":""https://www.google.com/maps/contrib/104490842755251689654""}","{""borough"":""Etiler"",""street"":""İhsan Aksoy Sk. Modern apartmanı no:2 kat 1 Daire 23"",""city"":""Beşiktaş"",""postal_code"":""34337"",""state"":""İstanbul"",""country"":""TR""}","[{""id"":""service_options"",""name"":""Service options"",""options"":[{""name"":""Online appointments"",""enabled"":true},{""name"":""On-site services"",""enabled"":true}]},{""id"":""accessibility"",""name"":""Accessibility"",""options"":[{""name"":""Assistive hearing loop"",""enabled"":false},{""name"":""Wheelchair-accessible car park"",""enabled"":false},{""name"":""Wheelchair-accessible entrance"",""enabled"":false},{""name"":""Wheelchair-accessible seating"",""enabled"":false},{""name"":""Wheelchair-accessible toilet"",""enabled"":false}]},{""id"":""amenities"",""name"":""Amenities"",""options"":[{""name"":""Gender-neutral toilets"",""enabled"":true}]},{""id"":""planning"",""name"":""Planning"",""options"":[{""name"":""Appointment required"",""enabled"":true}]}]",[],null,
6dd7d639-603b-4ca5-b1d9-ccf2a2f9c326,https://www.google.com/maps/place/Serhat+Gayrimenkul+Dan%C4%B1%C5%9Fmanl%C4%B1%C4%9F%C4%B1/data=!4m7!3m6!1s0x14cab6888b711357:0xec083147e8bdab34!8m2!3d41.0909311!4d28.9981649!16s%2Fg%2F11cfg27xs!19sChIJVxNxi4i2yhQRNKu96EcxCOw?authuser=0&hl=en&rclk=1,Serhat Gayrimenkul Danışmanlığı,Real estate agency,"Sultan Selim, Sultan Selim Cd. No:86 Kat:1 Daire:1, 34415 Kağıthane/İstanbul, Türkiye","{""Friday"":[""9:30 am–7:30 pm""],""Monday"":[""9:30 am–7:30 pm""],""Saturday"":[""9:30 am–7:30 pm""],""Sunday"":[""Closed""],""Thursday"":[""9:30 am–7:30 pm""],""Tuesday"":[""9:30 am–7:30 pm""],""Wednesday"":[""9:30 am–7:30 pm""]}",{},http://www.serhatgayrimenkul.com/,+90 212 325 33 03,"3XRX+97 Kağıthane, İstanbul, Türkiye",26,5.000000,"{""1"":0,""2"":0,""3"":0,""4"":0,""5"":26}",41.090931,28.998165,17007898177681861428,,,,https://lh3.googleusercontent.com/p/AF1QipNVIAzwFP25gUbdNZeXMYe-Z80NapZQceLjQyc=w408-h306-k-no,Europe/Istanbul,,0x14cab6888b711357:0xec083147e8bdab34,"[{""title"":""All"",""image"":""https://lh3.googleusercontent.com/p/AF1QipNVIAzwFP25gUbdNZeXMYe-Z80NapZQceLjQyc=w397-h298-k-no""},{""title"":""Exterior"",""image"":""https://lh3.googleusercontent.com/p/AF1QipNzpW2hn3cSao4uEXVA-oFsbtEULEvaxw24WQk=w397-h298-k-no""},{""title"":""By owner"",""image"":""https://lh3.googleusercontent.com/p/AF1QipNVIAzwFP25gUbdNZeXMYe-Z80NapZQceLjQyc=w397-h298-k-no""}]",null,null,"{""link"":"""",""source"":""""}","{""id"":""112903632994084245272"",""name"":""Serhat Gayrimenkul Danışmanlığı (Owner)"",""link"":""https://www.google.com/maps/contrib/112903632994084245272""}","{""borough"":""Sultan Selim"",""street"":""Sultan Selim Cd. No:86 Kat:1 Daire:1"",""city"":""Kağıthane"",""postal_code"":""34415"",""state"":""İstanbul"",""country"":""TR""}",null,[],null,
6dd7d639-603b-4ca5-b1d9-ccf2a2f9c326,https://www.google.com/maps/place/ORTA+NOKTA+GAYR%C4%B0MENKUL+%C5%9EUBE+2-G%C3%9CLERY%C3%9CZ+M%C4%B0MARLIK+VE+M%C3%9CHEND%C4%B0SL%C4%B0K/data=!4m7!3m6!1s0x14caafe4a972eda9:0x6dde78716f9df4a5!8m2!3d41.1071633!4d28.8594048!16s%2Fg%2F11mvxm4369!19sChIJqe1yqeSvyhQRpfSdb3F43m0?authuser=0&hl=en&rclk=1,ORTA NOKTA GAYRİMENKUL ŞUBE 2-GÜLERYÜZ MİMARLIK VE MÜHENDİSLİK,Real estate agency,"İsmetpaşa, 53. Sk. NO:9A, 34270 Sultangazi/İstanbul, Türkiye",{},{},https://ortanoktagayrimenkul.sahibinden.com/,+90 552 482 84 58,"4V45+VQ Sultangazi, İstanbul, Türkiye",19,4.600000,"{""1"":2,""2"":0,""3"":0,""4"":0,""5"":17}",41.107163,28.859405,7916897623563170981,,,,https://lh3.googleusercontent.com/p/AF1QipN2L01xZYnsWJ6HGxZczgDF2Rt8-6RinpQAypmz=w448-h240-k-no,Europe/Istanbul,,0x14caafe4a972eda9:0x6dde78716f9df4a5,"[{""title"":""All"",""image"":""https://lh3.googleusercontent.com/p/AF1QipN2L01xZYnsWJ6HGxZczgDF2Rt8-6RinpQAypmz=w556-h298-k-no""},{""title"":""Exterior"",""image"":""https://lh3.googleusercontent.com/p/AF1QipOn5Qgo0NzrSqY1JMCSECdJoAgQL4H0RJ-auZlO=w224-h298-k-no""},{""title"":""By owner"",""image"":""https://lh3.googleusercontent.com/p/AF1QipMldoAMlDJ2aBfnRHYx0aPkWcF3eR8gM45ZBugd=w224-h298-k-no""}]",null,null,"{""link"":"""",""source"":""""}","{""id"":""110951467964878032510"",""name"":""ORTA NOKTA GAYRİMENKUL ŞUBE 2-GÜLERYÜZ MİMARLIK VE MÜHENDİSLİK (Owner)"",""link"":""https://www.google.com/maps/contrib/110951467964878032510""}","{""borough"":""İsmetpaşa"",""street"":""53. Sk. NO:9A"",""city"":""Sultangazi"",""postal_code"":""34270"",""state"":""İstanbul"",""country"":""TR""}","[{""id"":""service_options"",""name"":""Service options"",""options"":[{""name"":""On-site services"",""enabled"":true},{""name"":""Online appointments"",""enabled"":false}]},{""id"":""planning"",""name"":""Planning"",""options"":[{""name"":""Appointment required"",""enabled"":true}]}]",[],null,
6dd7d639-603b-4ca5-b1d9-ccf2a2f9c326,https://www.google.com/maps/place/Kral+Gayrimenkul+Real+Estate+%26+Brokers/data=!4m7!3m6!1s0x14cabb6458018c35:0xa71c42bfcc08a03d!8m2!3d41.0098534!4d28.9480941!16s%2Fg%2F11l24tn3c9!19sChIJNYwBWGS7yhQRPaAIzL9CHKc?authuser=0&hl=en&rclk=1,Kral Gayrimenkul Real Estate & Brokers,Real estate agent,"Molla Gürani, Yusufpaşa Tramvay Durağı, 34250 Fatih/İstanbul, Türkiye","{""Friday"":[""10 am–8 pm""],""Monday"":[""10 am–8 pm""],""Saturday"":[""10 am–8 pm""],""Sunday"":[""Closed""],""Thursday"":[""10 am–8 pm""],""Tuesday"":[""10 am–10 pm""],""Wednesday"":[""10 am–8 pm""]}",{},https://kralgayrimenkul.sahibinden.com/,+90 535 892 71 75,"2W5X+W6 Fatih, İstanbul, Türkiye",27,4.600000,"{""1"":2,""2"":0,""3"":1,""4"":0,""5"":24}",41.009853,28.948094,12041572895211167805,,,,https://lh3.googleusercontent.com/p/AF1QipPYWCzsFx3JKreE-rtqC009Sf1Ktu-wd5Wt5Va9=w408-h544-k-no,Europe/Istanbul,,0x14cabb6458018c35:0xa71c42bfcc08a03d,"[{""title"":""All"",""image"":""https://lh3.googleusercontent.com/p/AF1QipPYWCzsFx3JKreE-rtqC009Sf1Ktu-wd5Wt5Va9=w224-h298-k-no""},{""title"":""Inside"",""image"":""https://lh3.googleusercontent.com/p/AF1QipP5jgQNCPx3stjiy71O14iLKqa7eK_7GuYDWvOV=w397-h298-k-no""},{""title"":""By owner"",""image"":""https://lh3.googleusercontent.com/p/AF1QipP9hZcMVYYVMjm7RdbquB43FJFeQKYyeLaU9qGo=w224-h298-k-no""},{""title"":""Street View \u0026 360°"",""image"":""https://streetviewpixels-pa.googleapis.com/v1/thumbnail?panoid=6gzSYYawMWwpGAttk8l-2g\u0026cb_client=maps_sv.tactile.gps\u0026w=224\u0026h=298\u0026yaw=186.09015\u0026pitch=0\u0026thumbfov=100""}]",null,null,"{""link"":"""",""source"":""""}","{""id"":""105645130408464287833"",""name"":""Kral Gayrimenkul Real Estate \u0026 Brokers (Owner)"",""link"":""https://www.google.com/maps/contrib/105645130408464287833""}","{""borough"":""Molla Gürani"",""street"":""Yusufpaşa Tramvay Durağı"",""city"":""Fatih"",""postal_code"":""34250"",""state"":""İstanbul"",""country"":""TR""}","[{""id"":""service_options"",""name"":""Service options"",""options"":[{""name"":""Online appointments"",""enabled"":true},{""name"":""On-site services"",""enabled"":true}]},{""id"":""amenities"",""name"":""Amenities"",""options"":[{""name"":""Gender-neutral toilets"",""enabled"":true}]},{""id"":""planning"",""name"":""Planning"",""options"":[{""name"":""Appointment required"",""enabled"":true}]}]",[],null,
6dd7d639-603b-4ca5-b1d9-ccf2a2f9c326,https://www.google.com/maps/place/Tosun+Emlak/data=!4m7!3m6!1s0x14cabb5f5bdcf749:0xe478e160db36e4e1!8m2!3d40.9845749!4d28.8777103!16s%2Fg%2F1tnl3lz2!19sChIJSffcW1-7yhQR4eQ222DheOQ?authuser=0&hl=en&rclk=1,Tosun Emlak,Real estate agency,"Kartaltepe, Koşuyolu Cd. No:3/a, 34144 Bakırköy/İstanbul, Türkiye",{},{},http://www.tosunemlakgayrimenkul.com/,+90 212 543 97 06,"XVMH+R3 Bakırköy, İstanbul, Türkiye",140,4.800000,"{""1"":4,""2"":1,""3"":1,""4"":3,""5"":131}",40.984575,28.877710,16463156243963765985,,,,//lh5.googleusercontent.com/pfwlwfUPWOk_lePvd8PrNZTUvAmKzOShvaEGP8p5Ij2KXSQVZHOy7aoT8GCPaHSO=w426-h240-k-no,Europe/Istanbul,,0x14cabb5f5bdcf749:0xe478e160db36e4e1,"[{""title"":""All"",""image"":""//lh5.googleusercontent.com/pfwlwfUPWOk_lePvd8PrNZTUvAmKzOShvaEGP8p5Ij2KXSQVZHOy7aoT8GCPaHSO=w529-h298-k-no""},{""title"":""Exterior"",""image"":""//lh5.googleusercontent.com/pfwlwfUPWOk_lePvd8PrNZTUvAmKzOShvaEGP8p5Ij2KXSQVZHOy7aoT8GCPaHSO=w529-h298-k-no""},{""title"":""By owner"",""image"":""https://lh3.googleusercontent.com/p/AF1QipOMcVSEHLSMCtnn_KPB6QpFocfPAyk-lfWxlptU=w298-h298-k-no""},{""title"":""Street View \u0026 360°"",""image"":""https://streetviewpixels-pa.googleapis.com/v1/thumbnail?panoid=pG5sF1Z1ZraVK4CmmFWEmA\u0026cb_client=maps_sv.tactile.gps\u0026w=224\u0026h=298\u0026yaw=290.67432\u0026pitch=0\u0026thumbfov=100""}]",null,null,"{""link"":"""",""source"":""""}","{""id"":""110178209461228713569"",""name"":""Tosun Emlak (Owner)"",""link"":""https://www.google.com/maps/contrib/110178209461228713569""}","{""borough"":""Kartaltepe"",""street"":""Koşuyolu Cd. No:3/a"",""city"":""Bakırköy"",""postal_code"":""34144"",""state"":""İstanbul"",""country"":""TR""}","[{""id"":""service_options"",""name"":""Service options"",""options"":[{""name"":""Online appointments"",""enabled"":true},{""name"":""On-site services"",""enabled"":true}]},{""id"":""accessibility"",""name"":""Accessibility"",""options"":[{""name"":""Wheelchair-accessible car park"",""enabled"":true},{""name"":""Wheelchair-accessible entrance"",""enabled"":true}]}]",[],null,
6dd7d639-603b-4ca5-b1d9-ccf2a2f9c326,https://www.google.com/maps/place/Rey+Yap%C4%B1+Gayrimenkul/data=!4m7!3m6!1s0x14b558e35284028d:0xe87475e00e08755f!8m2!3d41.0794678!4d28.631524!16s%2Fg%2F11c1tt1zq4!19sChIJjQKEUuNYtRQRX3UIDuB1dOg?authuser=0&hl=en&rclk=1,Rey Yapı Gayrimenkul,Real estate agency,"Akçaburgaz, 3. Sk., 34522 Esenyurt/İstanbul, Türkiye",{},{},,+90 212 672 47 39,"3JHJ+QJ Esenyurt, İstanbul, Türkiye",15,4.300000,"{""1"":2,""2"":0,""3"":1,""4"":1,""5"":11}",41.079468,28.631524,16750142519266276703,,,,https://lh3.googleusercontent.com/p/AF1QipO5dmMTNkwhpX20LIcO71Xy6YSxmrwMT133X-HL=w408-h306-k-no,Europe/Istanbul,,0x14b558e35284028d:0xe87475e00e08755f,"[{""title"":""All"",""image"":""https://lh3.googleusercontent.com/p/AF1QipO5dmMTNkwhpX20LIcO71Xy6YSxmrwMT133X-HL=w397-h298-k-no""},{""title"":""Exterior"",""image"":""https://lh3.googleusercontent.com/gps-cs-s/AG0ilSygg1HO9yruQMJ82IUmMSRHCRIVGhvW40IzjHk5xOcTo_2PtUB-e03vyTig6-COvdn3WUlsc_WcWM6WcPoo913oA6_8NlwOmyU3lzUVkUGB1tkI9br5vuQDgyMB24SJWnlAuO1Hkg=w397-h298-k-no""},{""title"":""Inside"",""image"":""https://lh3.googleusercontent.com/p/AF1QipPIoXUp3vIe3wl-idipw7fIK4NldRJ-luKZQ1nH=w397-h298-k-no""},{""title"":""Real Estate"",""image"":""https://lh3.googleusercontent.com/p/AF1QipOo9AxQ-AUMaiQsQdpCr5FXAznFvWfnT_fhv3eD=w397-h298-k-no""},{""title"":""By owner"",""image"":""https://lh3.googleusercontent.com/p/AF1QipPewiKhghwU9xfaqAm3G2SqIE9ZP6Z5r9TKfjh_=w530-h298-k-no""},{""title"":""Street View \u0026 360°"",""image"":""https://streetviewpixels-pa.googleapis.com/v1/thumbnail?panoid=XgVshfzi8CkPdF3LgW_g1Q\u0026cb_client=maps_sv.tactile.gps\u0026w=224\u0026h=298\u0026yaw=302.9042\u0026pitch=0\u0026thumbfov=100""}]",null,null,"{""link"":"""",""source"":""""}","{""id"":""110869273023925870136"",""name"":""Rey Yapı Gayrimenkul (Owner)"",""link"":""https://www.google.com/maps/contrib/110869273023925870136""}","{""borough"":""Akçaburgaz"",""street"":""3. Sk."",""city"":""Esenyurt"",""postal_code"":""34522"",""state"":""İstanbul"",""country"":""TR""}",null,[],null,
6dd7d639-603b-4ca5-b1d9-ccf2a2f9c326,https://www.google.com/maps/place/MS+GAYR%C4%B0MENKUL+VENEZ%C4%B0A/data=!4m7!3m6!1s0x14cab1fa1665e479:0x6e1546de451a468!8m2!3d41.0796751!4d28.8784764!16s%2Fg%2F11krjnq89g!19sChIJeeRlFvqxyhQRaKRR5G1U4QY?authuser=0&hl=en&rclk=1,MS GAYRİMENKUL VENEZİA,Real estate agency,"avm mega ofis, Karadeniz, Eski Edirne Asf. blok venezia, 34260 Gaziosmanpaşa/İstanbul, Türkiye",{},{},,+90 545 932 83 46,"3VHH+V9 Gaziosmanpaşa, İstanbul, Türkiye",29,5.000000,"{""1"":0,""2"":0,""3"":0,""4"":0,""5"":29}",41.079675,28.878476,495770264946189416,,,,https://lh3.googleusercontent.com/p/AF1QipNj_M2bwLti2MjXPfcx-XwJ-eUxrj2M7-KYeBxg=w408-h306-k-no,Europe/Istanbul,,0x14cab1fa1665e479:0x6e1546de451a468,"[{""title"":""All"",""image"":""https://lh3.googleusercontent.com/p/AF1QipNj_M2bwLti2MjXPfcx-XwJ-eUxrj2M7-KYeBxg=w397-h298-k-no""},{""title"":""Inside"",""image"":""https://lh3.googleusercontent.com/gps-cs-s/AG0ilSya7eWXedgolZcOab_-nFpNqcVzBQs5ad4fBVMK5fQ8uOuc5rzsMyI5p2__oBirX-wWOJBG28zEu3De282u4t99tEL8ayln7OPtcJxEtv-FESwh062P0ZuLQm7EyNw1_Enrg8pA=w397-h298-k-no""},{""title"":""By owner"",""image"":""https://lh3.googleusercontent.com/p/AF1QipNVXPebK_eT0XGGdwey8bj8lvB8EL8BImWCcZtw=w397-h298-k-no""}]",null,null,"{""link"":"""",""source"":""""}","{""id"":""112819318800363514151"",""name"":""MS GAYRİMENKUL VENEZİA (Owner)"",""link"":""https://www.google.com/maps/contrib/112819318800363514151""}","{""borough"":""Karadeniz"",""street"":""avm mega ofis, Eski Edirne Asf. blok venezia"",""city"":""Gaziosmanpaşa"",""postal_code"":""34260"",""state"":""İstanbul"",""country"":""TR""}",null,[],null,
6dd7d639-603b-4ca5-b1d9-ccf2a2f9c326,https://www.google.com/maps/place/GayriMax+Emlak+Hizmetleri/data=!4m7!3m6!1s0x14b55fb852f739a1:0x7bdf087c88851501!8m2!3d41.0223589!4d28.6557787!16s%2Fg%2F11f5vcsqx9!19sChIJoTn3UrhftRQRARWFiHwI33s?authuser=0&hl=en&rclk=1,GayriMax Emlak Hizmetleri,Real estate agency,"Yeşilkent, Nazım Hikmet Blv. innovia 2 sitesi bina no: 50\E, 34515 Esenyurt/İstanbul, Türkiye",{},{},https://gayrimax.sahibinden.com/,+90 532 556 22 02,"2MC4+W8 Esenyurt, İstanbul, Türkiye",14,4.700000,"{""1"":1,""2"":0,""3"":0,""4"":0,""5"":13}",41.022359,28.655779,8925862317431002369,,,,https://lh3.googleusercontent.com/p/AF1QipP4Pj1zNwZ9gUkg6SWkpn6gQpwloa_41fR_5qAF=w408-h306-k-no,Europe/Istanbul,,0x14b55fb852f739a1:0x7bdf087c88851501,"[{""title"":""All"",""image"":""https://lh3.googleusercontent.com/p/AF1QipP4Pj1zNwZ9gUkg6SWkpn6gQpwloa_41fR_5qAF=w397-h298-k-no""},{""title"":""Exterior"",""image"":""https://lh3.googleusercontent.com/p/AF1QipPF6-Ek95iigDn2LTx3CnZUhMjELeuTIU8xXR5t=w224-h298-k-no""},{""title"":""By owner"",""image"":""https://lh3.googleusercontent.com/p/AF1QipMmYY7CJXZmNpp-wsaKLU31EEwEostlV_rCpsnz=w397-h298-k-no""}]",null,null,"{""link"":"""",""source"":""""}","{""id"":""100266837641365451267"",""name"":""GayriMax Emlak Hizmetleri (Owner)"",""link"":""https://www.google.com/maps/contrib/100266837641365451267""}","{""borough"":""Yeşilkent"",""street"":""Nazım Hikmet Blv. innovia 2 sitesi bina no: 50\\E"",""city"":""Esenyurt"",""postal_code"":""34515"",""state"":""İstanbul"",""country"":""TR""}","[{""id"":""service_options"",""name"":""Service options"",""options"":[{""name"":""Online appointments"",""enabled"":true},{""name"":""On-site services"",""enabled"":true}]}]",[],null,
6dd7d639-603b-4ca5-b1d9-ccf2a2f9c326,https://www.google.com/maps/place/Atabeyi+Gayrimenkul/data=!4m7!3m6!1s0x14caafc58fd083f9:0xb95c8bda3016832b!8m2!3d41.1327651!4d28.7781662!16s%2Fg%2F11v3lmfzfb!19sChIJ-YPQj8WvyhQRK4MWMNqLXLk?authuser=0&hl=en&rclk=1,Atabeyi Gayrimenkul,Real estate agency,"Kayabaşı Mah. 24.Bölge Sitesi, Gökçeada Cd Güzelbahçe Evleri No/AEB, 34494 Başakşehir/İstanbul, Türkiye",{},{},https://atabeyigayrimenkul.sahibinden.com/emlak?pagingSize=5&sorting=date_desc&userId=ajnv89P6lcoAxl1a_EBwVkg,+90 542 249 60 44,"4QMH+47 Başakşehir, İstanbul, Türkiye",138,5.000000,"{""1"":0,""2"":0,""3"":0,""4"":1,""5"":137}",41.132765,28.778166,13356704364099961643,,,,https://lh3.googleusercontent.com/p/AF1QipOSCQHEetKKPpUjiU1kSy4iCheldvPMAaS31GM4=w408-h306-k-no,Europe/Istanbul,,0x14caafc58fd083f9:0xb95c8bda3016832b,"[{""title"":""All"",""image"":""https://lh3.googleusercontent.com/p/AF1QipOSCQHEetKKPpUjiU1kSy4iCheldvPMAaS31GM4=w397-h298-k-no""},{""title"":""Exterior"",""image"":""https://lh3.googleusercontent.com/p/AF1QipP7jhXeVa1JX3_eqPiml5eRVFHNe5SVgj0r5EJv=w397-h298-k-no""},{""title"":""Videos"",""image"":""https://lh3.googleusercontent.com/p/AF1QipP0wK4PaYVY5HXA8TFZRbXnOcj5NJtYfWe26J6J=w224-h298-k-no""},{""title"":""Inside"",""image"":""https://lh3.googleusercontent.com/gps-cs-s/AG0ilSwZHvbWelan7UbT0Rl6krMxvvcoQp2Zp2QV-WJx4Fop2UFf541c3Ty04gc6QutXHY0lcQYICGB1ASZltSIw_y0bv50UkE_nHw7kwl4OFY_4eC7DLw5DrMwMlsb2KAyx2vJfSRs-Hg=w224-h400-k-no""},{""title"":""Landscape"",""image"":""https://lh3.googleusercontent.com/p/AF1QipOSGn8FPrYPCDLJ0MWkRJ521lPJZf1E7QEBYH1e=w397-h298-k-no""},{""title"":""By owner"",""image"":""https://lh3.googleusercontent.com/p/AF1QipP0wK4PaYVY5HXA8TFZRbXnOcj5NJtYfWe26J6J=w224-h298-k-no""},{""title"":""Street View \u0026 360°"",""image"":""https://streetviewpixels-pa.googleapis.com/v1/thumbnail?panoid=bh2kKgm-3j096pVAx5OBog\u0026cb_client=maps_sv.tactile.gps\u0026w=224\u0026h=298\u0026yaw=40.84291\u0026pitch=0\u0026thumbfov=100""}]",null,null,"{""link"":"""",""source"":""""}","{""id"":""107219053424829785251"",""name"":""Atabeyi Gayrimenkul (Owner)"",""link"":""https://www.google.com/maps/contrib/107219053424829785251""}","{""borough"":""Kayabaşı"",""street"":""Kayabaşı Mah. 24.Bölge Sitesi, Gökçeada Cd Güzelbahçe Evleri No/AEB"",""city"":""Başakşehir"",""postal_code"":""34494"",""state"":""İstanbul"",""country"":""TR""}","[{""id"":""service_options"",""name"":""Service options"",""options"":[{""name"":""On-site services"",""enabled"":true}]},{""id"":""accessibility"",""name"":""Accessibility"",""options"":[{""name"":""Wheelchair-accessible car park"",""enabled"":true},{""name"":""Wheelchair-accessible entrance"",""enabled"":true},{""name"":""Wheelchair-accessible seating"",""enabled"":true},{""name"":""Wheelchair-accessible toilet"",""enabled"":true}]}]",[],null,
6dd7d639-603b-4ca5-b1d9-ccf2a2f9c326,https://www.google.com/maps/place/CADDE+GAYR%C4%B0MENKUL+%C5%9E%C4%B0%C5%9EL%C4%B0/data=!4m7!3m6!1s0x14cab71932c83327:0x59d5adb6329b1b64!8m2!3d41.0634582!4d28.9781364!16s%2Fg%2F11g6ykxjxt!19sChIJJzPIMhm3yhQRZBubMrat1Vk?authuser=0&hl=en&rclk=1,CADDE GAYRİMENKUL ŞİŞLİ,Real estate agency,"Halide Edip Adıvar Mahallesi, Alaattin Elmas Sokak Elazığ Apt. D:18/A, 34384 Şişli/İstanbul, Türkiye","{""Friday"":[""10 am–8 pm""],""Monday"":[""10 am–8 pm""],""Saturday"":[""10 am–8 pm""],""Sunday"":[""Closed""],""Thursday"":[""10 am–8 pm""],""Tuesday"":[""10 am–8 pm""],""Wednesday"":[""10 am–8 pm""]}",{},,,"3X7H+97 Şişli, İstanbul, Türkiye",10,4.100000,"{""1"":2,""2"":0,""3"":0,""4"":1,""5"":7}",41.063458,28.978136,6473271037459635044,,,,https://lh3.googleusercontent.com/p/AF1QipOr6CuTNfAITiEumq0soYJILHmn9ulOxsSBNaTO=w426-h240-k-no,Europe/Istanbul,,0x14cab71932c83327:0x59d5adb6329b1b64,"[{""title"":""All"",""image"":""https://lh3.googleusercontent.com/p/AF1QipOr6CuTNfAITiEumq0soYJILHmn9ulOxsSBNaTO=w529-h298-k-no""},{""title"":""Exterior"",""image"":""https://lh3.googleusercontent.com/p/AF1QipOr6CuTNfAITiEumq0soYJILHmn9ulOxsSBNaTO=w529-h298-k-no""},{""title"":""Inside"",""image"":""//lh6.googleusercontent.com/JlN30oWmTq59qvJ3DPQOQo97Pged0WjIJ-glAOnKanLrQDpgBDFE-cUUVcgEL1yCIA=w397-h298-k-no""},{""title"":""By owner"",""image"":""https://lh3.googleusercontent.com/p/AF1QipOr6CuTNfAITiEumq0soYJILHmn9ulOxsSBNaTO=w529-h298-k-no""},{""title"":""Street View \u0026 360°"",""image"":""https://streetviewpixels-pa.googleapis.com/v1/thumbnail?panoid=A_AswQHazt6SuByhxD5JPA\u0026cb_client=maps_sv.tactile.gps\u0026w=224\u0026h=298\u0026yaw=182.82263\u0026pitch=0\u0026thumbfov=100""}]",null,null,"{""link"":"""",""source"":""""}","{""id"":""102980199846945197725"",""name"":""CADDE GAYRİMENKUL ŞİŞLİ (Owner)"",""link"":""https://www.google.com/maps/contrib/102980199846945197725""}","{""borough"":""Halide Edip Adıvar"",""street"":""Halide Edip Adıvar Mahallesi, Alaattin Elmas Sokak Elazığ Apt. D:18/A"",""city"":""Şişli"",""postal_code"":""34384"",""state"":""İstanbul"",""country"":""TR""}",null,[],null,
6dd7d639-603b-4ca5-b1d9-ccf2a2f9c326,https://www.google.com/maps/place/As+Gayrimenkul/data=!4m7!3m6!1s0x14cab1d5ba267a73:0x588de6968cd4f772!8m2!3d41.103741!4d28.8626315!16s%2Fg%2F1tg_6hny!19sChIJc3omutWxyhQRcvfUjJbmjVg?authuser=0&hl=en&rclk=1,As Gayrimenkul,Real estate agency,"CAMİ DURAĞI, Uğur Mumcu, K Cd. NO: 5 D:B, 34265 Sultangazi/İstanbul, Türkiye",{},{},https://asgayrimenkul1.sahibinden.com/,+90 532 346 02 08,"4V37+F3 Sultangazi, İstanbul, Türkiye",109,4.800000,"{""1"":4,""2"":0,""3"":0,""4"":2,""5"":103}",41.103741,28.862631,6381009781336110962,,,,https://lh3.googleusercontent.com/p/AF1QipM-qv1suBU6Xn6Mboeo1yMbdQ6lFYF0VmPXIMz6=w408-h306-k-no,Europe/Istanbul,,0x14cab1d5ba267a73:0x588de6968cd4f772,"[{""title"":""All"",""image"":""https://lh3.googleusercontent.com/p/AF1QipM-qv1suBU6Xn6Mboeo1yMbdQ6lFYF0VmPXIMz6=w397-h298-k-no""},{""title"":""Exterior"",""image"":""//lh6.googleusercontent.com/XBPCjr2ak5gp6OeILm_FkUyztVLPpOPAgj_fPXXewzyfd7x56sffn_Gb1u2IyxqG=w397-h298-k-no""},{""title"":""Videos"",""image"":""https://lh3.googleusercontent.com/p/AF1QipODM8rVdp7CJftGMQTHhlv0GwYIUPHqr3Ad_Gkv=w224-h395-k-no""},{""title"":""Inside"",""image"":""https://lh3.googleusercontent.com/p/AF1QipMGspkfihmGfudtg_Np2_XB_F3tQ7YrrQT_yMJP=w397-h298-k-no""},{""title"":""By owner"",""image"":""https://lh3.googleusercontent.com/p/AF1QipODM8rVdp7CJftGMQTHhlv0GwYIUPHqr3Ad_Gkv=w224-h395-k-no""},{""title"":""Street View \u0026 360°"",""image"":""https://streetviewpixels-pa.googleapis.com/v1/thumbnail?panoid=g3fyKHsSSVlDvzWBxHlGbg\u0026cb_client=maps_sv.tactile.gps\u0026w=224\u0026h=298\u0026yaw=84.023026\u0026pitch=0\u0026thumbfov=100""}]",null,null,"{""link"":"""",""source"":""""}","{""id"":""117908557399093974644"",""name"":""As Gayrimenkul (Owner)"",""link"":""https://www.google.com/maps/contrib/117908557399093974644""}","{""borough"":""Uğur Mumcu"",""street"":""CAMİ DURAĞI, K Cd. NO: 5 D:B"",""city"":""Sultangazi"",""postal_code"":""34265"",""state"":""İstanbul"",""country"":""TR""}","[{""id"":""accessibility"",""name"":""Accessibility"",""options"":[{""name"":""Wheelchair-accessible entrance"",""enabled"":false}]}]",[],null,
6dd7d639-603b-4ca5-b1d9-ccf2a2f9c326,https://www.google.com/maps/place/YAKAMOZ+EMLAK+GAYR%C4%B0MENKUL+DANI%C5%9EMANLI%C4%9EI/data=!4m7!3m6!1s0x14cabb54062156b1:0x73999aabc396ad18!8m2!3d41.0395816!4d28.8820293!16s%2Fg%2F11lyz22v7r!19sChIJsVYhBlS7yhQRGK2Ww6uamXM?authuser=0&hl=en&rclk=1,YAKAMOZ EMLAK GAYRİMENKUL DANIŞMANLIĞI,Real estate agency,"Yakamoz Emlak Gayrimenkul, Fevzi Çakmak, Atışalanı Cd. No:32B, 34200 Esenler/İstanbul, Türkiye",{},{},https://yakamozgayrimenkulesenler.sahibinden.com/,+90 543 892 22 72,"2VQJ+RR Esenler, İstanbul, Türkiye",71,5.000000,"{""1"":0,""2"":0,""3"":0,""4"":0,""5"":71}",41.039582,28.882029,8329859048309959960,,,,https://lh3.googleusercontent.com/p/AF1QipNc2lNpegcIc5FVm2ZL6OMquYmXRdGSwa2aafx1=w408-h306-k-no,Europe/Istanbul,,0x14cabb54062156b1:0x73999aabc396ad18,"[{""title"":""All"",""image"":""https://lh3.googleusercontent.com/p/AF1QipNc2lNpegcIc5FVm2ZL6OMquYmXRdGSwa2aafx1=w397-h298-k-no""},{""title"":""Inside"",""image"":""https://lh3.googleusercontent.com/p/AF1QipMWrxBMeI8jJ6KLoNbc4FcH4BpQW896R1PUpz34=w397-h298-k-no""},{""title"":""By owner"",""image"":""https://lh3.googleusercontent.com/p/AF1QipMqBXK8wr0PlS6Q5mFgx6HQUntub9OIZbuJkwLO=w446-h298-k-no""},{""title"":""Street View \u0026 360°"",""image"":""https://streetviewpixels-pa.googleapis.com/v1/thumbnail?panoid=wPojknJiZ6rNwcLEFkypWA\u0026cb_client=maps_sv.tactile.gps\u0026w=224\u0026h=298\u0026yaw=72.58648\u0026pitch=0\u0026thumbfov=100""}]",null,null,"{""link"":"""",""source"":""""}","{""id"":""115144475419690078312"",""name"":""YAKAMOZ EMLAK GAYRİMENKUL DANIŞMANLIĞI (Owner)"",""link"":""https://www.google.com/maps/contrib/115144475419690078312""}","{""borough"":""Fevzi Çakmak"",""street"":""Yakamoz Emlak Gayrimenkul, Atışalanı Cd. No:32B"",""city"":""Esenler"",""postal_code"":""34200"",""state"":""İstanbul"",""country"":""TR""}","[{""id"":""service_options"",""name"":""Service options"",""options"":[{""name"":""On-site services"",""enabled"":true}]}]",[],null,
6dd7d639-603b-4ca5-b1d9-ccf2a2f9c326,https://www.google.com/maps/place/Mas+gayrimenkul/data=!4m7!3m6!1s0x14cab12418021f05:0x99e2a1c99e634354!8m2!3d41.0751049!4d28.8993047!16s%2Fg%2F11n106ntlt!19sChIJBR8CGCSxyhQRVENjnsmh4pk?authuser=0&hl=en&rclk=1,Mas gayrimenkul,Real estate agency,"Yeni Mahalle, Hacı Salihefendi Cd No:42, 34250 Gaziosmanpaşa/İstanbul, Türkiye","{""Friday"":[""8 am–9 pm""],""Monday"":[""8 am–9 pm""],""Saturday"":[""8:30 am–9 pm""],""Sunday"":[""10:30 am–9 pm""],""Thursday"":[""8 am–9 pm""],""Tuesday"":[""8 am–9 pm""],""Wednesday"":[""8 am–9 pm""]}",{},,+90 531 976 96 17,"3VGX+2P Gaziosmanpaşa, İstanbul, Türkiye",64,4.800000,"{""1"":3,""2"":0,""3"":0,""4"":0,""5"":61}",41.075105,28.899305,11088603119857386324,,,,https://lh3.googleusercontent.com/p/AF1QipNnwyAkRaiZfbOQzPD7Jj-WmKdMhKVCmu5QqQ49=w408-h306-k-no,Europe/Istanbul,,0x14cab12418021f05:0x99e2a1c99e634354,"[{""title"":""All"",""image"":""https://lh3.googleusercontent.com/p/AF1QipNnwyAkRaiZfbOQzPD7Jj-WmKdMhKVCmu5QqQ49=w397-h298-k-no""},{""title"":""Exterior"",""image"":""https://lh3.googleusercontent.com/gps-cs-s/AG0ilSyZST-0MzAJTh-59B1PlmuGEaH29e3miMBvR8vWXeAsqT6LP6baMnaD1S5xCoVKIDKRPpKdTpCwHEoMeVLTIBPU2WtOqdKcXooaFbj3NVM3FPzrlwZCMnwg0pz0CzG45zFuZzHh=w397-h298-k-no""},{""title"":""Inside"",""image"":""https://lh3.googleusercontent.com/gps-cs-s/AG0ilSxrul5rRc-xMZHMBwnt7yFUBD_Ln4PamzUsSQcLz8ZJ-yFsVBykIBSLTf1wkTjeDe8zz3r7WNRQEM0nLzANwGrULdp0FEwqnkOG7qpEZfUohdH0iaRLgzQGkPbSB7erRK3b1JQw=w224-h298-k-no""},{""title"":""By owner"",""image"":""https://lh3.googleusercontent.com/p/AF1QipOfcZamBzgGzGA1qrssBX-x1u05juIAItePQ9V2=w298-h298-k-no""},{""title"":""Street View \u0026 360°"",""image"":""https://streetviewpixels-pa.googleapis.com/v1/thumbnail?panoid=DCbrqTt8JhUZ4nMWq8rUPA\u0026cb_client=maps_sv.tactile.gps\u0026w=224\u0026h=298\u0026yaw=12.293216\u0026pitch=0\u0026thumbfov=100""}]",null,null,"{""link"":"""",""source"":""""}","{""id"":""105886734927456847071"",""name"":""Mas gayrimenkul (Owner)"",""link"":""https://www.google.com/maps/contrib/105886734927456847071""}","{""borough"":""Yeni"",""street"":""Hacı Salihefendi Cd No:42"",""city"":""Gaziosmanpaşa"",""postal_code"":""34250"",""state"":""İstanbul"",""country"":""TR""}","[{""id"":""service_options"",""name"":""Service options"",""options"":[{""name"":""Online appointments"",""enabled"":true},{""name"":""On-site services"",""enabled"":true}]}]",[],null,
6dd7d639-603b-4ca5-b1d9-ccf2a2f9c326,https://www.google.com/maps/place/Remax+Hayat+Gayrimenkul+Dan%C4%B1%C5%9Fmanl%C4%B1k/data=!4m7!3m6!1s0x14b558a00be39977:0x411f5b58314a06c!8m2!3d41.057985!4d28.6724921!16s%2Fg%2F11b7q6dm8j!19sChIJd5njC6BYtRQRbKAUg7X1EQQ?authuser=0&hl=en&rclk=1,Remax Hayat Gayrimenkul Danışmanlık,Real estate agency,"Aşık Veysel, Talat Paşa Cd No:34, 34510 Esenyurt/İstanbul, Türkiye","{""Friday"":[""8 am–8 pm""],""Monday"":[""8 am–8 pm""],""Saturday"":[""8 am–8 pm""],""Sunday"":[""8 am–8 pm""],""Thursday"":[""8 am–8 pm""],""Tuesday"":[""8 am–8 pm""],""Wednesday"":[""8 am–8 pm""]}",{},https://methodemlak.sahibinden.com/,+90 212 672 75 75,"3M5C+5X Esenyurt, İstanbul, Türkiye",8,3.300000,"{""1"":3,""2"":0,""3"":1,""4"":0,""5"":4}",41.057985,28.672492,293285610692845676,,,,https://streetviewpixels-pa.googleapis.com/v1/thumbnail?panoid=-EUXwDGLHoRJOba7IIaVFQ&cb_client=search.gws-prod.gps&w=408&h=240&yaw=257.97525&pitch=0&thumbfov=100,Europe/Istanbul,,0x14b558a00be39977:0x411f5b58314a06c,"[{""title"":""All"",""image"":""https://streetviewpixels-pa.googleapis.com/v1/thumbnail?panoid=-EUXwDGLHoRJOba7IIaVFQ\u0026cb_client=maps_sv.tactile.gps\u0026w=224\u0026h=298\u0026yaw=257.97525\u0026pitch=0\u0026thumbfov=100""},{""title"":""Real Estate"",""image"":""//lh3.googleusercontent.com/_s7iwaTGGFCrAqic2xefHZWohbRFnlEmMY_N_u_skZT6K6pY4gFelYHeanM6-ksT=w397-h298-k-no""},{""title"":""Street View \u0026 360°"",""image"":""https://streetviewpixels-pa.googleapis.com/v1/thumbnail?panoid=-EUXwDGLHoRJOba7IIaVFQ\u0026cb_client=maps_sv.tactile.gps\u0026w=224\u0026h=298\u0026yaw=257.97525\u0026pitch=0\u0026thumbfov=100""}]",null,null,"{""link"":"""",""source"":""""}","{""id"":"""",""name"":""Remax Hayat Gayrimenkul Danışmanlık (Owner)"",""link"":""""}","{""borough"":""Aşık Veysel"",""street"":""Talat Paşa Cd No:34"",""city"":""Esenyurt"",""postal_code"":""34510"",""state"":""İstanbul"",""country"":""TR""}","[{""id"":""accessibility"",""name"":""Accessibility"",""options"":[{""name"":""Wheelchair-accessible car park"",""enabled"":true}]}]",[],null,
6dd7d639-603b-4ca5-b1d9-ccf2a2f9c326,https://www.google.com/maps/place/Emlaktur+Gayrimenkul/data=!4m7!3m6!1s0x14caaf348af1fbcf:0x4f0256d7e647acd7!8m2!3d41.1313324!4d28.7803977!16s%2Fg%2F11j6_s0s3z!19sChIJz_vxijSvyhQR16xH5tdWAk8?authuser=0&hl=en&rclk=1,Emlaktur Gayrimenkul,Real estate agency,"Kayabaşı Mah. Gökçeada Cad. No:8IA 24.Bölge, 34494 Başakşehir/İstanbul, Türkiye",{},{},https://emlaktur.com.tr/,+90 212 777 97 99,"4QJJ+G5 Başakşehir, İstanbul, Türkiye",14,4.800000,"{""1"":0,""2"":0,""3"":1,""4"":1,""5"":12}",41.131332,28.780398,5693208364231142615,,,,https://lh3.googleusercontent.com/p/AF1QipPjmvXUxD2ooq9b3d3uWnyWAt9taLmScO-dIWVc=w408-h306-k-no,Europe/Istanbul,,0x14caaf348af1fbcf:0x4f0256d7e647acd7,"[{""title"":""All"",""image"":""https://lh3.googleusercontent.com/p/AF1QipPjmvXUxD2ooq9b3d3uWnyWAt9taLmScO-dIWVc=w397-h298-k-no""},{""title"":""Exterior"",""image"":""https://lh3.googleusercontent.com/p/AF1QipPlIR2B0F_WDj5rFAllSidUO5oAKFtlefyO6Qf_=w397-h298-k-no""},{""title"":""Inside"",""image"":""https://lh3.googleusercontent.com/p/AF1QipNgdwnf89m3jxYi7s9njfyPDVHYYSz0ccddZyuz=w397-h298-k-no""},{""title"":""By owner"",""image"":""https://lh3.googleusercontent.com/p/AF1QipOqxNqriATJxuseF0CtLzCzP4-VoUvlpzUGiL9o=w397-h298-k-no""}]",null,"[{""link"":""https://emlakturgayrimenkul.sahibinden.com/"",""source"":""sahibinden.com""}]","{""link"":"""",""source"":""""}","{""id"":""104810827684253074866"",""name"":""Emlaktur Gayrimenkul (Owner)"",""link"":""https://www.google.com/maps/contrib/104810827684253074866""}","{""borough"":""Kayabaşı"",""street"":""Kayabaşı Mah. Gökçeada Cad. No:8IA 24.Bölge"",""city"":""Başakşehir"",""postal_code"":""34494"",""state"":""İstanbul"",""country"":""TR""}","[{""id"":""service_options"",""name"":""Service options"",""options"":[{""name"":""Online appointments"",""enabled"":true},{""name"":""On-site services"",""enabled"":true}]},{""id"":""accessibility"",""name"":""Accessibility"",""options"":[{""name"":""Wheelchair-accessible car park"",""enabled"":true},{""name"":""Wheelchair-accessible entrance"",""enabled"":true}]}]",[],null,
6dd7d639-603b-4ca5-b1d9-ccf2a2f9c326,https://www.google.com/maps/place/Temistanbul+Gayrimenkul/data=!4m7!3m6!1s0x14cab1f0a4103edb:0x18c35cae5a07af13!8m2!3d41.0896845!4d28.9017389!16s%2Fg%2F11p10qxj8n!19sChIJ2z4QpPCxyhQRE68HWq5cwxg?authuser=0&hl=en&rclk=1,Temistanbul Gayrimenkul,Real estate agent,"KARAYOLLARI, AVRUPA KONUTLARI TEM SİTESİ ONUR MARKET ALTI, 34255 Gaziosmanpaşa/İstanbul, Türkiye","{""Friday"":[""9 am–6 pm""],""Monday"":[""9 am–6 pm""],""Saturday"":[""9 am–6 pm""],""Sunday"":[""12–4 pm""],""Thursday"":[""9 am–6 pm""],""Tuesday"":[""9 am–6 pm""],""Wednesday"":[""9 am–6 pm""]}",{},https://www.facebook.com/temistanbulgayrimenkul,+90 533 547 35 35,"3WQ2+VM Gaziosmanpaşa, İstanbul, Türkiye",10,4.600000,"{""1"":1,""2"":0,""3"":0,""4"":0,""5"":9}",41.089684,28.901739,1784371781273366291,,,,https://lh3.googleusercontent.com/p/AF1QipPxxWKNmceiHs7-6K7LYNEgveMCj7r4_m1_dRt6=w408-h306-k-no,Europe/Istanbul,,0x14cab1f0a4103edb:0x18c35cae5a07af13,"[{""title"":""All"",""image"":""https://lh3.googleusercontent.com/p/AF1QipPxxWKNmceiHs7-6K7LYNEgveMCj7r4_m1_dRt6=w397-h298-k-no""},{""title"":""Exterior"",""image"":""https://lh3.googleusercontent.com/p/AF1QipM1G9RJJaY4VL5G5OXdgt-opLWSDH349aIwwVt6=w529-h298-k-no""},{""title"":""Videos"",""image"":""https://lh3.googleusercontent.com/p/AF1QipPzYPcP6Wuq-CA-3mj-2CO2DmMgoBDqKuEp1XVA=w224-h398-k-no""},{""title"":""Interior design"",""image"":""https://lh3.googleusercontent.com/p/AF1QipNbw7jnmI2kbucF3M_2fgZZMVn8okpRxdPas79k=w224-h298-k-no""},{""title"":""Landscape"",""image"":""https://lh3.googleusercontent.com/p/AF1QipOwuRabuy4iLLTxEljxCOnZLRMw_d3GV5gVyTJk=w269-h298-k-no""},{""title"":""By owner"",""image"":""https://lh3.googleusercontent.com/p/AF1QipPzYPcP6Wuq-CA-3mj-2CO2DmMgoBDqKuEp1XVA=w224-h398-k-no""}]",null,null,"{""link"":"""",""source"":""""}","{""id"":""101789913069466892290"",""name"":""Temistanbul Gayrimenkul (Owner)"",""link"":""https://www.google.com/maps/contrib/101789913069466892290""}","{""borough"":""Karayolları"",""street"":""KARAYOLLARI, AVRUPA KONUTLARI TEM SİTESİ ONUR MARKET ALTI"",""city"":""Gaziosmanpaşa"",""postal_code"":""34255"",""state"":""İstanbul"",""country"":""TR""}","[{""id"":""service_options"",""name"":""Service options"",""options"":[{""name"":""On-site services"",""enabled"":true},{""name"":""Online appointments"",""enabled"":false}]}]",[],null,
6dd7d639-603b-4ca5-b1d9-ccf2a2f9c326,https://www.google.com/maps/place/EVSTORE+Gayrimenkul+Ak%C4%B1n+%C3%87i%C3%A7ek%C3%A7i/data=!4m7!3m6!1s0x14caa30a172975f1:0xff0e0c8665988719!8m2!3d40.9884928!4d28.845782!16s%2Fg%2F11q1q6ljt8!19sChIJ8XUpFwqjyhQRGYeYZYYMDv8?authuser=0&hl=en&rclk=1,EVSTORE Gayrimenkul Akın Çiçekçi,Real estate agent,"Ataköy 7-8-9-10 Mahalle Atrium Avm Üst Kat No:146, 34158 Bakırköy/İstanbul, Türkiye",{},{},http://www.evstoreatakoy.com/,+90 532 333 03 01,"XRQW+98 Bakırköy, İstanbul, Türkiye",54,4.900000,"{""1"":1,""2"":0,""3"":0,""4"":0,""5"":53}",40.988493,28.845782,18378640900715218713,,,,https://lh3.googleusercontent.com/p/AF1QipO0hFphzByA5a_E3PDtLpIxWqjSbx6pzIpJEZms=w426-h240-k-no,Europe/Istanbul,,0x14caa30a172975f1:0xff0e0c8665988719,"[{""title"":""All"",""image"":""https://lh3.googleusercontent.com/p/AF1QipO0hFphzByA5a_E3PDtLpIxWqjSbx6pzIpJEZms=w529-h298-k-no""},{""title"":""Inside"",""image"":""https://lh3.googleusercontent.com/p/AF1QipM3ox3NFQ0gSnGOIGOkqOKb5lsNdLByCNMYtDz-=w397-h298-k-no""},{""title"":""Interior design"",""image"":""https://lh3.googleusercontent.com/p/AF1QipNCYD6gFSUdlfRClT6SQWBip6GgiiwwbWzrxRws=w397-h298-k-no""},{""title"":""By owner"",""image"":""https://lh3.googleusercontent.com/p/AF1QipNftzbyiMuJ4SEkjZ9yQ3VfxkAjH4YT8TDACF60=w397-h298-k-no""}]",null,null,"{""link"":"""",""source"":""""}","{""id"":""116346991940936983781"",""name"":""EVSTORE Gayrimenkul Akın Çiçekçi (Owner)"",""link"":""https://www.google.com/maps/contrib/116346991940936983781""}","{""borough"":""Ataköy 7-8-9-10"",""street"":""Ataköy 7-8-9-10 Mahalle Atrium Avm Üst Kat No:146"",""city"":""Bakırköy"",""postal_code"":""34158"",""state"":""İstanbul"",""country"":""TR""}","[{""id"":""service_options"",""name"":""Service options"",""options"":[{""name"":""Online appointments"",""enabled"":true},{""name"":""On-site services"",""enabled"":true}]},{""id"":""accessibility"",""name"":""Accessibility"",""options"":[{""name"":""Wheelchair-accessible entrance"",""enabled"":true},{""name"":""Wheelchair-accessible seating"",""enabled"":true},{""name"":""Wheelchair-accessible toilet"",""enabled"":true}]},{""id"":""amenities"",""name"":""Amenities"",""options"":[{""name"":""Gender-neutral toilets"",""enabled"":true}]}]",[],null,
6dd7d639-603b-4ca5-b1d9-ccf2a2f9c326,https://www.google.com/maps/place/Televi+Gayrimenkul/data=!4m7!3m6!1s0x14cab7093c6d625f:0x78617d0a75f801d0!8m2!3d41.0519062!4d28.9922324!16s%2Fg%2F11hbc4jpjm!19sChIJX2JtPAm3yhQR0AH4dQp9YXg?authuser=0&hl=en&rclk=1,Televi Gayrimenkul,Real estate agency,"Teşvikiye Valikonağı Caddesi, Akkavak Sk. No 17, 34365 Şişli, Türkiye","{""Friday"":[""9 am–6 pm""],""Monday"":[""9 am–6 pm""],""Saturday"":[""Closed""],""Sunday"":[""Closed""],""Thursday"":[""9 am–6 pm""],""Tuesday"":[""9 am–6 pm""],""Wednesday"":[""9 am–6 pm""]}",{},http://www.televigayrimenkul.com/,+90 212 296 69 03,"3X2R+QV Şişli, İstanbul, Türkiye",11,4.600000,"{""1"":1,""2"":0,""3"":0,""4"":0,""5"":10}",41.051906,28.992232,8674351841174618576,,,,https://streetviewpixels-pa.googleapis.com/v1/thumbnail?panoid=aR1mDzpFwDgt55ZU4HF8fQ&cb_client=search.gws-prod.gps&w=408&h=240&yaw=226.11224&pitch=0&thumbfov=100,Europe/Istanbul,,0x14cab7093c6d625f:0x78617d0a75f801d0,"[{""title"":""All"",""image"":""https://streetviewpixels-pa.googleapis.com/v1/thumbnail?panoid=aR1mDzpFwDgt55ZU4HF8fQ\u0026cb_client=maps_sv.tactile.gps\u0026w=224\u0026h=298\u0026yaw=226.11224\u0026pitch=0\u0026thumbfov=100""},{""title"":""Exterior"",""image"":""https://lh3.googleusercontent.com/gps-cs-s/AG0ilSwpg4CkcTPB5mrNyeMfauypQmV9CW7T4j53q2YjqLWFZJk4ajWW39XmaxREnePqg_yiZf5W0MdSPgLy2jDStZPoPwQrI7TSYCxXfYEy-85fz1aZxF8g3CK2tTI1PPP7INTh8BE=w301-h298-k-no""},{""title"":""Real Estate"",""image"":""https://lh3.googleusercontent.com/p/AF1QipNQtJ7E2qAdizAkC090tw7NaCvLz8Y0qc71E0FP=w301-h298-k-no""},{""title"":""By owner"",""image"":""https://lh3.googleusercontent.com/p/AF1QipODMNFpgG6y7w9--HL2uh1JZ9-s0JPfFJRXwdeD=w224-h313-k-no""},{""title"":""Street View \u0026 360°"",""image"":""https://streetviewpixels-pa.googleapis.com/v1/thumbnail?panoid=aR1mDzpFwDgt55ZU4HF8fQ\u0026cb_client=maps_sv.tactile.gps\u0026w=224\u0026h=298\u0026yaw=226.11224\u0026pitch=0\u0026thumbfov=100""}]",null,null,"{""link"":"""",""source"":""""}","{""id"":""106449485956057643013"",""name"":""Televi Gayrimenkul (Owner)"",""link"":""https://www.google.com/maps/contrib/106449485956057643013""}","{""borough"":""Teşvikiye"",""street"":""Teşvikiye Valikonağı Caddesi, Akkavak Sk. No 17"",""city"":""Şişli"",""postal_code"":""34365"",""state"":""İstanbul"",""country"":""TR""}","[{""id"":""service_options"",""name"":""Service options"",""options"":[{""name"":""Online appointments"",""enabled"":true},{""name"":""On-site services"",""enabled"":true}]},{""id"":""accessibility"",""name"":""Accessibility"",""options"":[{""name"":""Wheelchair-accessible seating"",""enabled"":true},{""name"":""Wheelchair-accessible toilet"",""enabled"":true}]},{""id"":""amenities"",""name"":""Amenities"",""options"":[{""name"":""Gender-neutral toilets"",""enabled"":true}]},{""id"":""planning"",""name"":""Planning"",""options"":[{""name"":""Appointment required"",""enabled"":true}]},{""id"":""parking"",""name"":""Parking"",""options"":[{""name"":""Paid multi-storey car park"",""enabled"":true},{""name"":""Paid parking lot"",""enabled"":true},{""name"":""Paid street parking"",""enabled"":true}]}]",[],null,
6dd7d639-603b-4ca5-b1d9-ccf2a2f9c326,https://www.google.com/maps/place/Hisar+Gayrimenkul/data=!4m7!3m6!1s0x14cab05fc9892797:0xa43c0a2ae3a2b78d!8m2!3d41.0714649!4d28.9037778!16s%2Fg%2F11ddwx_xtb!19sChIJlyeJyV-wyhQRjbei4yoKPKQ?authuser=0&hl=en&rclk=1,Hisar Gayrimenkul,Real estate consultant,"Fevzi Çakmak, Gebzeli Cd. 14 C, 34255 Gaziosmanpaşa/İstanbul, Türkiye","{""Friday"":[""9 am–7 pm""],""Monday"":[""9 am–7 pm""],""Saturday"":[""9 am–7 pm""],""Sunday"":[""12–7 pm""],""Thursday"":[""9 am–7 pm""],""Tuesday"":[""9 am–7 pm""],""Wednesday"":[""9 am–7 pm""]}",{},,+90 212 537 08 45,"3WC3+HG Gaziosmanpaşa, İstanbul, Türkiye",16,4.700000,"{""1"":1,""2"":0,""3"":0,""4"":1,""5"":14}",41.071465,28.903778,11834345100146816909,,,,https://lh3.googleusercontent.com/p/AF1QipOs_wN4HBptvOcJFwKunx1O2UXpCzXfHlcJOGmm=w408-h544-k-no,Europe/Istanbul,,0x14cab05fc9892797:0xa43c0a2ae3a2b78d,"[{""title"":""All"",""image"":""https://lh3.googleusercontent.com/p/AF1QipOs_wN4HBptvOcJFwKunx1O2UXpCzXfHlcJOGmm=w224-h298-k-no""},{""title"":""Exterior"",""image"":""https://lh3.googleusercontent.com/p/AF1QipO1kt8X8aKVvMKQOLi-NeoltMsTAz0c6_EgP0FA=w224-h298-k-no""},{""title"":""By owner"",""image"":""https://lh3.googleusercontent.com/p/AF1QipNT0LtME7A2QRtuPYxHj5jfIp4n903t5kJiX1GY=w224-h298-k-no""},{""title"":""Street View \u0026 360°"",""image"":""https://streetviewpixels-pa.googleapis.com/v1/thumbnail?panoid=S2HVUIr0XzR89cAyJajFjA\u0026cb_client=maps_sv.tactile.gps\u0026w=224\u0026h=298\u0026yaw=136.41399\u0026pitch=0\u0026thumbfov=100""}]",null,null,"{""link"":"""",""source"":""""}","{""id"":""101850125326383670393"",""name"":""Hisar Gayrimenkul (Owner)"",""link"":""https://www.google.com/maps/contrib/101850125326383670393""}","{""borough"":""Fevzi Çakmak"",""street"":""Gebzeli Cd. 14 C"",""city"":""Gaziosmanpaşa"",""postal_code"":""34255"",""state"":""İstanbul"",""country"":""TR""}",null,[],null,
6dd7d639-603b-4ca5-b1d9-ccf2a2f9c326,https://www.google.com/maps/place/Depar+Gayrimenkul/data=!4m7!3m6!1s0x14cac786c7fbc0e1:0x59004089f39ac128!8m2!3d40.982871!4d29.0378582!16s%2Fg%2F11bz0bj93q!19sChIJ4cD7x4bHyhQRKMGa84lAAFk?authuser=0&hl=en&rclk=1,Depar Gayrimenkul,Real estate agency,"Zühtüpaşa, Itri Dede Sokağı No:32/b, 34724 Kadıköy/İstanbul, Türkiye",{},{},,+90 216 418 49 69,"X2MQ+44 Kadıköy, İstanbul, Türkiye",29,5.000000,"{""1"":0,""2"":0,""3"":0,""4"":0,""5"":29}",40.982871,29.037858,6413196830617289000,,,,https://lh3.googleusercontent.com/p/AF1QipPq6JEZYUnv7GfypYSmTXB4-ZH4aJuzZXfhgnVw=w408-h544-k-no,Europe/Istanbul,,0x14cac786c7fbc0e1:0x59004089f39ac128,"[{""title"":""All"",""image"":""https://lh3.googleusercontent.com/p/AF1QipPq6JEZYUnv7GfypYSmTXB4-ZH4aJuzZXfhgnVw=w224-h298-k-no""},{""title"":""Exterior"",""image"":""https://lh3.googleusercontent.com/p/AF1QipNvGPlsIOW_jFqFf9Q9w-mTbjcPssFHOXoFL9CL=w397-h298-k-no""},{""title"":""Videos"",""image"":""https://lh3.googleusercontent.com/p/AF1QipM8L_xIwkNdj-pxlFpQ1VNSeOI_uT-_Gw2J-V_I=w224-h398-k-no""},{""title"":""Real Estate"",""image"":""https://lh3.googleusercontent.com/gps-cs-s/AG0ilSxtsmZXrvbXX70Hx65NtwCQspwQ_6QGqOC5MnmVaMSx9P0-9okwtOZ3cVtxzwtZ1lb5Nb8h8LY024Flw_Z61tp24Kv6UJBnCmm8U9xNsvXGgnvz95b17DMli11Fyofl0M5tCFGX=w397-h298-k-no""},{""title"":""By owner"",""image"":""https://lh3.googleusercontent.com/p/AF1QipM8L_xIwkNdj-pxlFpQ1VNSeOI_uT-_Gw2J-V_I=w224-h398-k-no""},{""title"":""Street View \u0026 360°"",""image"":""https://streetviewpixels-pa.googleapis.com/v1/thumbnail?panoid=89xhISudiFLutOXPOtJvLA\u0026cb_client=maps_sv.tactile.gps\u0026w=224\u0026h=298\u0026yaw=33.756588\u0026pitch=0\u0026thumbfov=100""}]",null,null,"{""link"":"""",""source"":""""}","{""id"":""115883392737599268732"",""name"":""Depar Gayrimenkul (Owner)"",""link"":""https://www.google.com/maps/contrib/115883392737599268732""}","{""borough"":""Zühtüpaşa"",""street"":""Itri Dede Sokağı No:32/b"",""city"":""Kadıköy"",""postal_code"":""34724"",""state"":""İstanbul"",""country"":""TR""}","[{""id"":""service_options"",""name"":""Service options"",""options"":[{""name"":""On-site services"",""enabled"":true}]}]",[],null,
6dd7d639-603b-4ca5-b1d9-ccf2a2f9c326,https://www.google.com/maps/place/C%C4%B0HAN+EMLAK+GAYR%C4%B0MENKUL/data=!4m7!3m6!1s0x14caa3e30e66919b:0x92db14634be3c98e!8m2!3d40.9941246!4d28.8426626!16s%2Fg%2F11h32z8r04!19sChIJm5FmDuOjyhQRjsnjS2MU25I?authuser=0&hl=en&rclk=1,CİHAN EMLAK GAYRİMENKUL,Real estate agency,"Mahmutbey cad. 15. sokak no 20 şirinevler mahallesi, 34510 Bahçelievler/İstanbul, Türkiye",{},{},http://www.cihanemlak.com.tr/,+90 532 278 37 13,"XRVV+J3 Bahçelievler, İstanbul, Türkiye",103,4.800000,"{""1"":5,""2"":0,""3"":0,""4"":1,""5"":97}",40.994125,28.842663,10582074166144649614,,,,https://lh3.googleusercontent.com/gps-cs-s/AG0ilSyT7050ITb5qsICvmrkY-mCEnWwExLrvDcCF9b3mXb2HpSaM_DNu8DGnhyEWoKG_HzdfzDiL3CAApg-fMDhgzeGW8XbwGdcrvCPEcy7zIPPEK6RpNhNQ6GmNY-habzk2kt-zA9DIw=w408-h408-k-no,Europe/Istanbul,,0x14caa3e30e66919b:0x92db14634be3c98e,"[{""title"":""All"",""image"":""https://lh3.googleusercontent.com/gps-cs-s/AG0ilSyT7050ITb5qsICvmrkY-mCEnWwExLrvDcCF9b3mXb2HpSaM_DNu8DGnhyEWoKG_HzdfzDiL3CAApg-fMDhgzeGW8XbwGdcrvCPEcy7zIPPEK6RpNhNQ6GmNY-habzk2kt-zA9DIw=w298-h298-k-no""},{""title"":""By owner"",""image"":""https://lh3.googleusercontent.com/p/AF1QipMyJ8VMWNEd01R6O2Zor8FRQjDyGfqTsVps-FMg=w530-h298-k-no""},{""title"":""Street View \u0026 360°"",""image"":""https://streetviewpixels-pa.googleapis.com/v1/thumbnail?panoid=Y8KH3sTTrm4dp4ZVHumMWA\u0026cb_client=maps_sv.tactile.gps\u0026w=224\u0026h=298\u0026yaw=334.49255\u0026pitch=0\u0026thumbfov=100""}]",null,null,"{""link"":"""",""source"":""""}","{""id"":""116849222893150462628"",""name"":""CİHAN EMLAK GAYRİMENKUL (Owner)"",""link"":""https://www.google.com/maps/contrib/116849222893150462628""}","{""borough"":""Hürriyet"",""street"":""Mahmutbey cad. 15. sokak no 20 şirinevler mahallesi"",""city"":""Bahçelievler"",""postal_code"":""34510"",""state"":""İstanbul"",""country"":""TR""}","[{""id"":""service_options"",""name"":""Service options"",""options"":[{""name"":""Online appointments"",""enabled"":true},{""name"":""On-site services"",""enabled"":true}]},{""id"":""accessibility"",""name"":""Accessibility"",""options"":[{""name"":""Wheelchair-accessible seating"",""enabled"":true},{""name"":""Wheelchair-accessible toilet"",""enabled"":true}]},{""id"":""amenities"",""name"":""Amenities"",""options"":[{""name"":""Gender-neutral toilets"",""enabled"":true}]}]",[],null,
6dd7d639-603b-4ca5-b1d9-ccf2a2f9c326,https://www.google.com/maps/place/K%C4%B1z%C4%B1la%C4%9Fa%C3%A7+Yap%C4%B1+Ve+Gayrimenkul/data=!4m7!3m6!1s0x14b55f5ee5de2555:0x4f04fdd121db6863!8m2!3d41.0266882!4d28.6704573!16s%2Fg%2F1hc8148wv!19sChIJVSXe5V5ftRQRY2jbIdH9BE8?authuser=0&hl=en&rclk=1,Kızılağaç Yapı Ve Gayrimenkul,Housing development,"Talatpaşa, 1022. Sk., 34513 Esenyurt/İstanbul, Türkiye",{},{},,,,238,3.400000,"{""1"":59,""2"":22,""3"":32,""4"":22,""5"":103}",41.026688,28.670457,5693954903561168995,,,,https://lh3.googleusercontent.com/gps-cs-s/AG0ilSxcNjR2QQx3EBBWprjt9yqbbqG3qYC1uZzROgCsUDNP8fGdo8yYd3DtdmVKeM6HU8LtGVxlaOPEt7gWoOgsedleyieiJ2WO5UHy85h5RoLKpVm6uhRG1Z3CnY5CqQ8wPhe07Nk=w408-h544-k-no,Europe/Istanbul,,0x14b55f5ee5de2555:0x4f04fdd121db6863,"[{""title"":""All"",""image"":""https://lh3.googleusercontent.com/gps-cs-s/AG0ilSxcNjR2QQx3EBBWprjt9yqbbqG3qYC1uZzROgCsUDNP8fGdo8yYd3DtdmVKeM6HU8LtGVxlaOPEt7gWoOgsedleyieiJ2WO5UHy85h5RoLKpVm6uhRG1Z3CnY5CqQ8wPhe07Nk=w224-h298-k-no""},{""title"":""Exterior"",""image"":""https://lh3.googleusercontent.com/gps-cs-s/AG0ilSx9YPbzVkDmiCUz96u6wX6CA0GMHl-z2Cr2VVYp2jJO5c7vjyVFkltVrBeUeJ0xWxZXxtpanboNr_uEUDKTEHsCGKGqE-nlJWVKZ9Q4ZmiuZTJ7ryFcqpw-fGcoG5FQHIHbvgw=w224-h398-k-no""},{""title"":""Videos"",""image"":""https://lh3.googleusercontent.com/gps-cs-s/AG0ilSwchId61w8ri_nxRAuVtNgyOjvj2uQ0TNIylpylzwrYuxBJyD7bAWzKcqEVX5Flxs8DqslglAX7lGmZ6shS4YX9wFi1GkJd5qc4UGFwn13olC59d0mlGgrMFJHm_JpKs8kviPS0=w224-h398-k-no""},{""title"":""Food \u0026 drink"",""image"":""https://lh3.googleusercontent.com/gps-cs-s/AG0ilSzualELIod1M0d9jJjiuD0fghTQn14cz-cS-wiLAW_ojbbdKTd6se3TKKE1xwmQXpAAEhJs0meaFGSWctDPHFixNumt-YHEmp2BFLfKIdpAs9YKN2KMh427U0vC6Cj95G4laCgF=w529-h298-k-no""},{""title"":""From visitors"",""image"":""https://lh3.googleusercontent.com/gps-cs-s/AG0ilSwgoz0BTWIJ041EpDxHsMk3bzc3IwLnnNioFoPAd5biPywRcNX1Y8ekxvGi0sNWhEnwoQXz2s7VSATuSKiQ8PgmMX-ErSNv_zbL6EVTCHt-y3usiwzkzydGH5rTOpkyOtwgNr4k7w=w224-h398-k-no""},{""title"":""Street View \u0026 360°"",""image"":""https://streetviewpixels-pa.googleapis.com/v1/thumbnail?panoid=micOtxI3kCBxhT5pj2CaTQ\u0026cb_client=maps_sv.tactile.gps\u0026w=224\u0026h=298\u0026yaw=62.642506\u0026pitch=0\u0026thumbfov=100""}]",null,"[{""link"":""https://wa.me/message/UQ3JNWHSZYCIE1"",""source"":""wa.me""}]","{""link"":"""",""source"":""""}","{""id"":"""",""name"":""Kızılağaç Yapı Ve Gayrimenkul (Owner)"",""link"":""""}","{""borough"":"""",""street"":"""",""city"":"""",""postal_code"":"""",""state"":"""",""country"":""""}","[{""id"":""accessibility"",""name"":""Accessibility"",""options"":[{""name"":""Wheelchair-accessible car park"",""enabled"":true},{""name"":""Wheelchair-accessible entrance"",""enabled"":true}]}]",[],null,
6dd7d639-603b-4ca5-b1d9-ccf2a2f9c326,https://www.google.com/maps/place/Mega+gayrimenkul/data=!4m7!3m6!1s0x14caa3a194608723:0xf8c9deda328e751!8m2!3d40.991886!4d28.7687782!16s%2Fg%2F11r10c_n44!19sChIJI4dglKGjyhQRUecoo-2djA8?authuser=0&hl=en&rclk=1,Mega gayrimenkul,Real estate agency,"Fatih, Professor Doctor Aziz Sancar Cd 21-1, 34290 Küçükçekmece/İstanbul, Türkiye","{""Friday"":[""9 am–6 pm""],""Monday"":[""9 am–6:30 pm""],""Saturday"":[""9 am–6:30 pm""],""Sunday"":[""Closed""],""Thursday"":[""9:30 am–6:30 pm""],""Tuesday"":[""9 am–6:30 pm""],""Wednesday"":[""9 am–6:30 pm""]}",{},,+90 538 054 08 73,"XQR9+QG Küçükçekmece, İstanbul, Türkiye",5,4.800000,"{""1"":0,""2"":0,""3"":0,""4"":1,""5"":4}",40.991886,28.768778,1120444051278587729,,,,https://lh3.googleusercontent.com/p/AF1QipNtJ7A5MZLi-b0WOhW_5utwPIU6Q0TPuh5eUZp3=w408-h544-k-no,Europe/Istanbul,,0x14caa3a194608723:0xf8c9deda328e751,"[{""title"":""All"",""image"":""https://lh3.googleusercontent.com/p/AF1QipNtJ7A5MZLi-b0WOhW_5utwPIU6Q0TPuh5eUZp3=w224-h298-k-no""},{""title"":""Exterior"",""image"":""https://lh3.googleusercontent.com/gps-cs-s/AG0ilSzJgaSq7qozEWZPGkrUNpdPJt-a50yFnLf5YZr204TVFdbNl_bXBzlVF7vBY1PeyG6rOmhPmAJumvkPOT7TC3pqykJPC0vsi2nykYbrPI9XygApV6ZzqwwwyKSqkMhbOomnsCSC=w224-h468-k-no""},{""title"":""Videos"",""image"":""https://lh3.googleusercontent.com/gps-cs-s/AG0ilSwPCrzd1c0pm4Wpk8ixijpXPsxgsm6bTY-7b2NIhumbqF8xz3bTbiYga4bnHfGgYQ1b-hjAbL-HYmOLyKLW9YcfhdIsk_jCbHFvk76CAIbURuFle_TQxZHB405yV3u8rtubuCECVA=w224-h398-k-no""},{""title"":""By owner"",""image"":""https://lh3.googleusercontent.com/p/AF1QipMlARTIye_JoUvyFxB3a-YNHnaiqMAXTabSbCe1=w224-h298-k-no""}]",null,null,"{""link"":"""",""source"":""""}","{""id"":""112543994743108841202"",""name"":""Mega gayrimenkul (Owner)"",""link"":""https://www.google.com/maps/contrib/112543994743108841202""}","{""borough"":""Fatih"",""street"":""Professor Doctor Aziz Sancar Cd 21-1"",""city"":""Küçükçekmece"",""postal_code"":""34290"",""state"":""İstanbul"",""country"":""TR""}","[{""id"":""service_options"",""name"":""Service options"",""options"":[{""name"":""Online appointments"",""enabled"":true},{""name"":""On-site services"",""enabled"":true}]},{""id"":""accessibility"",""name"":""Accessibility"",""options"":[{""name"":""Wheelchair-accessible car park"",""enabled"":true},{""name"":""Wheelchair-accessible entrance"",""enabled"":true},{""name"":""Wheelchair-accessible seating"",""enabled"":true},{""name"":""Wheelchair-accessible toilet"",""enabled"":true}]}]",[],null,
6dd7d639-603b-4ca5-b1d9-ccf2a2f9c326,https://www.google.com/maps/place/%C4%B0maj+Plus+Gayrimenkul+Dan%C4%B1%C5%9Fmanl%C4%B1k+-+%C4%B0n%C5%9Faat+%26+Proje+Y%C3%B6netimi/data=!4m7!3m6!1s0x14cab7096b9ffddd:0x161df917e65c47eb!8m2!3d41.0499626!4d28.992785!16s%2Fg%2F1hc54py1h!19sChIJ3f2fawm3yhQR60dc5hf5HRY?authuser=0&hl=en&rclk=1,İmaj Plus Gayrimenkul Danışmanlık - İnşaat & Proje Yönetimi,Real estate consultant,"Abdi İpekçi Cd. Bostan Sk., Hayat Apt. No:4 Kat:5 Daire:6, Harbiye Mh. / Nişantaşı, 34367 Şişli/İstanbul, Türkiye",{},{},,+90 212 291 25 55,"2XXV+X4 Şişli, İstanbul, Türkiye",5,5.000000,"{""1"":0,""2"":0,""3"":0,""4"":0,""5"":5}",41.049963,28.992785,1593703724203395051,,,,https://lh3.googleusercontent.com/p/AF1QipMDsHJdr3V4g3ytImSXayA2IuF0ljjLlkVY7Lxq=w408-h544-k-no,Europe/Istanbul,,0x14cab7096b9ffddd:0x161df917e65c47eb,"[{""title"":""All"",""image"":""https://lh3.googleusercontent.com/p/AF1QipMDsHJdr3V4g3ytImSXayA2IuF0ljjLlkVY7Lxq=w224-h298-k-no""},{""title"":""By owner"",""image"":""https://lh3.googleusercontent.com/p/AF1QipO3bvREjgZ6fdcII7O_27FiS_3ZaytSUkdVsg97=w224-h298-k-no""}]",null,null,"{""link"":"""",""source"":""""}","{""id"":""111053038957340019630"",""name"":""İmaj Plus Gayrimenkul Danışmanlık - İnşaat \u0026 Proje Yönetimi (Owner)"",""link"":""https://www.google.com/maps/contrib/111053038957340019630""}","{""borough"":""Harbiye"",""street"":""Abdi İpekçi Cd. Bostan Sk., Hayat Apt. No:4 Kat:5 Daire:6, Harbiye Mh. / Nişantaşı"",""city"":""Şişli"",""postal_code"":""34367"",""state"":""İstanbul"",""country"":""TR""}","[{""id"":""planning"",""name"":""Planning"",""options"":[{""name"":""Appointment required"",""enabled"":true}]}]",[],null,
6dd7d639-603b-4ca5-b1d9-ccf2a2f9c326,https://www.google.com/maps/place/D%26B+GAYR%C4%B0MENKUL+DANI%C5%9EMANLIK+ORGAN%C4%B0ZASYON/data=!4m7!3m6!1s0x14cab09cc8552a3d:0xee20e90f76e11fd6!8m2!3d41.050821!4d28.9183982!16s%2Fg%2F11c5_ry1rd!19sChIJPSpVyJywyhQR1h_hdg_pIO4?authuser=0&hl=en&rclk=1,D&B GAYRİMENKUL DANIŞMANLIK ORGANİZASYON,Real estate agency,"Yeni mahalle, Reşadiye Cd. no: 66/B, 34000 Rami/Eyüpsultan/İstanbul, Türkiye","{""Friday"":[""9 am–7 pm""],""Monday"":[""9 am–7 pm""],""Saturday"":[""9 am–7 pm""],""Sunday"":[""9 am–7 pm""],""Thursday"":[""9 am–7 pm""],""Tuesday"":[""9 am–7 pm""],""Wednesday"":[""9 am–7 pm""]}",{},,+90 533 468 90 67,"3W29+89 Eyüpsultan, İstanbul, Türkiye",89,4.700000,"{""1"":7,""2"":0,""3"":0,""4"":0,""5"":82}",41.050821,28.918398,17158970832909836246,,,,https://lh3.googleusercontent.com/p/AF1QipPu0JLRJA9GpeRQntbPCP87weLDN6NXq4yYQKq4=w408-h456-k-no,Europe/Istanbul,,0x14cab09cc8552a3d:0xee20e90f76e11fd6,"[{""title"":""All"",""image"":""https://lh3.googleusercontent.com/p/AF1QipPu0JLRJA9GpeRQntbPCP87weLDN6NXq4yYQKq4=w266-h298-k-no""},{""title"":""Exterior"",""image"":""//lh4.googleusercontent.com/DRFiKLb5GAdNdXO5aua08pTwOdfeux-GK4AsW2IxX95J5ks5lVc2GVwTvzlWiI1v=w529-h298-k-no""},{""title"":""Real Estate"",""image"":""//lh6.googleusercontent.com/QkaKwsdnN5txd-rWuLNKo9tE3lSQCcKj6hmwFFzvsxjCuWXgkHTYBBKGqil3d8PL=w529-h298-k-no""},{""title"":""By owner"",""image"":""https://lh3.googleusercontent.com/p/AF1QipPPwW3eFsaR2qZ_u6Lqexqk9BQt1VPMABJqxKA3=w298-h298-k-no""},{""title"":""Street View \u0026 360°"",""image"":""https://streetviewpixels-pa.googleapis.com/v1/thumbnail?panoid=rumulMzQwE-UfY_y1m9Dng\u0026cb_client=maps_sv.tactile.gps\u0026w=224\u0026h=298\u0026yaw=8.970319\u0026pitch=0\u0026thumbfov=100""}]",null,null,"{""link"":"""",""source"":""""}","{""id"":""109403632343995078742"",""name"":""D\u0026B GAYRİMENKUL DANIŞMANLIK ORGANİZASYON (Owner)"",""link"":""https://www.google.com/maps/contrib/109403632343995078742""}","{""borough"":""Yeni mahalle"",""street"":""Reşadiye Cd. no: 66/B"",""city"":""Rami/Eyüpsultan"",""postal_code"":""34000"",""state"":""İstanbul"",""country"":""TR""}",null,[],null,
6dd7d639-603b-4ca5-b1d9-ccf2a2f9c326,https://www.google.com/maps/place/DUO+GAYR%C4%B0MENKUL/data=!4m7!3m6!1s0x14caa4f4776854f3:0x94df24614d81fade!8m2!3d41.0224407!4d28.8186034!16s%2Fg%2F11gd1vyb6b!19sChIJ81Rod_SkyhQR3vqBTWEk35Q?authuser=0&hl=en&rclk=1,DUO GAYRİMENKUL,Real estate agency,"MİMAR SİNAN CADDESİ VEGÜNEŞLİ RESIDENCE, Bağlar Sk. NO:33 C blok, 34212 Bağcılar, Türkiye","{""Friday"":[""8 am–10:30 pm""],""Monday"":[""8 am–10:30 pm""],""Saturday"":[""10 am–7 pm""],""Sunday"":[""12–4 pm""],""Thursday"":[""8 am–10:30 pm""],""Tuesday"":[""8 am–10:30 pm""],""Wednesday"":[""8 am–10:30 pm""]}",{},http://www.duogayrimenkul.com/,+90 532 244 19 99,"2RC9+XC Bağcılar, İstanbul, Türkiye",10,4.400000,"{""1"":1,""2"":0,""3"":1,""4"":0,""5"":8}",41.022441,28.818603,10727332837750602462,,,,https://lh3.googleusercontent.com/p/AF1QipPa8VRZ6TAaSWhNc-i7AFkyZNIxYXRv70oZpg5b=w408-h306-k-no,Europe/Istanbul,,0x14caa4f4776854f3:0x94df24614d81fade,"[{""title"":""All"",""image"":""https://lh3.googleusercontent.com/p/AF1QipPa8VRZ6TAaSWhNc-i7AFkyZNIxYXRv70oZpg5b=w397-h298-k-no""},{""title"":""Inside"",""image"":""https://lh3.googleusercontent.com/p/AF1QipO4UVDqkilkdw0aIRcEKIXwIEeVzirtoLI4b1sq=w397-h298-k-no""},{""title"":""By owner"",""image"":""https://lh3.googleusercontent.com/p/AF1QipME8klQvnKXhnRQom8Sfceu3-mtW2vGdD4zVegr=w397-h298-k-no""},{""title"":""Street View \u0026 360°"",""image"":""https://streetviewpixels-pa.googleapis.com/v1/thumbnail?panoid=GzAuOmgSg8TcN-gJIk0vkg\u0026cb_client=maps_sv.tactile.gps\u0026w=224\u0026h=298\u0026yaw=66.45859\u0026pitch=0\u0026thumbfov=100""}]",null,null,"{""link"":"""",""source"":""""}","{""id"":""103039076405512333198"",""name"":""DUO GAYRİMENKUL (Owner)"",""link"":""https://www.google.com/maps/contrib/103039076405512333198""}","{""borough"":""Bağlar"",""street"":""MİMAR SİNAN CADDESİ VEGÜNEŞLİ RESIDENCE, Bağlar Sk. NO:33 C blok"",""city"":""Bağcılar"",""postal_code"":""34212"",""state"":""İstanbul"",""country"":""TR""}",null,[],null,
6dd7d639-603b-4ca5-b1d9-ccf2a2f9c326,https://www.google.com/maps/place/Aktif+Gayrimenkul+Arsa+Konut+Ofisi/data=!4m7!3m6!1s0x14caa3c3c6cff545:0x6747cecdba4a4a12!8m2!3d40.9928214!4d28.8442586!16s%2Fg%2F11q80dshft!19sChIJRfXPxsOjyhQREkpKus3OR2c?authuser=0&hl=en&rclk=1,Aktif Gayrimenkul Arsa Konut Ofisi,Real estate agency,"şirinevler mahallesi mareşal fevzi çakmak caddesi, Gediz Sk. cevher iş hanı no:11 kat:3 d:32, 34100 Bahçelievler/İstanbul, Türkiye",{},{},http://aktifgayrimenkularsa.com/,+90 532 415 35 47,"XRVV+4P Bahçelievler, İstanbul, Türkiye",12,5.000000,"{""1"":0,""2"":0,""3"":0,""4"":0,""5"":12}",40.992821,28.844259,7442144292242082322,,,,https://lh3.googleusercontent.com/p/AF1QipOJ-nlhf27qc_raW35TZHpOfyWHegVcOepIos-h=w408-h304-k-no,Europe/Istanbul,,0x14caa3c3c6cff545:0x6747cecdba4a4a12,"[{""title"":""All"",""image"":""https://lh3.googleusercontent.com/p/AF1QipOJ-nlhf27qc_raW35TZHpOfyWHegVcOepIos-h=w398-h298-k-no""},{""title"":""Exterior"",""image"":""https://lh3.googleusercontent.com/p/AF1QipNr4GdARfqqmOMU6DyecT-abpA2AV8eSM07CFWV=w398-h298-k-no""},{""title"":""Inside"",""image"":""https://lh3.googleusercontent.com/p/AF1QipPVcJDL1qJ8ssUEL2aCoSk8AUK1LViho5b7b5Tl=w397-h298-k-no""},{""title"":""By owner"",""image"":""https://lh3.googleusercontent.com/p/AF1QipNLxI2HwO-VHnl5CVxZkVZupRVsBorjfezC17C7=w396-h298-k-no""},{""title"":""Street View \u0026 360°"",""image"":""https://streetviewpixels-pa.googleapis.com/v1/thumbnail?panoid=ZnMdGEsby0EaIT6hCZm1uQ\u0026cb_client=maps_sv.tactile.gps\u0026w=224\u0026h=298\u0026yaw=228.73003\u0026pitch=0\u0026thumbfov=100""}]",null,null,"{""link"":"""",""source"":""""}","{""id"":""100118898925470739636"",""name"":""Aktif Gayrimenkul Arsa Konut Ofisi (Owner)"",""link"":""https://www.google.com/maps/contrib/100118898925470739636""}","{""borough"":""Şirinevler"",""street"":""şirinevler mahallesi mareşal fevzi çakmak caddesi, Gediz Sk. cevher iş hanı no:11 kat:3 d:32"",""city"":""Bahçelievler"",""postal_code"":""34100"",""state"":""İstanbul"",""country"":""TR""}","[{""id"":""service_options"",""name"":""Service options"",""options"":[{""name"":""Online appointments"",""enabled"":true},{""name"":""On-site services"",""enabled"":true}]}]",[],null,
6dd7d639-603b-4ca5-b1d9-ccf2a2f9c326,https://www.google.com/maps/place/ta%C5%9Fc%C4%B1o%C4%9Flu+gayrimenkul/data=!4m7!3m6!1s0x14b55df376c2941b:0xd6bca771fbd0f775!8m2!3d41.0277733!4d28.5462327!16s%2Fg%2F11qhtshy09!19sChIJG5TCdvNdtRQRdffQ-3GnvNY?authuser=0&hl=en&rclk=1,taşcıoğlu gayrimenkul,Real estate agency,"Hürriyet, Düğün Sk. no:9, 34537 Büyükçekmece/İstanbul, Türkiye","{""Friday"":[""Open 24 hours""],""Monday"":[""Open 24 hours""],""Saturday"":[""Open 24 hours""],""Sunday"":[""Closed""],""Thursday"":[""Open 24 hours""],""Tuesday"":[""Open 24 hours""],""Wednesday"":[""Open 24 hours""]}",{},http://tascioglugayrimenkul.sahibinden.com/,+90 535 379 65 40,"2GHW+4F Büyükçekmece, İstanbul, Türkiye",4,4.000000,"{""1"":1,""2"":0,""3"":0,""4"":0,""5"":3}",41.027773,28.546233,15473426527736100725,,,,https://lh3.googleusercontent.com/gps-cs-s/AG0ilSyXXzveyfKsEXN4A_oiJSnpJ1QHEQEN7c130xDaL25McR_w9Qs-vRY3bkwtBA3KWZjJjOZIkLQCQlyw45QgFfRrTIKt-7elbJGMoaVADu4lpyPlnTQJvC_rLG5zazeW9JnQ-5OG=w408-h440-k-no,Europe/Istanbul,,0x14b55df376c2941b:0xd6bca771fbd0f775,"[{""title"":""All"",""image"":""https://lh3.googleusercontent.com/gps-cs-s/AG0ilSyXXzveyfKsEXN4A_oiJSnpJ1QHEQEN7c130xDaL25McR_w9Qs-vRY3bkwtBA3KWZjJjOZIkLQCQlyw45QgFfRrTIKt-7elbJGMoaVADu4lpyPlnTQJvC_rLG5zazeW9JnQ-5OG=w276-h298-k-no""},{""title"":""Exterior"",""image"":""https://lh3.googleusercontent.com/p/AF1QipNi3K69K_JPmpThUlDPYA_3EgzFGuMEbAyzNrEO=w529-h298-k-no""},{""title"":""Inside"",""image"":""https://lh3.googleusercontent.com/gps-cs-s/AG0ilSxuxy8cz9v8xqFxpt14d97Q1b1Ab_NTwTWU7pTEeTt_zRY0gE0uJGthBQpbcN6p9S7iz8eM1GoYQK_DyWViOkut8oDGavQfzM04asAQamYQ2kOE5IODVYUXEakM_ncH5z_jo4L7iw=w397-h298-k-no""},{""title"":""By owner"",""image"":""https://lh3.googleusercontent.com/p/AF1QipMlSpv_Ba3wxZKoQQCvsrvjE4SUEEY5-DT3boXR=w397-h298-k-no""},{""title"":""Street View \u0026 360°"",""image"":""https://streetviewpixels-pa.googleapis.com/v1/thumbnail?panoid=21-ifGy03vTWWB9K8hZ6cA\u0026cb_client=maps_sv.tactile.gps\u0026w=224\u0026h=298\u0026yaw=262.61862\u0026pitch=0\u0026thumbfov=100""}]",null,null,"{""link"":"""",""source"":""""}","{""id"":""111221219303149067994"",""name"":""taşcıoğlu gayrimenkul (Owner)"",""link"":""https://www.google.com/maps/contrib/111221219303149067994""}","{""borough"":""Hürriyet"",""street"":""Düğün Sk. no:9"",""city"":""Büyükçekmece"",""postal_code"":""34537"",""state"":""İstanbul"",""country"":""TR""}","[{""id"":""service_options"",""name"":""Service options"",""options"":[{""name"":""Online appointments"",""enabled"":false}]},{""id"":""accessibility"",""name"":""Accessibility"",""options"":[{""name"":""Wheelchair-accessible car park"",""enabled"":true}]}]",[],null,
6dd7d639-603b-4ca5-b1d9-ccf2a2f9c326,https://www.google.com/maps/place/E.K.+Gayrimenkul/data=!4m7!3m6!1s0x14cab0be0369598d:0x7d2f9d142b3ab524!8m2!3d41.05922!4d28.9299729!16s%2Fg%2F11c1tfh4cv!19sChIJjVlpA76wyhQRJLU6KxSdL30?authuser=0&hl=en&rclk=1,E.K. Gayrimenkul,Real estate agency,"Karlıtepe, Ordu Cd. No:207, 34240 Gaziosmanpaşa/İstanbul, Türkiye",{},{},https://ekgayrimenkul.sahibinden.com/,,,41,4.500000,"{""1"":4,""2"":0,""3"":0,""4"":3,""5"":34}",41.059220,28.929973,9020601288596567332,,,,https://lh3.googleusercontent.com/gps-cs-s/AG0ilSzH3Wo23x26-2maM_tD-bJ-6I4bbG5D42hSwcrQ8LLJauEaqCuUubfSnNSBJFfQud9-0WlDC8J5_Wj63bBEnfbzEs08BcScyDDybtbsaZSi_GitZnYT5tU9tCXO9k4wh1eQpQ7H=w408-h240-k-no-pi-0.28818205-ya12.702167-ro-0.9181101-fo100,Europe/Istanbul,,0x14cab0be0369598d:0x7d2f9d142b3ab524,"[{""title"":""All"",""image"":""https://lh3.googleusercontent.com/gps-cs-s/AG0ilSzH3Wo23x26-2maM_tD-bJ-6I4bbG5D42hSwcrQ8LLJauEaqCuUubfSnNSBJFfQud9-0WlDC8J5_Wj63bBEnfbzEs08BcScyDDybtbsaZSi_GitZnYT5tU9tCXO9k4wh1eQpQ7H=w224-h298-k-no-pi-0.28818205-ya12.702167-ro-0.9181101-fo100""},{""title"":""Inside"",""image"":""https://lh3.googleusercontent.com/gps-cs-s/AG0ilSxQXeyMaFMp6LDE07AT5WtW-pnOx9vJAo0AIq3nQ2SYynldYOl5R8iU32eqKa-OUvEF_tvTpwlBiZWupDdvt_VZXdwO4mEVkqc40JPMwOx3xXeyPtpHH0JG9JhLoWQfr5QpMpoS=w224-h298-k-no-pi0.04633808-ya223.27399-ro0.47843203-fo100""},{""title"":""Street View \u0026 360°"",""image"":""https://lh3.googleusercontent.com/gps-cs-s/AG0ilSwzbKkb9bSZvRdvq2q7NwFVLy1co4RJpyT946a0OH_AgP6Suanyf5jfTYl9tyGS4QPnj5x1d2y9T6FjZIfU5t2zVlFku6qovc_0GRQV0L3ZvwEaB87o2WmtW5HixRGTEwWTg5wPFw=w224-h298-k-no-pi-0.96182424-ya224.74841-ro0.7652518-fo100""}]",null,null,"{""link"":"""",""source"":""""}","{""id"":""107687584148795086682"",""name"":""E.K. Gayrimenkul (Owner)"",""link"":""https://www.google.com/maps/contrib/107687584148795086682""}","{""borough"":"""",""street"":"""",""city"":"""",""postal_code"":"""",""state"":"""",""country"":""""}","[{""id"":""service_options"",""name"":""Service options"",""options"":[{""name"":""Online appointments"",""enabled"":true},{""name"":""On-site services"",""enabled"":true}]},{""id"":""accessibility"",""name"":""Accessibility"",""options"":[{""name"":""Wheelchair-accessible seating"",""enabled"":true}]},{""id"":""amenities"",""name"":""Amenities"",""options"":[{""name"":""Gender-neutral toilets"",""enabled"":true}]}]",[],null,
6dd7d639-603b-4ca5-b1d9-ccf2a2f9c326,https://www.google.com/maps/place/Had%C4%B1mk%C3%B6y+Gayrimenkul/data=!4m7!3m6!1s0x14b5570f5c77e6db:0x42b5cc07a16bad02!8m2!3d41.1565955!4d28.6195844!16s%2Fg%2F11f15724pp!19sChIJ2-Z3XA9XtRQRAq1roQfMtUI?authuser=0&hl=en&rclk=1,Hadımköy Gayrimenkul,Real estate agency,"Hadımköy, Ayasofya Cd. 38B, 34555 Arnavutköy/İstanbul, Türkiye",{},{},https://yenisehiristanbul.com/,+90 532 680 22 13,"5J49+JR Arnavutköy, İstanbul, Türkiye",30,3.400000,"{""1"":6,""2"":5,""3"":3,""4"":4,""5"":12}",41.156596,28.619584,4806972510432898306,,,,https://streetviewpixels-pa.googleapis.com/v1/thumbnail?panoid=a6wuG5x5UDt2w6zWc9d4aQ&cb_client=search.gws-prod.gps&w=408&h=240&yaw=1.4699799&pitch=0&thumbfov=100,Europe/Istanbul,,0x14b5570f5c77e6db:0x42b5cc07a16bad02,"[{""title"":""All"",""image"":""https://streetviewpixels-pa.googleapis.com/v1/thumbnail?panoid=a6wuG5x5UDt2w6zWc9d4aQ\u0026cb_client=maps_sv.tactile.gps\u0026w=224\u0026h=298\u0026yaw=1.4699799\u0026pitch=0\u0026thumbfov=100""},{""title"":""By owner"",""image"":""https://lh3.googleusercontent.com/p/AF1QipNUXVrwqHvmAEDw81FJuTq3xeuBSGOW3Xpw94yJ=w298-h298-k-no""},{""title"":""Street View \u0026 360°"",""image"":""https://streetviewpixels-pa.googleapis.com/v1/thumbnail?panoid=a6wuG5x5UDt2w6zWc9d4aQ\u0026cb_client=maps_sv.tactile.gps\u0026w=224\u0026h=298\u0026yaw=1.4699799\u0026pitch=0\u0026thumbfov=100""}]",null,null,"{""link"":"""",""source"":""""}","{""id"":""100488447094063426864"",""name"":""Hadımköy Gayrimenkul (Owner)"",""link"":""https://www.google.com/maps/contrib/100488447094063426864""}","{""borough"":""Hadımköy"",""street"":""Ayasofya Cd. 38B"",""city"":""Arnavutköy"",""postal_code"":""34555"",""state"":""İstanbul"",""country"":""TR""}","[{""id"":""service_options"",""name"":""Service options"",""options"":[{""name"":""On-site services"",""enabled"":true},{""name"":""Online appointments"",""enabled"":false}]},{""id"":""accessibility"",""name"":""Accessibility"",""options"":[{""name"":""Wheelchair-accessible seating"",""enabled"":true},{""name"":""Wheelchair-accessible toilet"",""enabled"":false}]},{""id"":""amenities"",""name"":""Amenities"",""options"":[{""name"":""Gender-neutral toilets"",""enabled"":true}]}]",[],null,
6dd7d639-603b-4ca5-b1d9-ccf2a2f9c326,https://www.google.com/maps/place/ERSA+GAYR%C4%B0MENKUL/data=!4m7!3m6!1s0x14cab06227f13423:0xc468d6dcd5a2515c!8m2!3d41.065702!4d28.9043064!16s%2Fg%2F11g6lzzlbf!19sChIJIzTxJ2KwyhQRXFGi1dzWaMQ?authuser=0&hl=en&rclk=1,ERSA GAYRİMENKUL,Real estate agency,"Hürriyet, Cengiz Topel Cd. 51/A, 34250 Gaziosmanpaşa/İstanbul, Türkiye",{},{},,+90 532 310 20 06,"3W83+7P Gaziosmanpaşa, İstanbul, Türkiye",33,4.800000,"{""1"":1,""2"":0,""3"":1,""4"":0,""5"":31}",41.065702,28.904306,14152798072977117532,,,,https://lh3.googleusercontent.com/p/AF1QipM0MY0zt6Rvu45s00kcghRgeQUoyzwxynRfzKkg=w408-h408-k-no,Europe/Istanbul,,0x14cab06227f13423:0xc468d6dcd5a2515c,"[{""title"":""All"",""image"":""https://lh3.googleusercontent.com/p/AF1QipM0MY0zt6Rvu45s00kcghRgeQUoyzwxynRfzKkg=w298-h298-k-no""},{""title"":""Exterior"",""image"":""//lh4.googleusercontent.com/JQyKw_Z6G7mexUjc-vMfbrhdMRgNfWswaVntJs224ejlzk6V13QMInds2rPccdih=w529-h298-k-no""},{""title"":""Inside"",""image"":""https://lh3.googleusercontent.com/p/AF1QipPSBsHv3gpfHI80xhAg-LXGUWnV8nBCehpjqoI_=w397-h298-k-no""},{""title"":""By owner"",""image"":""https://lh3.googleusercontent.com/p/AF1QipMrlmqsHnll7oDyB6fxqreM4pOQGvT8xHY5Asnw=w397-h298-k-no""},{""title"":""Street View \u0026 360°"",""image"":""https://streetviewpixels-pa.googleapis.com/v1/thumbnail?panoid=IFt5-lNR9-Vaslk5EeELZQ\u0026cb_client=maps_sv.tactile.gps\u0026w=224\u0026h=298\u0026yaw=296.9544\u0026pitch=0\u0026thumbfov=100""}]",null,null,"{""link"":"""",""source"":""""}","{""id"":""103454598664502517567"",""name"":""ERSA GAYRİMENKUL (Owner)"",""link"":""https://www.google.com/maps/contrib/103454598664502517567""}","{""borough"":""Hürriyet"",""street"":""Cengiz Topel Cd. 51/A"",""city"":""Gaziosmanpaşa"",""postal_code"":""34250"",""state"":""İstanbul"",""country"":""TR""}","[{""id"":""service_options"",""name"":""Service options"",""options"":[{""name"":""On-site services"",""enabled"":true}]}]",[],null,
6dd7d639-603b-4ca5-b1d9-ccf2a2f9c326,https://www.google.com/maps/place/Atlas+Gayrimenkul/data=!4m7!3m6!1s0x14caba1815ad1f39:0x83a21ec398a5194f!8m2!3d41.0264395!4d28.9406089!16s%2Fg%2F11cn5p2lpt!19sChIJOR-tFRi6yhQRTxmlmMMeooM?authuser=0&hl=en&rclk=1,Atlas Gayrimenkul,Real estate agency,"Derviş Ali, Canfeda Cami Sk. No:3 D:A, 34087 Fatih/İstanbul, Türkiye",{},{},http://fatihatlasemlak.sahibinden.com/,+90 538 584 23 56,"2WGR+H6 Fatih, İstanbul, Türkiye",13,5.000000,"{""1"":0,""2"":0,""3"":0,""4"":0,""5"":13}",41.026439,28.940609,9485177590624098639,,,,//lh3.googleusercontent.com/og7AOh9QipLf13Sysm5lmuClFo5gP4TmyIBNTtLo5S5ot9v1xgGuvqzr7y3j7oM=w426-h240-k-no,Europe/Istanbul,,0x14caba1815ad1f39:0x83a21ec398a5194f,"[{""title"":""All"",""image"":""//lh3.googleusercontent.com/og7AOh9QipLf13Sysm5lmuClFo5gP4TmyIBNTtLo5S5ot9v1xgGuvqzr7y3j7oM=w529-h298-k-no""},{""title"":""Exterior"",""image"":""https://lh3.googleusercontent.com/p/AF1QipNHkA_JIQzxCRrE88fHmamT_K3ZI-jZuIxCVTye=w340-h298-k-no""},{""title"":""By owner"",""image"":""https://lh3.googleusercontent.com/p/AF1QipM7Qh-vwt4qMkrZhX8wavaEn-7RZnYhSkHIO0V1=w224-h367-k-no""},{""title"":""Street View \u0026 360°"",""image"":""https://streetviewpixels-pa.googleapis.com/v1/thumbnail?panoid=DrBFJIrYRt7FMzgn8QT-sA\u0026cb_client=maps_sv.tactile.gps\u0026w=224\u0026h=298\u0026yaw=1.7855784\u0026pitch=0\u0026thumbfov=100""}]",null,null,"{""link"":"""",""source"":""""}","{""id"":""100357814031166258024"",""name"":""Atlas Gayrimenkul (Owner)"",""link"":""https://www.google.com/maps/contrib/100357814031166258024""}","{""borough"":""Dervişali"",""street"":""Canfeda Cami Sk. No:3 D:A"",""city"":""Fatih"",""postal_code"":""34087"",""state"":""İstanbul"",""country"":""TR""}","[{""id"":""service_options"",""name"":""Service options"",""options"":[{""name"":""On-site services"",""enabled"":true}]},{""id"":""parking"",""name"":""Parking"",""options"":[{""name"":""Free parking lot"",""enabled"":true}]}]",[],null,
6dd7d639-603b-4ca5-b1d9-ccf2a2f9c326,https://www.google.com/maps/place/Halkal%C4%B1+Atakent+Emlak+Dan%C4%B1%C5%9Fmanl%C4%B1%C4%9F%C4%B1/data=!4m7!3m6!1s0x14caa5f75502564f:0xeb26043a8c61020d!8m2!3d41.0437586!4d28.7810736!16s%2Fg%2F11p0vz1ck9!19sChIJT1YCVfelyhQRDQJhjDoEJus?authuser=0&hl=en&rclk=1,Halkalı Atakent Emlak Danışmanlığı,Real estate agency,"Atakent, 222. Cadde, 34290 Küçükçekmece/İstanbul, Türkiye","{""Friday"":[""9 am–7 pm""],""Monday"":[""9 am–7 pm""],""Saturday"":[""9 am–7 pm""],""Sunday"":[""Closed""],""Thursday"":[""9 am–7 pm""],""Tuesday"":[""9 am–7 pm""],""Wednesday"":[""9 am–7 pm""]}",{},https://81gayrimenkul.sahibinden.com/,+90 537 778 71 08,"2QVJ+GC Küçükçekmece, İstanbul, Türkiye",35,4.900000,"{""1"":1,""2"":0,""3"":0,""4"":0,""5"":34}",41.043759,28.781074,16944235297537851917,,,,https://streetviewpixels-pa.googleapis.com/v1/thumbnail?panoid=kTiAT4qSZR7WjLI9V6f_vg&cb_client=search.gws-prod.gps&w=408&h=240&yaw=180.5098&pitch=0&thumbfov=100,Europe/Istanbul,,0x14caa5f75502564f:0xeb26043a8c61020d,"[{""title"":""All"",""image"":""https://streetviewpixels-pa.googleapis.com/v1/thumbnail?panoid=kTiAT4qSZR7WjLI9V6f_vg\u0026cb_client=maps_sv.tactile.gps\u0026w=224\u0026h=298\u0026yaw=180.5098\u0026pitch=0\u0026thumbfov=100""},{""title"":""By owner"",""image"":""https://lh3.googleusercontent.com/p/AF1QipMWk3Krnu57YH_HDdTjmTjDiYIFFGdcjvWlh9wX=w266-h298-k-no""},{""title"":""Street View \u0026 360°"",""image"":""https://streetviewpixels-pa.googleapis.com/v1/thumbnail?panoid=kTiAT4qSZR7WjLI9V6f_vg\u0026cb_client=maps_sv.tactile.gps\u0026w=224\u0026h=298\u0026yaw=180.5098\u0026pitch=0\u0026thumbfov=100""}]",null,null,"{""link"":"""",""source"":""""}","{""id"":""101237504011228312697"",""name"":""Halkalı Atakent Emlak Danışmanlığı (Owner)"",""link"":""https://www.google.com/maps/contrib/101237504011228312697""}","{""borough"":""Atakent"",""street"":""222. Cadde"",""city"":""Küçükçekmece"",""postal_code"":""34290"",""state"":""İstanbul"",""country"":""TR""}","[{""id"":""from_the_business"",""name"":""From the business"",""options"":[{""name"":""Identifies as women-owned"",""enabled"":true}]},{""id"":""service_options"",""name"":""Service options"",""options"":[{""name"":""Online appointments"",""enabled"":true},{""name"":""On-site services"",""enabled"":false}]},{""id"":""accessibility"",""name"":""Accessibility"",""options"":[{""name"":""Wheelchair-accessible seating"",""enabled"":false}]}]",[],null,
6dd7d639-603b-4ca5-b1d9-ccf2a2f9c326,https://www.google.com/maps/place/Space+Property+Development+%26+Consulting/data=!4m7!3m6!1s0x14cab61d319fb1fd:0x30dbdae3ae4dd9cc!8m2!3d41.0778329!4d29.0438444!16s%2Fg%2F1tg3d99g!19sChIJ_bGfMR22yhQRzNlNruPa2zA?authuser=0&hl=en&rclk=1,Space Property Development & Consulting,Real estate agency,"Bebek Mah. Cevdet Paşa Cad. Germencik Sok. Bebek Palas Apt. No: 1, Bebek/İstanbul, 34342 Beşiktaş/İstanbul, Türkiye","{""Friday"":[""9 am–7 pm""],""Monday"":[""9 am–7 pm""],""Saturday"":[""10 am–6 pm""],""Sunday"":[""Closed""],""Thursday"":[""9 am–7 pm""],""Tuesday"":[""9 am–7 pm""],""Wednesday"":[""9 am–7 pm""]}",{},http://www.spaceistanbul.com/,+90 212 263 47 97,"32HV+4G Beşiktaş, İstanbul, Türkiye",33,4.400000,"{""1"":3,""2"":0,""3"":1,""4"":6,""5"":23}",41.077833,29.043844,3520648205136943564,,,,https://lh3.googleusercontent.com/p/AF1QipNa0JwNJ2L4sI4eNA75s8Uw5zqMYKpGK8blIxOg=w408-h257-k-no,Europe/Istanbul,,0x14cab61d319fb1fd:0x30dbdae3ae4dd9cc,"[{""title"":""All"",""image"":""https://lh3.googleusercontent.com/p/AF1QipNa0JwNJ2L4sI4eNA75s8Uw5zqMYKpGK8blIxOg=w472-h298-k-no""},{""title"":""Exterior"",""image"":""https://lh3.googleusercontent.com/gps-cs-s/AG0ilSyMeclrGQbQgtNUh7zFExK1vlDaR-a3VIqzjo4CSd80XYAs7NndwY0ayCwu34rxm8FFy1dSETnl7SlNFCITaFAofyegZLDn9OfbpN88yS8y5ZgewkKELdA0LGCVuA7j8zmV3oAq-ScmF2g=w298-h298-k-no""},{""title"":""By owner"",""image"":""https://lh3.googleusercontent.com/p/AF1QipMePR1Jqi15AOtx2VipQJ0YgmyKDKXI9-z-MJmm=w446-h298-k-no""},{""title"":""Street View \u0026 360°"",""image"":""https://streetviewpixels-pa.googleapis.com/v1/thumbnail?panoid=7RhwbuJxgAVwVQTnPO9rgg\u0026cb_client=maps_sv.tactile.gps\u0026w=224\u0026h=298\u0026yaw=23.26681\u0026pitch=0\u0026thumbfov=100""}]",null,null,"{""link"":"""",""source"":""""}","{""id"":""109392667910224866083"",""name"":""Space Property Development \u0026 Consulting (Owner)"",""link"":""https://www.google.com/maps/contrib/109392667910224866083""}","{""borough"":""Bebek"",""street"":""Bebek Mah. Cevdet Paşa Cad. Germencik Sok. Bebek Palas Apt. No: 1, Bebek/İstanbul"",""city"":""Beşiktaş"",""postal_code"":""34342"",""state"":""İstanbul"",""country"":""TR""}","[{""id"":""from_the_business"",""name"":""From the business"",""options"":[{""name"":""Identifies as women-owned"",""enabled"":true}]},{""id"":""service_options"",""name"":""Service options"",""options"":[{""name"":""Online appointments"",""enabled"":true},{""name"":""On-site services"",""enabled"":true}]},{""id"":""accessibility"",""name"":""Accessibility"",""options"":[{""name"":""Wheelchair-accessible seating"",""enabled"":true}]},{""id"":""parking"",""name"":""Parking"",""options"":[{""name"":""Paid multi-storey car park"",""enabled"":true},{""name"":""Paid parking lot"",""enabled"":true},{""name"":""Paid street parking"",""enabled"":true}]}]",[],null,
6dd7d639-603b-4ca5-b1d9-ccf2a2f9c326,https://www.google.com/maps/place/METiN+EMLAK+GAYR%C4%B0MENKUL/data=!4m7!3m6!1s0x14cab11f0087c251:0x953c1f38a81ee663!8m2!3d41.0831397!4d28.9265802!16s%2Fg%2F11c619tmcz!19sChIJUcKHAB-xyhQRY-YeqDgfPJU?authuser=0&hl=en&rclk=1,METiN EMLAK GAYRİMENKUL,Real estate rental agency,"Akşemsettin, Çakmak Sk. no:56-60/B, 34070 Eyüpsultan/İstanbul, Türkiye",{},{},https://metingayrimenkul34.sahibinden.com/,+90 532 584 71 29,"3WMG+7J Eyüpsultan, İstanbul, Türkiye",63,5.000000,"{""1"":0,""2"":0,""3"":0,""4"":0,""5"":63}",41.083140,28.926580,10753504338453128803,,,,https://lh3.googleusercontent.com/p/AF1QipOKwBO4Hw59WvOw5S-cajlBThUPnazQTb2-k3WQ=w408-h496-k-no,Europe/Istanbul,,0x14cab11f0087c251:0x953c1f38a81ee663,"[{""title"":""All"",""image"":""https://lh3.googleusercontent.com/p/AF1QipOKwBO4Hw59WvOw5S-cajlBThUPnazQTb2-k3WQ=w244-h298-k-no""},{""title"":""Exterior"",""image"":""https://lh3.googleusercontent.com/p/AF1QipO60eBoL0fZgyz6UU5l7ahiXboCY4iEaohDgLcz=w224-h398-k-no""},{""title"":""Videos"",""image"":""https://lh3.googleusercontent.com/p/AF1QipO60eBoL0fZgyz6UU5l7ahiXboCY4iEaohDgLcz=w224-h398-k-no""},{""title"":""Inside"",""image"":""https://lh3.googleusercontent.com/p/AF1QipO3UBHfOsgEn_l0Tu9RawdbZmmdJr6bWOmwUBoA=w447-h298-k-no""},{""title"":""By owner"",""image"":""https://lh3.googleusercontent.com/p/AF1QipO7CTwZ6D_pKlNXGbRC8JWJIT1d4UPf2UqBGMFe=w224-h298-k-no""},{""title"":""Street View \u0026 360°"",""image"":""https://streetviewpixels-pa.googleapis.com/v1/thumbnail?panoid=BZLtAEK4ItRaOxuvwZliLQ\u0026cb_client=maps_sv.tactile.gps\u0026w=224\u0026h=298\u0026yaw=95.43209\u0026pitch=0\u0026thumbfov=100""}]",null,null,"{""link"":"""",""source"":""""}","{""id"":""112151626914058551689"",""name"":""METiN EMLAK GAYRİMENKUL (Owner)"",""link"":""https://www.google.com/maps/contrib/112151626914058551689""}","{""borough"":""Akşemsettin"",""street"":""Çakmak Sk. no:56-60/B"",""city"":""Eyüpsultan"",""postal_code"":""34070"",""state"":""İstanbul"",""country"":""TR""}","[{""id"":""service_options"",""name"":""Service options"",""options"":[{""name"":""Online appointments"",""enabled"":true},{""name"":""On-site services"",""enabled"":true}]},{""id"":""planning"",""name"":""Planning"",""options"":[{""name"":""Appointment required"",""enabled"":true}]}]",[],null,
6dd7d639-603b-4ca5-b1d9-ccf2a2f9c326,https://www.google.com/maps/place/En+Gayrimenkul/data=!4m7!3m6!1s0x14cac57262082ff9:0x93887ac6221361c7!8m2!3d40.9331853!4d29.1263746!16s%2Fg%2F11p6536b38!19sChIJ-S8IYnLFyhQRx2ETIsZ6iJM?authuser=0&hl=en&rclk=1,En Gayrimenkul,Real estate consultant,"Feyzullah, Bağdat Cad. No:276 Kat:1 D:5, 34843 Maltepe/İstanbul, Türkiye",{},{},,+90 216 352 00 87,"W4MG+7G Maltepe, İstanbul, Türkiye",74,4.900000,"{""1"":1,""2"":0,""3"":0,""4"":0,""5"":73}",40.933185,29.126375,10630881911801864647,,,,https://lh3.googleusercontent.com/p/AF1QipPHMIEE78Z6CDDdsq_7F51jcZu4QEQg-9gMyve-=w408-h306-k-no,Europe/Istanbul,,0x14cac57262082ff9:0x93887ac6221361c7,"[{""title"":""All"",""image"":""https://lh3.googleusercontent.com/p/AF1QipPHMIEE78Z6CDDdsq_7F51jcZu4QEQg-9gMyve-=w397-h298-k-no""},{""title"":""Inside"",""image"":""https://lh3.googleusercontent.com/p/AF1QipNfyNsIX8YJT3rSIhyWa7CEns9Lkaz9g1Bc-C4t=w397-h298-k-no""},{""title"":""Videos"",""image"":""https://lh3.googleusercontent.com/p/AF1QipOntoJbTlvDmca-jndsd6b8FWtsEFlVwApjYpvJ=w224-h395-k-no""},{""title"":""Interior design"",""image"":""https://lh3.googleusercontent.com/p/AF1QipO4JLI0aHaR2M1JFuW1UniN7fBROvFVjxp0F0EI=w397-h298-k-no""},{""title"":""By owner"",""image"":""https://lh3.googleusercontent.com/p/AF1QipOntoJbTlvDmca-jndsd6b8FWtsEFlVwApjYpvJ=w224-h395-k-no""},{""title"":""Street View \u0026 360°"",""image"":""https://streetviewpixels-pa.googleapis.com/v1/thumbnail?panoid=Y9mBpWzwSJze4yycC_TW5g\u0026cb_client=maps_sv.tactile.gps\u0026w=224\u0026h=298\u0026yaw=232.36736\u0026pitch=0\u0026thumbfov=100""}]",null,null,"{""link"":"""",""source"":""""}","{""id"":""100703717369207647343"",""name"":""En Gayrimenkul (Owner)"",""link"":""https://www.google.com/maps/contrib/100703717369207647343""}","{""borough"":""Feyzullah"",""street"":""Bağdat Cad. No:276 Kat:1 D:5"",""city"":""Maltepe"",""postal_code"":""34843"",""state"":""İstanbul"",""country"":""TR""}","[{""id"":""service_options"",""name"":""Service options"",""options"":[{""name"":""On-site services"",""enabled"":true},{""name"":""Online appointments"",""enabled"":false}]},{""id"":""accessibility"",""name"":""Accessibility"",""options"":[{""name"":""Wheelchair-accessible car park"",""enabled"":true}]}]",[],null,
6dd7d639-603b-4ca5-b1d9-ccf2a2f9c326,https://www.google.com/maps/place/Enba+Gayrimenkul/data=!4m7!3m6!1s0x14b55f752418c321:0xe13ff14c8c44db39!8m2!3d41.0150461!4d28.6483403!16s%2Fg%2F11pcm5kgnx!19sChIJIcMYJHVftRQROdtEjEzxP-E?authuser=0&hl=en&rclk=1,Enba Gayrimenkul,Real estate agency,"Mevlana mahallesi, molla gürani caddesi, beykop evleri Hanımeli Apartman no:4, zemin kat daire no:1, 34515 Esenyurt/İstanbul, Türkiye",{},{},http://www.enbagrup.com/,+90 212 852 77 25,"2J8X+28 Esenyurt, İstanbul, Türkiye",2,5.000000,"{""1"":0,""2"":0,""3"":0,""4"":0,""5"":2}",41.015046,28.648340,16230956893139688249,,,,https://lh3.googleusercontent.com/p/AF1QipNuGgsvZHbln8hu78DAFmPRMFdTjpt5UzlyclvB=w408-h306-k-no,Europe/Istanbul,,0x14b55f752418c321:0xe13ff14c8c44db39,"[{""title"":""All"",""image"":""https://lh3.googleusercontent.com/p/AF1QipNuGgsvZHbln8hu78DAFmPRMFdTjpt5UzlyclvB=w397-h298-k-no""},{""title"":""Inside"",""image"":""https://lh3.googleusercontent.com/p/AF1QipNuGgsvZHbln8hu78DAFmPRMFdTjpt5UzlyclvB=w397-h298-k-no""},{""title"":""Videos"",""image"":""https://lh3.googleusercontent.com/p/AF1QipNtuJ0NVZ2dtm_Z3zJxag8c3MY_HZSG4oVlEGQs=w529-h298-k-no""},{""title"":""By owner"",""image"":""https://lh3.googleusercontent.com/p/AF1QipNtuJ0NVZ2dtm_Z3zJxag8c3MY_HZSG4oVlEGQs=w529-h298-k-no""},{""title"":""Street View \u0026 360°"",""image"":""https://streetviewpixels-pa.googleapis.com/v1/thumbnail?panoid=sEVn847XJizSXd5_-qHHqw\u0026cb_client=maps_sv.tactile.gps\u0026w=224\u0026h=298\u0026yaw=345.87012\u0026pitch=0\u0026thumbfov=100""}]",null,null,"{""link"":"""",""source"":""""}","{""id"":""114298506071694079674"",""name"":""Enba Gayrimenkul (Owner)"",""link"":""https://www.google.com/maps/contrib/114298506071694079674""}","{""borough"":""Mevlana"",""street"":""Mevlana mahallesi, molla gürani caddesi, beykop evleri Hanımeli Apartman no:4, zemin kat daire no:1"",""city"":""Esenyurt"",""postal_code"":""34515"",""state"":""İstanbul"",""country"":""TR""}",null,[],null,
6dd7d639-603b-4ca5-b1d9-ccf2a2f9c326,https://www.google.com/maps/place/Diyar+%C4%B0n%C5%9Faat+Emlak/data=!4m7!3m6!1s0x14cab769d56ad57d:0xc6c93ef9217451ce!8m2!3d41.0441493!4d28.9765389!16s%2Fg%2F11g817yqkq!19sChIJfdVq1Wm3yhQRzlF0Ifk-ycY?authuser=0&hl=en&rclk=1,Diyar İnşaat Emlak,Real estate agency,"Hacıahmet, Safa Meydanı Sk. No:31, 34440 Beyoğlu/İstanbul, Türkiye",{},{},,+90 536 363 09 57,,16,4.900000,"{""1"":0,""2"":0,""3"":1,""4"":0,""5"":15}",41.044149,28.976539,14324049329557623246,,,,//lh5.googleusercontent.com/s8xEDt7WsnwBBnc0q-yuA0XAAzBX6Yadi2LTHlT5ychkdaHr_xlc-5_BupHyeENX=w426-h240-k-no,Europe/Istanbul,,0x14cab769d56ad57d:0xc6c93ef9217451ce,"[{""title"":""All"",""image"":""//lh5.googleusercontent.com/s8xEDt7WsnwBBnc0q-yuA0XAAzBX6Yadi2LTHlT5ychkdaHr_xlc-5_BupHyeENX=w529-h298-k-no""},{""title"":""Exterior"",""image"":""https://lh3.googleusercontent.com/gps-cs-s/AG0ilSxWMLKrWvyyZ5lGW8g9bvoc5h0qekggE8zhv6IMWP9w4dyIyNARr5L7dP-DVDuvJKmfMcsF-YTbLdpdVdshWPl7w4nObcJC3SakaYj0eW2sCAzYMiuHh_Kf0gFrkH62naVvGBjhiqAW2jo_=w224-h298-k-no""},{""title"":""Street View \u0026 360°"",""image"":""https://streetviewpixels-pa.googleapis.com/v1/thumbnail?panoid=F7YGHoxjcKwelvW5DD6iEQ\u0026cb_client=maps_sv.tactile.gps\u0026w=224\u0026h=298\u0026yaw=330.19504\u0026pitch=0\u0026thumbfov=100""}]",null,null,"{""link"":"""",""source"":""""}","{""id"":"""",""name"":""Diyar İnşaat Emlak (Owner)"",""link"":""""}","{""borough"":"""",""street"":"""",""city"":"""",""postal_code"":"""",""state"":"""",""country"":""""}",null,[],null,
6dd7d639-603b-4ca5-b1d9-ccf2a2f9c326,https://www.google.com/maps/place/Coldwell+Banker+Avangart+Gayrimenkul+%28CBAvangart%29/data=!4m7!3m6!1s0x405aafb0a9dd65c1:0x29b2cfb8b6faa24c!8m2!3d40.9903702!4d28.8344314!16s%2Fg%2F11m5hqv7y3!19sChIJwWXdqbCvWkARTKL6trjPsik?authuser=0&hl=en&rclk=1,Coldwell Banker Avangart Gayrimenkul (CBAvangart),Real estate agency,"Ataköy Nef 22, Ataköy 7-8-9-10. Kısım Kat: 9 Daire: 101, Çobançeşme, E-5 Yanyolu No:22, 34158 Bakırköy/İstanbul, Türkiye",{},{},https://www.cbavangart.com/,+90 212 620 33 33,"XRRM+4Q Bakırköy, İstanbul, Türkiye",39,5.000000,"{""1"":0,""2"":0,""3"":0,""4"":1,""5"":38}",40.990370,28.834431,3004692293660353100,,,,https://lh3.googleusercontent.com/p/AF1QipM6nnx9Muu37-F5oNgWeFPHKlLB0OEK5v0-2D7Z=w408-h544-k-no,Europe/Istanbul,,0x405aafb0a9dd65c1:0x29b2cfb8b6faa24c,"[{""title"":""All"",""image"":""https://lh3.googleusercontent.com/p/AF1QipM6nnx9Muu37-F5oNgWeFPHKlLB0OEK5v0-2D7Z=w224-h298-k-no""},{""title"":""By owner"",""image"":""https://lh3.googleusercontent.com/p/AF1QipMuVsJZs_3RWDZyCZokcWjoQ1hbKYXNwsVULpzK=w534-h298-k-no""}]",null,null,"{""link"":"""",""source"":""""}","{""id"":""109545938989497234124"",""name"":""Coldwell Banker Avangart Gayrimenkul (CBAvangart) (Owner)"",""link"":""https://www.google.com/maps/contrib/109545938989497234124""}","{""borough"":""Çobançeşme"",""street"":""Ataköy Nef 22, Ataköy 7-8-9-10. Kısım Kat: 9 Daire: 101, E-5 Yanyolu No:22"",""city"":""Bakırköy"",""postal_code"":""34158"",""state"":""İstanbul"",""country"":""TR""}","[{""id"":""service_options"",""name"":""Service options"",""options"":[{""name"":""On-site services"",""enabled"":true}]}]",[],null,
6dd7d639-603b-4ca5-b1d9-ccf2a2f9c326,https://www.google.com/maps/place/BSL+Gayrimenkul+Dan%C4%B1%C5%9Fmanl%C4%B1k/data=!4m7!3m6!1s0x14cac7217421abc5:0x963dcc1f5647071a!8m2!3d40.9579461!4d29.087525!16s%2Fg%2F11sqtqxt8y!19sChIJxashdCHHyhQRGgdHVh_MPZY?authuser=0&hl=en&rclk=1,BSL Gayrimenkul Danışmanlık,Real estate agency,"Bostancı, Havacı Binbaşı Mehmet Sk. No: 6, 34744 Kadıköy/İstanbul, Türkiye",{},{},http://www.bslteam.com/,+90 216 706 76 24,"X35Q+52 Kadıköy, İstanbul, Türkiye",30,4.900000,"{""1"":0,""2"":0,""3"":0,""4"":2,""5"":28}",40.957946,29.087525,10826033514232088346,,,,https://streetviewpixels-pa.googleapis.com/v1/thumbnail?panoid=1mLfjNI5IhNUyA1qZPVO9Q&cb_client=search.gws-prod.gps&w=408&h=240&yaw=108.63823&pitch=0&thumbfov=100,Europe/Istanbul,,0x14cac7217421abc5:0x963dcc1f5647071a,"[{""title"":""All"",""image"":""https://streetviewpixels-pa.googleapis.com/v1/thumbnail?panoid=1mLfjNI5IhNUyA1qZPVO9Q\u0026cb_client=maps_sv.tactile.gps\u0026w=224\u0026h=298\u0026yaw=108.63823\u0026pitch=0\u0026thumbfov=100""},{""title"":""By owner"",""image"":""https://lh3.googleusercontent.com/p/AF1QipOK1cGGN5I5YucExMaIv__qsAqZ3Urziwfta-mF=w281-h298-k-no""},{""title"":""Street View \u0026 360°"",""image"":""https://streetviewpixels-pa.googleapis.com/v1/thumbnail?panoid=1mLfjNI5IhNUyA1qZPVO9Q\u0026cb_client=maps_sv.tactile.gps\u0026w=224\u0026h=298\u0026yaw=108.63823\u0026pitch=0\u0026thumbfov=100""}]",null,null,"{""link"":"""",""source"":""""}","{""id"":""103049421341236323255"",""name"":""BSL Gayrimenkul Danışmanlık (Owner)"",""link"":""https://www.google.com/maps/contrib/103049421341236323255""}","{""borough"":""Bostancı"",""street"":""Havacı Binbaşı Mehmet Sk. No: 6"",""city"":""Kadıköy"",""postal_code"":""34744"",""state"":""İstanbul"",""country"":""TR""}","[{""id"":""service_options"",""name"":""Service options"",""options"":[{""name"":""Online appointments"",""enabled"":true},{""name"":""On-site services"",""enabled"":true}]},{""id"":""planning"",""name"":""Planning"",""options"":[{""name"":""Appointment required"",""enabled"":true}]}]",[],null,
6dd7d639-603b-4ca5-b1d9-ccf2a2f9c326,https://www.google.com/maps/place/MENA+GAYR%C4%B0MENKUL/data=!4m7!3m6!1s0x14cac701ae7564b9:0xb277c0d7510b9c84!8m2!3d40.9467332!4d29.1088236!16s%2Fg%2F11csp86wdb!19sChIJuWR1rgHHyhQRhJwLUdfAd7I?authuser=0&hl=en&rclk=1,MENA GAYRİMENKUL,Real estate agency,"Lokman İş Merkezi, Küçükyalı, Cami Sk. No:2 K:4 D:25, 34840 Maltepe/İstanbul, Türkiye",{},{},http://www.menagayrimenkul.com/,+90 216 803 51 78,"W4W5+MG Maltepe, İstanbul, Türkiye",45,5.000000,"{""1"":0,""2"":0,""3"":1,""4"":0,""5"":44}",40.946733,29.108824,12859959291989957764,,,,https://streetviewpixels-pa.googleapis.com/v1/thumbnail?panoid=ABibzy_FnjD6lWY8SI5Txw&cb_client=search.gws-prod.gps&w=408&h=240&yaw=49.729656&pitch=0&thumbfov=100,Europe/Istanbul,,0x14cac701ae7564b9:0xb277c0d7510b9c84,"[{""title"":""All"",""image"":""https://streetviewpixels-pa.googleapis.com/v1/thumbnail?panoid=ABibzy_FnjD6lWY8SI5Txw\u0026cb_client=maps_sv.tactile.gps\u0026w=224\u0026h=298\u0026yaw=49.729656\u0026pitch=0\u0026thumbfov=100""},{""title"":""By owner"",""image"":""https://lh3.googleusercontent.com/p/AF1QipO9cRE6KTOg1tKITvtm2YWijQeACRXz80J98OT8=w314-h298-k-no""},{""title"":""Street View \u0026 360°"",""image"":""https://streetviewpixels-pa.googleapis.com/v1/thumbnail?panoid=ABibzy_FnjD6lWY8SI5Txw\u0026cb_client=maps_sv.tactile.gps\u0026w=224\u0026h=298\u0026yaw=49.729656\u0026pitch=0\u0026thumbfov=100""}]",null,null,"{""link"":"""",""source"":""""}","{""id"":""114071737891786560933"",""name"":""MENA GAYRİMENKUL (Owner)"",""link"":""https://www.google.com/maps/contrib/114071737891786560933""}","{""borough"":""Küçükyalı"",""street"":""Lokman İş Merkezi, Cami Sk. No:2 K:4 D:25"",""city"":""Maltepe"",""postal_code"":""34840"",""state"":""İstanbul"",""country"":""TR""}","[{""id"":""planning"",""name"":""Planning"",""options"":[{""name"":""Appointment required"",""enabled"":true}]}]",[],null,
6dd7d639-603b-4ca5-b1d9-ccf2a2f9c326,https://www.google.com/maps/place/Dileko%C4%9Flu+Gayr%C4%B1menkul/data=!4m7!3m6!1s0x14caa514b2db58c9:0xf82f425cfca99cd8!8m2!3d41.0529004!4d28.8314613!16s%2Fg%2F11hbv7yv31!19sChIJyVjbshSlyhQR2Jyp_FxCL_g?authuser=0&hl=en&rclk=1,Dilekoğlu Gayrımenkul,Real estate agency,"Demirkapı Mah, Mahmutbey, Maslak Cd. No:6/8 F, 34200 Bağcılar/İstanbul, Türkiye","{""Friday"":[""9 am–7 pm""],""Monday"":[""9 am–7 pm""],""Saturday"":[""9 am–7 pm""],""Sunday"":[""12–6 pm""],""Thursday"":[""9 am–7 pm""],""Tuesday"":[""9 am–7 pm""],""Wednesday"":[""9 am–7 pm""]}",{},http://www.dilekoglugayrimenkul.com/ilanara/?sehir=1&ilce=1&semt=9&ilantip=1&emlaktip=1&,+90 212 651 37 37,"3R3J+5H Bağcılar, İstanbul, Türkiye",90,4.100000,"{""1"":18,""2"":0,""3"":3,""4"":2,""5"":67}",41.052900,28.831461,17883585612454927576,,,,https://lh3.googleusercontent.com/gps-cs-s/AG0ilSyCUh1D8Nz6wOYxnxyCTfdTHreUuZ7udsctEb4HsALabPktnzGL7QJgJT9CYaTAuwgUXmzJBEy2HFi5_f-p5FtNJUl9woM2vQaBc9OBN5fzc7tQeXlBQ5GaUvny_7V2loRBYyQ=w408-h725-k-no,Europe/Istanbul,,0x14caa514b2db58c9:0xf82f425cfca99cd8,"[{""title"":""All"",""image"":""https://lh3.googleusercontent.com/gps-cs-s/AG0ilSyCUh1D8Nz6wOYxnxyCTfdTHreUuZ7udsctEb4HsALabPktnzGL7QJgJT9CYaTAuwgUXmzJBEy2HFi5_f-p5FtNJUl9woM2vQaBc9OBN5fzc7tQeXlBQ5GaUvny_7V2loRBYyQ=w224-h398-k-no""},{""title"":""Exterior"",""image"":""https://lh3.googleusercontent.com/gps-cs-s/AG0ilSyCUh1D8Nz6wOYxnxyCTfdTHreUuZ7udsctEb4HsALabPktnzGL7QJgJT9CYaTAuwgUXmzJBEy2HFi5_f-p5FtNJUl9woM2vQaBc9OBN5fzc7tQeXlBQ5GaUvny_7V2loRBYyQ=w224-h398-k-no""},{""title"":""Real Estate"",""image"":""https://lh3.googleusercontent.com/gps-cs-s/AG0ilSwcsGpBTyelW4OgpXDuZzydaDXi1LkbcMzp0sE_IEeK0E2xm9duZtEI-LQAc84oS-qMEg0LDbdB9aqq8cD0VzWqox0ripGHzotUuMDZZuVtGjIyN6veUpV4EUXQbIeH9xO7MJhN=w224-h398-k-no""}]",null,null,"{""link"":"""",""source"":""""}","{""id"":""105827880219658132943"",""name"":""Dilekoğlu Gayrımenkul (Owner)"",""link"":""https://www.google.com/maps/contrib/105827880219658132943""}","{""borough"":""Mahmutbey"",""street"":""Demirkapı Mah, Maslak Cd. No:6/8 F"",""city"":""Bağcılar"",""postal_code"":""34200"",""state"":""İstanbul"",""country"":""TR""}",null,[],null,
6dd7d639-603b-4ca5-b1d9-ccf2a2f9c326,https://www.google.com/maps/place/TOPRAK+GAYR%C4%B0MENKUL/data=!4m7!3m6!1s0x14caaf3d46ca8f85:0x5acb2f596289a29f!8m2!3d41.1101508!4d28.7888219!16s%2Fg%2F11f1224h6k!19sChIJhY_KRj2vyhQRn6KJYlkvy1o?authuser=0&hl=en&rclk=1,TOPRAK GAYRİMENKUL,Real estate agency,"Başakşehir mah. Cahit Zarifoğlu cad. Zeytinkent Sit. no:9/4, Olimpa AVM Karşısı, CAHİT ZARİFOĞLU ZEYTİNKENT SİTESİ Onurkent Sitesi No:9 D:4, 34480 Başakşehir/İstanbul, Türkiye",{},{},,+90 532 434 91 77,"4Q6Q+3G Başakşehir, İstanbul, Türkiye",402,4.900000,"{""1"":6,""2"":0,""3"":1,""4"":4,""5"":391}",41.110151,28.788822,6542374944637559455,,,,https://lh3.googleusercontent.com/p/AF1QipP2rog6uscE8Ih-yp9XeM2oBpKI7uBD0jM3-d65=w408-h272-k-no,Europe/Istanbul,,0x14caaf3d46ca8f85:0x5acb2f596289a29f,"[{""title"":""All"",""image"":""https://lh3.googleusercontent.com/p/AF1QipP2rog6uscE8Ih-yp9XeM2oBpKI7uBD0jM3-d65=w447-h298-k-no""},{""title"":""Latest"",""image"":""https://lh3.googleusercontent.com/p/AF1QipMBPSv9REe2wNJCvWlqOjnoQ0BeXZhLmR2EmMeb=w325-h298-k-no""},{""title"":""Videos"",""image"":""https://lh3.googleusercontent.com/p/AF1QipPzGk3tIJ-afk51qhTQj9u4CV6N0JOOD1WZ9ClT=w529-h298-k-no""},{""title"":""Exterior"",""image"":""https://lh3.googleusercontent.com/p/AF1QipMLtfKfaqYPkqMoNsyuynvtNqy2zyiRyKVSpNCe=w397-h298-k-no""},{""title"":""Inside"",""image"":""https://lh3.googleusercontent.com/p/AF1QipNCLyuYg1MmIzln5IS78tl6Pg87kFqLa24aULY_=w447-h298-k-no""},{""title"":""By owner"",""image"":""https://lh3.googleusercontent.com/p/AF1QipNDsuzsUQwAa2oZM-Ji4UxaFnkyVi9uhAfzLRqF=w447-h298-k-no""},{""title"":""Street View \u0026 360°"",""image"":""https://streetviewpixels-pa.googleapis.com/v1/thumbnail?panoid=hFFuIJzLzEe8KczF4D2w7w\u0026cb_client=maps_sv.tactile.gps\u0026w=224\u0026h=298\u0026yaw=65.59103\u0026pitch=0\u0026thumbfov=100""}]",null,null,"{""link"":"""",""source"":""""}","{""id"":""109321314979755972320"",""name"":""TOPRAK GAYRİMENKUL (Owner)"",""link"":""https://www.google.com/maps/contrib/109321314979755972320""}","{""borough"":""Başakşehir"",""street"":""Başakşehir mah. Cahit Zarifoğlu cad. Zeytinkent Sit. no:9/4, Olimpa AVM Karşısı, CAHİT ZARİFOĞLU ZEYTİNKENT SİTESİ Onurkent Sitesi No:9 D:4"",""city"":""Başakşehir"",""postal_code"":""34480"",""state"":""İstanbul"",""country"":""TR""}","[{""id"":""service_options"",""name"":""Service options"",""options"":[{""name"":""Online appointments"",""enabled"":true},{""name"":""On-site services"",""enabled"":true}]},{""id"":""accessibility"",""name"":""Accessibility"",""options"":[{""name"":""Wheelchair-accessible car park"",""enabled"":true},{""name"":""Wheelchair-accessible entrance"",""enabled"":true}]}]",[],null,
6dd7d639-603b-4ca5-b1d9-ccf2a2f9c326,https://www.google.com/maps/place/Gayrimenkul+216/data=!4m7!3m6!1s0x14cab78ab3dc46bf:0xdadc22de2c00cada!8m2!3d41.0201351!4d29.0223885!16s%2Fg%2F11c2ptxnwv!19sChIJv0bcs4q3yhQR2soALN4i3No?authuser=0&hl=en&rclk=1,Gayrimenkul 216,Real estate agency,"Valide-i Atik, Çavuşdere Cd. 74A, 34664 Üsküdar/İstanbul, Türkiye","{""Friday"":[""9 am–8 pm""],""Monday"":[""9 am–8 pm""],""Saturday"":[""9 am–8 pm""],""Sunday"":[""12–6 pm""],""Thursday"":[""9 am–8 pm""],""Tuesday"":[""9 am–8 pm""],""Wednesday"":[""9 am–8 pm""]}",{},,+90 216 343 02 16,"22CC+3X Üsküdar, İstanbul, Türkiye",98,4.900000,"{""1"":1,""2"":0,""3"":1,""4"":3,""5"":93}",41.020135,29.022388,15770518332760967898,,,,https://lh3.googleusercontent.com/p/AF1QipMUNaUYaiuql3XKMWiLOTTaI6ETApF6JLaIBj22=w408-h306-k-no,Europe/Istanbul,,0x14cab78ab3dc46bf:0xdadc22de2c00cada,"[{""title"":""All"",""image"":""https://lh3.googleusercontent.com/p/AF1QipMUNaUYaiuql3XKMWiLOTTaI6ETApF6JLaIBj22=w397-h298-k-no""},{""title"":""Exterior"",""image"":""https://lh3.googleusercontent.com/p/AF1QipNF98Pco_Da7Q861GYQMzvq0-ASQpE1jWdlEMGS=w397-h298-k-no""},{""title"":""Inside"",""image"":""https://lh3.googleusercontent.com/p/AF1QipNbHXw9RXLKZBxjPmu9Tc9KzjVisefhs6RKjZDW=w397-h298-k-no""},{""title"":""By owner"",""image"":""https://lh3.googleusercontent.com/p/AF1QipO03lTJgm1DnIMIyrSbwliS0xfw-EJsTPKqClUQ=w397-h298-k-no""},{""title"":""Street View \u0026 360°"",""image"":""https://streetviewpixels-pa.googleapis.com/v1/thumbnail?panoid=qU7JF170Yn1XT_w2yvK27g\u0026cb_client=maps_sv.tactile.gps\u0026w=224\u0026h=298\u0026yaw=142.65353\u0026pitch=0\u0026thumbfov=100""}]",null,null,"{""link"":"""",""source"":""""}","{""id"":""114588281741359873085"",""name"":""Gayrimenkul 216 (Owner)"",""link"":""https://www.google.com/maps/contrib/114588281741359873085""}","{""borough"":""Validei Atik"",""street"":""Çavuşdere Cd. 74A"",""city"":""Üsküdar"",""postal_code"":""34664"",""state"":""İstanbul"",""country"":""TR""}","[{""id"":""from_the_business"",""name"":""From the business"",""options"":[{""name"":""Identifies as women-owned"",""enabled"":true}]},{""id"":""service_options"",""name"":""Service options"",""options"":[{""name"":""Online appointments"",""enabled"":true},{""name"":""On-site services"",""enabled"":true}]},{""id"":""accessibility"",""name"":""Accessibility"",""options"":[{""name"":""Wheelchair-accessible entrance"",""enabled"":false}]},{""id"":""planning"",""name"":""Planning"",""options"":[{""name"":""Appointment required"",""enabled"":true}]}]",[],null,
6dd7d639-603b-4ca5-b1d9-ccf2a2f9c326,https://www.google.com/maps/place/GOLD+HOUSE+GAYR%C4%B0MENKUL+%26+DANI%C5%9EMANLIK+iSTANBUL/data=!4m7!3m6!1s0x14caa583d16e686f:0x43bc131afcba858a!8m2!3d41.007373!4d28.8595211!16s%2Fg%2F11g4f65c5v!19sChIJb2hu0YOlyhQRioW6_BoTvEM?authuser=0&hl=en&rclk=1,GOLD HOUSE GAYRİMENKUL & DANIŞMANLIK iSTANBUL,Real estate agency,"GOLD HOUSE GAYRİMENKUL, Bahçelievler, Düzgün Sk. No:8/A, 34180 Bahçelievler/İstanbul, Türkiye",{},{},http://www.goldhousetr.com/,+90 542 313 58 53,"2V45+WR Bahçelievler, İstanbul, Türkiye",75,4.500000,"{""1"":9,""2"":0,""3"":1,""4"":2,""5"":63}",41.007373,28.859521,4880797102792934794,,,,https://lh3.googleusercontent.com/p/AF1QipO1l2tGr6vdKnSb1xLTTkIMRStBs9gBDf5FovQj=w425-h240-k-no,Europe/Istanbul,,0x14caa583d16e686f:0x43bc131afcba858a,"[{""title"":""All"",""image"":""https://lh3.googleusercontent.com/p/AF1QipO1l2tGr6vdKnSb1xLTTkIMRStBs9gBDf5FovQj=w528-h298-k-no""},{""title"":""Exterior"",""image"":""https://lh3.googleusercontent.com/p/AF1QipPh6agTWXYuopXCIFr-VT3EEbLhdwYfICGPT_fW=w381-h298-k-no""},{""title"":""Videos"",""image"":""https://lh3.googleusercontent.com/p/AF1QipOl0CTSnj2BsF1cEiJ2t6hDKbiEIlXAN2Zu9x2R=w224-h395-k-no""},{""title"":""Inside"",""image"":""https://lh3.googleusercontent.com/p/AF1QipPV5d0SP_ciP_iRTVP5DPK0_nRUYjcg_FWHxnFW=w447-h298-k-no""},{""title"":""By owner"",""image"":""https://lh3.googleusercontent.com/p/AF1QipPTz6OprgNKzdHG8k0uWHH_PaLuGjCiVOgoKfmp=w224-h395-k-no""}]",null,"[{""link"":""http://www.goldhousetr.com/"",""source"":""goldhousetr.com""}]","{""link"":"""",""source"":""""}","{""id"":""109440250022575512544"",""name"":""GOLD HOUSE GAYRİMENKUL \u0026 DANIŞMANLIK iSTANBUL (Owner)"",""link"":""https://www.google.com/maps/contrib/109440250022575512544""}","{""borough"":""Bahçelievler Merkez"",""street"":""GOLD HOUSE GAYRİMENKUL, Düzgün Sk. No:8/A"",""city"":""Bahçelievler"",""postal_code"":""34180"",""state"":""İstanbul"",""country"":""TR""}","[{""id"":""service_options"",""name"":""Service options"",""options"":[{""name"":""Online appointments"",""enabled"":true},{""name"":""On-site services"",""enabled"":true}]},{""id"":""accessibility"",""name"":""Accessibility"",""options"":[{""name"":""Wheelchair-accessible car park"",""enabled"":true},{""name"":""Wheelchair-accessible entrance"",""enabled"":true},{""name"":""Wheelchair-accessible seating"",""enabled"":true},{""name"":""Wheelchair-accessible toilet"",""enabled"":true}]},{""id"":""amenities"",""name"":""Amenities"",""options"":[{""name"":""Gender-neutral toilets"",""enabled"":true}]},{""id"":""parking"",""name"":""Parking"",""options"":[{""name"":""Free multi-storey car park"",""enabled"":true},{""name"":""Free of charge street parking"",""enabled"":true},{""name"":""Free parking lot"",""enabled"":true},{""name"":""On-site parking"",""enabled"":true},{""name"":""Paid street parking"",""enabled"":true}]}]",[],null,
6dd7d639-603b-4ca5-b1d9-ccf2a2f9c326,https://www.google.com/maps/place/%C4%B0stanbul+Emlak+Gayrimenkul/data=!4m7!3m6!1s0x14cab67cd14891eb:0x1ed06c368f46c487!8m2!3d41.089856!4d29.002712!16s%2Fg%2F11f543zgyz!19sChIJ65FI0Xy2yhQRh8RGjzZs0B4?authuser=0&hl=en&rclk=1,İstanbul Emlak Gayrimenkul,Real estate agency,"Sultan Selim, Yasemin Sk. No:10/1, 34415 Kağıthane/İstanbul, Türkiye",{},{},http://www.istanbulcityhomes.com/,+90 212 283 58 21,"32Q3+W3 Kağıthane, İstanbul, Türkiye",15,4.700000,"{""1"":1,""2"":0,""3"":0,""4"":1,""5"":13}",41.089856,29.002712,2220393597881468039,,,,https://lh3.googleusercontent.com/p/AF1QipMo9J0VnwlsLx0YPlSu1Q_32-kubVEZ-Kfk_Tv_=w408-h306-k-no,Europe/Istanbul,,0x14cab67cd14891eb:0x1ed06c368f46c487,"[{""title"":""All"",""image"":""https://lh3.googleusercontent.com/p/AF1QipMo9J0VnwlsLx0YPlSu1Q_32-kubVEZ-Kfk_Tv_=w397-h298-k-no""},{""title"":""Inside"",""image"":""https://lh3.googleusercontent.com/p/AF1QipOg_STsmJFGksyR-fr9tqH-xR59B31yxf5s3WJ2=w397-h298-k-no""},{""title"":""Videos"",""image"":""https://lh3.googleusercontent.com/p/AF1QipOueMbIGqTFsaM6xZkvPkgW1GCPw4Uck_aw1WqJ=w224-h398-k-no""},{""title"":""By owner"",""image"":""https://lh3.googleusercontent.com/p/AF1QipOueMbIGqTFsaM6xZkvPkgW1GCPw4Uck_aw1WqJ=w224-h398-k-no""},{""title"":""Street View \u0026 360°"",""image"":""https://streetviewpixels-pa.googleapis.com/v1/thumbnail?panoid=E6UrojynOowmeNJvLoLsmA\u0026cb_client=maps_sv.tactile.gps\u0026w=224\u0026h=298\u0026yaw=301.84995\u0026pitch=0\u0026thumbfov=100""}]",null,null,"{""link"":"""",""source"":""""}","{""id"":""107053639863674326100"",""name"":""İstanbul Emlak Gayrimenkul (Owner)"",""link"":""https://www.google.com/maps/contrib/107053639863674326100""}","{""borough"":""Sultan Selim"",""street"":""Yasemin Sk. No:10/1"",""city"":""Kağıthane"",""postal_code"":""34415"",""state"":""İstanbul"",""country"":""TR""}","[{""id"":""service_options"",""name"":""Service options"",""options"":[{""name"":""Online appointments"",""enabled"":true},{""name"":""On-site services"",""enabled"":true}]},{""id"":""accessibility"",""name"":""Accessibility"",""options"":[{""name"":""Wheelchair-accessible entrance"",""enabled"":true},{""name"":""Wheelchair-accessible seating"",""enabled"":true},{""name"":""Wheelchair-accessible toilet"",""enabled"":false}]},{""id"":""planning"",""name"":""Planning"",""options"":[{""name"":""Appointment required"",""enabled"":true}]}]",[],null,
6dd7d639-603b-4ca5-b1d9-ccf2a2f9c326,https://www.google.com/maps/place/SAADETDERE+GAYR%C4%B0MENKUL/data=!4m7!3m6!1s0x14caa1b61ae0da6b:0x40579a2f63fcccd7!8m2!3d41.0023405!4d28.6945847!16s%2Fg%2F11h271mtnm!19sChIJa9rgGrahyhQR18z8Yy-aV0A?authuser=0&hl=en&rclk=1,SAADETDERE GAYRİMENKUL,Real estate agency,"Turgut Özal, 64. Sk. No:19 C 1, 34513 Esenyurt/İstanbul, Türkiye",{},{},,,,167,4.900000,"{""1"":4,""2"":1,""3"":1,""4"":4,""5"":157}",41.002340,28.694585,4636343869732867287,,,,https://lh3.googleusercontent.com/p/AF1QipN6gZHn6I3eqwC8ETw7KwDSVflCmoT-4XG9NO0z=w416-h240-k-no,Europe/Istanbul,,0x14caa1b61ae0da6b:0x40579a2f63fcccd7,"[{""title"":""All"",""image"":""https://lh3.googleusercontent.com/p/AF1QipN6gZHn6I3eqwC8ETw7KwDSVflCmoT-4XG9NO0z=w517-h298-k-no""},{""title"":""Exterior"",""image"":""https://lh3.googleusercontent.com/p/AF1QipNITEOuttwZVPS3Vry-XyCRTEBvKC-gZp_WS19R=w508-h298-k-no""},{""title"":""Videos"",""image"":""https://lh3.googleusercontent.com/p/AF1QipMkoyzEtf4mahrQnKjLLpimbktGQoFEo4TrfEVg=w397-h298-k-no""},{""title"":""Inside"",""image"":""https://lh3.googleusercontent.com/p/AF1QipO0jh7WjdhsvV3CiLXRpqV6WGQifxJQcZ1ONmYl=w517-h298-k-no""},{""title"":""By owner"",""image"":""https://lh3.googleusercontent.com/p/AF1QipMkoyzEtf4mahrQnKjLLpimbktGQoFEo4TrfEVg=w397-h298-k-no""},{""title"":""Street View \u0026 360°"",""image"":""https://lh3.googleusercontent.com/gps-cs-s/AG0ilSw9gNCH2Z4hYjiJzq31yU9uLJ5Yp1jVELnWuuKZruuWNOdvDKb3oNjOw8oH1vCs2dP2utVqvtrN1Lg-C0O-2i4VLVPQINBj4ceLmzHwyh4iSBV0ZShnBLlIqlZGvHqVVZU48gwB=w224-h298-k-no-pi0-ya3.0000098-ro-0-fo100""}]",null,null,"{""link"":"""",""source"":""""}","{""id"":""112239021643363471889"",""name"":""SAADETDERE GAYRİMENKUL (Owner)"",""link"":""https://www.google.com/maps/contrib/112239021643363471889""}","{""borough"":"""",""street"":"""",""city"":"""",""postal_code"":"""",""state"":"""",""country"":""""}",null,[],null,
6dd7d639-603b-4ca5-b1d9-ccf2a2f9c326,https://www.google.com/maps/place/WESTATE+%C4%B0STANBUL+GAYR%C4%B0MENKUL/data=!4m7!3m6!1s0x8589a04226095765:0x80f1b203ac7dcc5d!8m2!3d41.0158294!4d28.6418275!16s%2Fg%2F11s75ncwj9!19sChIJZVcJJkKgiYURXcx9rAOy8YA?authuser=0&hl=en&rclk=1,WESTATE İSTANBUL GAYRİMENKUL,Real estate agency,"Barbaros Hayrettin Paşa mah. 1995.sok. Akros residence no 1_3 Daire 313, 34522 Esenyurt/İstanbul, Türkiye","{""Friday"":[""9 am–7 pm""],""Monday"":[""9 am–7 pm""],""Saturday"":[""9 am–7 pm""],""Sunday"":[""9 am–7 pm""],""Thursday"":[""9 am–7 pm""],""Tuesday"":[""9 am–7 pm""],""Wednesday"":[""9 am–7 pm""]}",{},,+90 507 751 25 77,"2J8R+8P Esenyurt, İstanbul, Türkiye",17,5.000000,"{""1"":0,""2"":0,""3"":0,""4"":0,""5"":17}",41.015829,28.641827,9291403235090615389,,,,https://lh3.googleusercontent.com/p/AF1QipPZLaGNmyfxRo5xeRrlAOOO2FNGq4vu9pA37HUp=w408-h306-k-no,Europe/Istanbul,,0x8589a04226095765:0x80f1b203ac7dcc5d,"[{""title"":""All"",""image"":""https://lh3.googleusercontent.com/p/AF1QipPZLaGNmyfxRo5xeRrlAOOO2FNGq4vu9pA37HUp=w397-h298-k-no""},{""title"":""Inside"",""image"":""https://lh3.googleusercontent.com/p/AF1QipPzFiPGygfJKRXvf0On3SK5sy3Broanl87UaYU0=w397-h298-k-no""},{""title"":""By owner"",""image"":""https://lh3.googleusercontent.com/p/AF1QipMItOpv8A3uLDzyVRARXvXJy5ZxbTdZE7qreTgA=w397-h298-k-no""},{""title"":""Street View \u0026 360°"",""image"":""https://streetviewpixels-pa.googleapis.com/v1/thumbnail?panoid=o_erBsE4-dKeL0zicb_Wog\u0026cb_client=maps_sv.tactile.gps\u0026w=224\u0026h=298\u0026yaw=35.084328\u0026pitch=0\u0026thumbfov=100""}]",null,null,"{""link"":"""",""source"":""""}","{""id"":""117047584269670590725"",""name"":""WESTATE İSTANBUL GAYRİMENKUL (Owner)"",""link"":""https://www.google.com/maps/contrib/117047584269670590725""}","{""borough"":""Barbaros Hayrettin Paşa"",""street"":""Barbaros Hayrettin Paşa mah. 1995.sok. Akros residence no 1_3 Daire 313"",""city"":""Esenyurt"",""postal_code"":""34522"",""state"":""İstanbul"",""country"":""TR""}","[{""id"":""from_the_business"",""name"":""From the business"",""options"":[{""name"":""Identifies as women-owned"",""enabled"":true}]},{""id"":""service_options"",""name"":""Service options"",""options"":[{""name"":""On-site services"",""enabled"":true}]},{""id"":""accessibility"",""name"":""Accessibility"",""options"":[{""name"":""Wheelchair-accessible car park"",""enabled"":true}]}]",[],null,
6dd7d639-603b-4ca5-b1d9-ccf2a2f9c326,https://www.google.com/maps/place/Century+21+Karun+Gayrimenkul+Dan%C4%B1%C5%9Fmanl%C4%B1%C4%9F%C4%B1/data=!4m7!3m6!1s0x14cab71b3a13f13b:0xd8200fa848ec6ab3!8m2!3d41.0641976!4d28.9880072!16s%2Fg%2F1tj54t75!19sChIJO_ETOhu3yhQRs2rsSKgPINg?authuser=0&hl=en&rclk=1,Century 21 Karun Gayrimenkul Danışmanlığı,Real estate agency,"Şişli Abide-i Hürriyet Cad. İstiklal Sok. K.E.Y Plaza, No:11 K:3, 34381 Şişli/İstanbul, Türkiye","{""Friday"":[""9 am–6 pm""],""Monday"":[""9 am–6 pm""],""Saturday"":[""9:30 am–4:30 pm""],""Sunday"":[""9:30 am–4:30 pm""],""Thursday"":[""9 am–6 pm""],""Tuesday"":[""9 am–6 pm""],""Wednesday"":[""9 am–6 pm""]}",{},https://www.century21.com.tr/tr-TR/Offices/Detail/karun,+90 212 343 89 43,"3X7Q+M6 Şişli, İstanbul, Türkiye",86,4.800000,"{""1"":4,""2"":1,""3"":0,""4"":0,""5"":81}",41.064198,28.988007,15573464726899550899,,,,https://lh3.googleusercontent.com/p/AF1QipPuzd0mDaVcx7_25wAkwUv3GUUCM3-MzLveo-NZ=w493-h240-k-no,Europe/Istanbul,,0x14cab71b3a13f13b:0xd8200fa848ec6ab3,"[{""title"":""All"",""image"":""https://lh3.googleusercontent.com/p/AF1QipPuzd0mDaVcx7_25wAkwUv3GUUCM3-MzLveo-NZ=w613-h298-k-no""},{""title"":""Exterior"",""image"":""https://lh3.googleusercontent.com/p/AF1QipOAi995eveRH5_e5Myo7J3vNfbNqbPLqqBC2tOK=w224-h298-k-no""},{""title"":""Inside"",""image"":""https://lh3.googleusercontent.com/p/AF1QipOpSVMr9REwzLp94qJJYw47_rEMJaLk03WlbATH=w613-h298-k-no""},{""title"":""By owner"",""image"":""https://lh3.googleusercontent.com/p/AF1QipN17aLqHQCMybJgutTh3r4INsf12AT5sEZ4b6nM=w613-h298-k-no""}]",null,"[{""link"":""https://www.century21.com.tr/tr-TR/Offices/Detail/karun"",""source"":""century21.com.tr""}]","{""link"":"""",""source"":""""}","{""id"":""112467997845689675895"",""name"":""Century 21 Karun Gayrimenkul Danışmanlığı (Owner)"",""link"":""https://www.google.com/maps/contrib/112467997845689675895""}","{""borough"":""Merkez"",""street"":""Şişli Abide-i Hürriyet Cad. İstiklal Sok. K.E.Y Plaza, No:11 K:3"",""city"":""Şişli"",""postal_code"":""34381"",""state"":""İstanbul"",""country"":""TR""}","[{""id"":""service_options"",""name"":""Service options"",""options"":[{""name"":""On-site services"",""enabled"":true}]},{""id"":""planning"",""name"":""Planning"",""options"":[{""name"":""Appointment required"",""enabled"":true}]}]",[],null,
6dd7d639-603b-4ca5-b1d9-ccf2a2f9c326,https://www.google.com/maps/place/ATS+EMLAK+%26+GAYR%C4%B0MENKUL+YATIRIM+DANI%C5%9EMANLI%C4%9EI/data=!4m7!3m6!1s0x14cacad96297a455:0x68375f50624acac7!8m2!3d41.1374769!4d29.0867937!16s%2Fg%2F11f33nr7_d!19sChIJVaSXYtnKyhQRx8pKYlBfN2g?authuser=0&hl=en&rclk=1,ATS EMLAK & GAYRİMENKUL YATIRIM DANIŞMANLIĞI,Real estate agency,"Yalıköy, Baharatcı Sk. No:5, 34820 Beykoz/İstanbul, Türkiye",{},{},https://atsgayrimenkulemlak.sahibinden.com/,+90 216 424 20 22,"43PP+XP Beykoz, İstanbul, Türkiye",13,4.200000,"{""1"":1,""2"":1,""3"":1,""4"":1,""5"":9}",41.137477,29.086794,7509575702514682567,,,,https://lh3.googleusercontent.com/p/AF1QipODJHmHIf1p9wZlq3lYyEuuKWzDu9NcTCech42s=w835-h240-k-no,Europe/Istanbul,,0x14cacad96297a455:0x68375f50624acac7,"[{""title"":""All"",""image"":""https://lh3.googleusercontent.com/p/AF1QipODJHmHIf1p9wZlq3lYyEuuKWzDu9NcTCech42s=w1037-h298-k-no""},{""title"":""Exterior"",""image"":""//lh3.googleusercontent.com/xkB-jwaGcDcJlEVpZneur8Ua1IKTdLYFXgf8EJYUDvMK04HOk4IvOFj2VO6Cnbw=w529-h298-k-no""},{""title"":""Inside"",""image"":""https://lh3.googleusercontent.com/p/AF1QipPLnbwRDsDvLIkscu5Zd_npZDtJGSZ6B6G6Pkih=w397-h298-k-no""},{""title"":""By owner"",""image"":""https://lh3.googleusercontent.com/p/AF1QipMdowQWjXgc3nroLVU0DZo7XF6S0zoL6OCsAAcA=w551-h298-k-no""},{""title"":""Street View \u0026 360°"",""image"":""https://streetviewpixels-pa.googleapis.com/v1/thumbnail?panoid=TdTqljDGjDFacQsxof1hgA\u0026cb_client=maps_sv.tactile.gps\u0026w=224\u0026h=298\u0026yaw=348.79288\u0026pitch=0\u0026thumbfov=100""}]",null,"[{""link"":""https://atsgayrimenkulemlak.sahibinden.com/"",""source"":""sahibinden.com""}]","{""link"":"""",""source"":""""}","{""id"":""104555831682010657907"",""name"":""ATS EMLAK \u0026 GAYRİMENKUL YATIRIM DANIŞMANLIĞI (Owner)"",""link"":""https://www.google.com/maps/contrib/104555831682010657907""}","{""borough"":""Yalıköy"",""street"":""Baharatcı Sk. No:5"",""city"":""Beykoz"",""postal_code"":""34820"",""state"":""İstanbul"",""country"":""TR""}","[{""id"":""service_options"",""name"":""Service options"",""options"":[{""name"":""Online appointments"",""enabled"":true},{""name"":""On-site services"",""enabled"":true}]}]",[],null,
6dd7d639-603b-4ca5-b1d9-ccf2a2f9c326,https://www.google.com/maps/place/GRV+%C4%B0N%C5%9EAAT+%26+EMLAK+%26+GAYR%C4%B0MENKUL+DANI%C5%9EMANLI%C4%9EI/data=!4m7!3m6!1s0x14cab123b019ccf5:0x953c1b5c10e45696!8m2!3d41.098752!4d28.908373!16s%2Fg%2F11p643bhx7!19sChIJ9cwZsCOxyhQRllbkEFwbPJU?authuser=0&hl=en&rclk=1,GRV İNŞAAT & EMLAK & GAYRİMENKUL DANIŞMANLIĞI,Real estate agency,"Zübeyde Hanım, 1276. Sk. No:5/A, 34260 Sultangazi/İstanbul, Türkiye",{},{},,+90 546 939 34 13,"3WX5+G8 Sultangazi, İstanbul, Türkiye",13,5.000000,"{""1"":0,""2"":0,""3"":0,""4"":0,""5"":13}",41.098752,28.908373,10753500092488242838,,,,https://streetviewpixels-pa.googleapis.com/v1/thumbnail?panoid=VYH0_4XQ3KJvvy4hykHLCQ&cb_client=search.gws-prod.gps&w=408&h=240&yaw=295.8014&pitch=0&thumbfov=100,Europe/Istanbul,,0x14cab123b019ccf5:0x953c1b5c10e45696,"[{""title"":""All"",""image"":""https://streetviewpixels-pa.googleapis.com/v1/thumbnail?panoid=VYH0_4XQ3KJvvy4hykHLCQ\u0026cb_client=maps_sv.tactile.gps\u0026w=224\u0026h=298\u0026yaw=295.8014\u0026pitch=0\u0026thumbfov=100""},{""title"":""By owner"",""image"":""https://lh3.googleusercontent.com/p/AF1QipP37B8ZmDuxlYGpBCjuYL4s1P228rB4BoEj-yJb=w297-h298-k-no""},{""title"":""Street View \u0026 360°"",""image"":""https://streetviewpixels-pa.googleapis.com/v1/thumbnail?panoid=VYH0_4XQ3KJvvy4hykHLCQ\u0026cb_client=maps_sv.tactile.gps\u0026w=224\u0026h=298\u0026yaw=295.8014\u0026pitch=0\u0026thumbfov=100""}]",null,null,"{""link"":"""",""source"":""""}","{""id"":""117785932898047513414"",""name"":""GRV İNŞAAT \u0026 EMLAK \u0026 GAYRİMENKUL DANIŞMANLIĞI (Owner)"",""link"":""https://www.google.com/maps/contrib/117785932898047513414""}","{""borough"":""Zübeyde Hanım"",""street"":""1276. Sk. No:5/A"",""city"":""Sultangazi"",""postal_code"":""34260"",""state"":""İstanbul"",""country"":""TR""}",null,[],null,
6dd7d639-603b-4ca5-b1d9-ccf2a2f9c326,https://www.google.com/maps/place/Tataro%C4%9Flu+Gayrimenkul/data=!4m7!3m6!1s0x14caa9d5f023baed:0x289ca84a5186eac2!8m2!3d41.1555421!4d28.6737715!16s%2Fg%2F11cl_5cbrs!19sChIJ7boj8NWpyhQRwuqGUUqonCg?authuser=0&hl=en&rclk=1,Tataroğlu Gayrimenkul,Real estate agency,"Tataroğlu Gayrimenkul, 34555 Arnavutköy/İstanbul, Sazlıbosna, 34555 Arnavutköy/İstanbul, Türkiye",{},{},,+90 533 038 49 34,"5M4F+6G Arnavutköy, İstanbul, Türkiye",11,4.500000,"{""1"":0,""2"":1,""3"":1,""4"":0,""5"":9}",41.155542,28.673771,2926398895032822466,,,,https://lh3.googleusercontent.com/gps-cs-s/AG0ilSwOiqNm72zWlPi_BdcNz42Z53KzdBKwQhCsdLz02YyWk39Z_6ydScm2rVftr90d78-Jb2YTIr7xk5zSZrNWBB-vlgz64-M5F7WIb_nqSlGNm3zouKf2Iul6J1Oz1D-174asCrwN=w408-h261-k-no,Europe/Istanbul,,0x14caa9d5f023baed:0x289ca84a5186eac2,"[{""title"":""All"",""image"":""https://lh3.googleusercontent.com/gps-cs-s/AG0ilSwOiqNm72zWlPi_BdcNz42Z53KzdBKwQhCsdLz02YyWk39Z_6ydScm2rVftr90d78-Jb2YTIr7xk5zSZrNWBB-vlgz64-M5F7WIb_nqSlGNm3zouKf2Iul6J1Oz1D-174asCrwN=w465-h298-k-no""},{""title"":""Exterior"",""image"":""https://lh3.googleusercontent.com/p/AF1QipPeLygoWxEeWzA6Mmd1XzpleVlBrNT6M4OJJ-Qd=w447-h298-k-no""},{""title"":""By owner"",""image"":""https://lh3.googleusercontent.com/p/AF1QipPoPM7MznLFSwg809mDwGhgTI07oTbPkWYFdnVY=w567-h298-k-no""},{""title"":""Street View \u0026 360°"",""image"":""https://streetviewpixels-pa.googleapis.com/v1/thumbnail?panoid=Zx6fuvKiIaQmtyiZSsraSg\u0026cb_client=maps_sv.tactile.gps\u0026w=224\u0026h=298\u0026yaw=285.12387\u0026pitch=0\u0026thumbfov=100""}]",null,null,"{""link"":"""",""source"":""""}","{""id"":""108580285249052393089"",""name"":""Tataroğlu Gayrimenkul (Owner)"",""link"":""https://www.google.com/maps/contrib/108580285249052393089""}","{""borough"":""Sazlıbosna"",""street"":""Tataroğlu Gayrimenkul, 34555 Arnavutköy/İstanbul"",""city"":""Arnavutköy"",""postal_code"":""34555"",""state"":""İstanbul"",""country"":""TR""}","[{""id"":""service_options"",""name"":""Service options"",""options"":[{""name"":""On-site services"",""enabled"":true},{""name"":""Online appointments"",""enabled"":false}]},{""id"":""accessibility"",""name"":""Accessibility"",""options"":[{""name"":""Wheelchair-accessible car park"",""enabled"":true},{""name"":""Wheelchair-accessible seating"",""enabled"":true},{""name"":""Wheelchair-accessible toilet"",""enabled"":true}]},{""id"":""planning"",""name"":""Planning"",""options"":[{""name"":""Appointment required"",""enabled"":true}]},{""id"":""parking"",""name"":""Parking"",""options"":[{""name"":""Free of charge street parking"",""enabled"":true},{""name"":""Free parking lot"",""enabled"":true},{""name"":""On-site parking"",""enabled"":true}]}]",[],null,
6dd7d639-603b-4ca5-b1d9-ccf2a2f9c326,https://www.google.com/maps/place/Ozan+Gayrimenkul/data=!4m7!3m6!1s0x14cab0dc4ca483b3:0x34ba9bb2d40af090!8m2!3d41.075175!4d28.9323403!16s%2Fg%2F11qndrwl_3!19sChIJs4OkTNywyhQRkPAK1LKbujQ?authuser=0&hl=en&rclk=1,Ozan Gayrimenkul,Real estate agency,"Karadolap, Çıkrık Sokağı no31 D:35A, 34065 Eyüpsultan/İstanbul, Türkiye","{""Friday"":[""9 am–7 pm""],""Monday"":[""9 am–7 pm""],""Saturday"":[""9 am–7 pm""],""Sunday"":[""10 am–7 pm""],""Thursday"":[""9 am–7 pm""],""Tuesday"":[""9 am–7 pm""],""Wednesday"":[""9 am–7 pm""]}",{},https://banaozel.sahibinden.com/,+90 530 573 02 56,"3WGJ+3W Eyüpsultan, İstanbul, Türkiye",3,5.000000,"{""1"":0,""2"":0,""3"":0,""4"":0,""5"":3}",41.075175,28.932340,3799520428004405392,,,,https://streetviewpixels-pa.googleapis.com/v1/thumbnail?panoid=3LBMZ4jOSeKBgERdnZtzBg&cb_client=search.gws-prod.gps&w=408&h=240&yaw=293.1408&pitch=0&thumbfov=100,Europe/Istanbul,,0x14cab0dc4ca483b3:0x34ba9bb2d40af090,"[{""title"":""All"",""image"":""https://streetviewpixels-pa.googleapis.com/v1/thumbnail?panoid=3LBMZ4jOSeKBgERdnZtzBg\u0026cb_client=maps_sv.tactile.gps\u0026w=224\u0026h=298\u0026yaw=293.1408\u0026pitch=0\u0026thumbfov=100""},{""title"":""Street View \u0026 360°"",""image"":""https://streetviewpixels-pa.googleapis.com/v1/thumbnail?panoid=3LBMZ4jOSeKBgERdnZtzBg\u0026cb_client=maps_sv.tactile.gps\u0026w=224\u0026h=298\u0026yaw=293.1408\u0026pitch=0\u0026thumbfov=100""}]",null,null,"{""link"":"""",""source"":""""}","{""id"":"""",""name"":""Ozan Gayrimenkul (Owner)"",""link"":""""}","{""borough"":""Karadolap"",""street"":""Çıkrık Sokağı no31 D:35A"",""city"":""Eyüpsultan"",""postal_code"":""34065"",""state"":""İstanbul"",""country"":""TR""}","[{""id"":""from_the_business"",""name"":""From the business"",""options"":[{""name"":""Identifies as women-owned"",""enabled"":true}]},{""id"":""service_options"",""name"":""Service options"",""options"":[{""name"":""On-site services"",""enabled"":true}]}]",[],null,
6dd7d639-603b-4ca5-b1d9-ccf2a2f9c326,https://www.google.com/maps/place/CENTURY21+PALMY+GAYR%C4%B0MENKUL/data=!4m7!3m6!1s0x14cab86685863ff9:0x17b807f4b3b5e546!8m2!3d40.9865601!4d29.0280133!16s%2Fg%2F11g86nkdhh!19sChIJ-T-GhWa4yhQRRuW1s_QHuBc?authuser=0&hl=en&rclk=1,CENTURY21 PALMY GAYRİMENKUL,Real estate agency,"Caferağa, Gen. Asım Gündüz Cd. HAYAT APT NO:76 D:3, 34710 Kadıköy/İstanbul, Türkiye",{},{},https://century21.com.tr/tr-tr/Offices/Detail/palmy,+90 216 336 87 51,"X2PH+J6 Kadıköy, İstanbul, Türkiye",21,3.700000,"{""1"":6,""2"":0,""3"":1,""4"":1,""5"":13}",40.986560,29.028013,1709124806155560262,,,,https://lh3.googleusercontent.com/p/AF1QipPboTGJABCyNjChiVVFFrt5JRJZyQQfIo30pbYu=w426-h240-k-no,Europe/Istanbul,,0x14cab86685863ff9:0x17b807f4b3b5e546,"[{""title"":""All"",""image"":""https://lh3.googleusercontent.com/p/AF1QipPboTGJABCyNjChiVVFFrt5JRJZyQQfIo30pbYu=w529-h298-k-no""},{""title"":""Exterior"",""image"":""https://lh3.googleusercontent.com/p/AF1QipPCLSpq0ZW3obn8-MuLcGuezzx7PMNFv4mrBn57=w301-h298-k-no""},{""title"":""Videos"",""image"":""https://lh3.googleusercontent.com/p/AF1QipNRubOE_tP-UKyr1SsYA4KTrd3d_rnmBKaqW3ZM=w529-h298-k-no""},{""title"":""By owner"",""image"":""https://lh3.googleusercontent.com/p/AF1QipNRubOE_tP-UKyr1SsYA4KTrd3d_rnmBKaqW3ZM=w529-h298-k-no""},{""title"":""Street View \u0026 360°"",""image"":""https://streetviewpixels-pa.googleapis.com/v1/thumbnail?panoid=MuInUL6Gub4bexpMDKZMag\u0026cb_client=maps_sv.tactile.gps\u0026w=224\u0026h=298\u0026yaw=311.19965\u0026pitch=0\u0026thumbfov=100""}]",null,null,"{""link"":"""",""source"":""""}","{""id"":""100535964708565128834"",""name"":""CENTURY21 PALMY GAYRİMENKUL (Owner)"",""link"":""https://www.google.com/maps/contrib/100535964708565128834""}","{""borough"":""Caferağa"",""street"":""Gen. Asım Gündüz Cd. HAYAT APT NO:76 D:3"",""city"":""Kadıköy"",""postal_code"":""34710"",""state"":""İstanbul"",""country"":""TR""}","[{""id"":""service_options"",""name"":""Service options"",""options"":[{""name"":""Online appointments"",""enabled"":true},{""name"":""On-site services"",""enabled"":true}]},{""id"":""planning"",""name"":""Planning"",""options"":[{""name"":""Appointment required"",""enabled"":true}]}]",[],null,
6dd7d639-603b-4ca5-b1d9-ccf2a2f9c326,https://www.google.com/maps/place/G%C3%BCler+Gayrimenkul+Dan%C4%B1%C5%9Fmanl%C4%B1%C4%9F%C4%B1/data=!4m7!3m6!1s0x14cab1a4204a5ce3:0x7cd7b341da746dbd!8m2!3d41.102543!4d28.900287!16s%2Fg%2F11gf9cy4p3!19sChIJ41xKIKSxyhQRvW102kGz13w?authuser=0&hl=en&rclk=1,Güler Gayrimenkul Danışmanlığı,Commercial real estate agency,"Gazi, Millet Cd. No:43 D:B, 34260 Sultangazi/İstanbul, Türkiye","{""Friday"":[""Open 24 hours""],""Monday"":[""Open 24 hours""],""Saturday"":[""Open 24 hours""],""Sunday"":[""Open 24 hours""],""Thursday"":[""Open 24 hours""],""Tuesday"":[""Open 24 hours""],""Wednesday"":[""Open 24 hours""]}",{},https://gulergayrimenkul.sahibinden.com/,+90 212 536 01 65,"4W32+24 Sultangazi, İstanbul, Türkiye",14,4.900000,"{""1"":0,""2"":0,""3"":1,""4"":0,""5"":13}",41.102543,28.900287,8995855876115164605,,,,https://lh3.googleusercontent.com/gps-cs-s/AG0ilSzGYmNOpy-O7vsSf1bGAfJmc8lY3q72JYodA9MjJ_PL2eJqmOcynFya5y5fjWMzFHfEoRXdeAQooSFeA-8jhL-WDNMBMqZmCaDSQP04h7Z5fojHIHQqS4wJzzwco-dsWgUjydxj=w408-h306-k-no,Europe/Istanbul,,0x14cab1a4204a5ce3:0x7cd7b341da746dbd,"[{""title"":""All"",""image"":""https://lh3.googleusercontent.com/gps-cs-s/AG0ilSzGYmNOpy-O7vsSf1bGAfJmc8lY3q72JYodA9MjJ_PL2eJqmOcynFya5y5fjWMzFHfEoRXdeAQooSFeA-8jhL-WDNMBMqZmCaDSQP04h7Z5fojHIHQqS4wJzzwco-dsWgUjydxj=w397-h298-k-no""},{""title"":""Exterior"",""image"":""https://lh3.googleusercontent.com/gps-cs-s/AG0ilSxlvoOmJXVdxWgwYahP2vJPFwF0W7pADf2nVtF9VIIb6DQ0XoCB0XFzRr9QmCl-YsGIwHLJBQgQzc5Nrb8YhMLMXAPijYUY7GmsQYYkV5DS_ne2hby5f_qVFwIh094q0lFS9tuf=w229-h298-k-no""},{""title"":""Inside"",""image"":""https://lh3.googleusercontent.com/gps-cs-s/AG0ilSy7urHSLuIjfSEXCnlj3h6ivYAT9dYdFzs9vaCSmbHlrx5wCmZ4Uel6pQiXGBmgKYXzrFGFjgtqbIY09UpN3em2BkqWnWCJv7etyfbib6TdN4bSOB0ARMblHO1T2z5fB8aPtF8=w397-h298-k-no""}]",null,null,"{""link"":"""",""source"":""""}","{""id"":"""",""name"":""Güler Gayrimenkul Danışmanlığı (Owner)"",""link"":""""}","{""borough"":""Gazi"",""street"":""Millet Cd. No:43 D:B"",""city"":""Sultangazi"",""postal_code"":""34260"",""state"":""İstanbul"",""country"":""TR""}","[{""id"":""from_the_business"",""name"":""From the business"",""options"":[{""name"":""Identifies as women-owned"",""enabled"":true}]}]",[],null,
6dd7d639-603b-4ca5-b1d9-ccf2a2f9c326,https://www.google.com/maps/place/Hermes+Gayrimenkul/data=!4m7!3m6!1s0x14cab3c385ece09f:0xeba628b592975700!8m2!3d41.1805094!4d28.8832036!16s%2Fg%2F11g03wm8kn!19sChIJn-DshcOzyhQRAFeXkrUopus?authuser=0&hl=en&rclk=1,Hermes Gayrimenkul,Real estate agency,"Silver House Sitesi, Göktürk Merkez, Belediye Cd. No: 25 G, 34077 Eyüpsultan/İstanbul, Türkiye","{""Friday"":[""10 am–7 pm""],""Monday"":[""10 am–7 pm""],""Saturday"":[""10 am–7 pm""],""Sunday"":[""12–6 pm""],""Thursday"":[""10 am–7 pm""],""Tuesday"":[""10 am–7 pm""],""Wednesday"":[""10 am–7 pm""]}",{},http://www.hermesgayrimenkul.com/,+90 532 410 86 02,"5VJM+67 Eyüpsultan, İstanbul, Türkiye",34,4.700000,"{""1"":2,""2"":0,""3"":0,""4"":2,""5"":30}",41.180509,28.883204,16980304205360617216,,,,https://lh3.googleusercontent.com/p/AF1QipOqukKpDDWb9ieAKDmHAWh0fV8FX9qdwihPAxVX=w408-h306-k-no,Europe/Istanbul,,0x14cab3c385ece09f:0xeba628b592975700,"[{""title"":""All"",""image"":""https://lh3.googleusercontent.com/p/AF1QipOqukKpDDWb9ieAKDmHAWh0fV8FX9qdwihPAxVX=w397-h298-k-no""},{""title"":""Exterior"",""image"":""https://lh3.googleusercontent.com/p/AF1QipOqukKpDDWb9ieAKDmHAWh0fV8FX9qdwihPAxVX=w397-h298-k-no""},{""title"":""Inside"",""image"":""https://lh3.googleusercontent.com/p/AF1QipPonO5lmLr5i27R43R2YdQHTpdB7p5ILTpnxHkE=w397-h298-k-no""},{""title"":""By owner"",""image"":""https://lh3.googleusercontent.com/p/AF1QipNtkMoNaLm-iNR9CrCn3B32b7hQHz3oMcof8vNi=w397-h298-k-no""}]",null,null,"{""link"":"""",""source"":""""}","{""id"":""108735762847770984577"",""name"":""Hermes Gayrimenkul (Owner)"",""link"":""https://www.google.com/maps/contrib/108735762847770984577""}","{""borough"":""Göktürk Merkez"",""street"":""Silver House Sitesi, Belediye Cd. No: 25 G"",""city"":""Eyüpsultan"",""postal_code"":""34077"",""state"":""İstanbul"",""country"":""TR""}","[{""id"":""service_options"",""name"":""Service options"",""options"":[{""name"":""Online appointments"",""enabled"":true},{""name"":""On-site services"",""enabled"":true}]},{""id"":""parking"",""name"":""Parking"",""options"":[{""name"":""Free multi-storey car park"",""enabled"":true},{""name"":""Free of charge street parking"",""enabled"":true}]}]",[],null,
6dd7d639-603b-4ca5-b1d9-ccf2a2f9c326,https://www.google.com/maps/place/ASER+GAYR%C4%B0MENKUL+DANI%C5%9EMANLIK+H%C4%B0ZMETLER%C4%B0/data=!4m7!3m6!1s0x14caa05a1749215b:0xe19af00b92c981ce!8m2!3d40.9888859!4d28.7070003!16s%2Fg%2F11clhqqlc5!19sChIJWyFJF1qgyhQRzoHJkgvwmuE?authuser=0&hl=en&rclk=1,ASER GAYRİMENKUL DANIŞMANLIK HİZMETLERİ,Real estate agency,"Cihangir, Karınca Sk. No:23, 34310 Avcılar/İstanbul, Türkiye","{""Friday"":[""9 am–7 pm""],""Monday"":[""9 am–7 pm""],""Saturday"":[""9 am–7 pm""],""Sunday"":[""Closed""],""Thursday"":[""9 am–7 pm""],""Tuesday"":[""9 am–7 pm""],""Wednesday"":[""9 am–7 pm""]}",{},https://asergayrimenkul.sahibinden.com/,+90 212 422 92 40,"XPQ4+HR Avcılar, İstanbul, Türkiye",62,4.600000,"{""1"":5,""2"":0,""3"":0,""4"":4,""5"":53}",40.988886,28.707000,16256569737445212622,,,,//lh3.googleusercontent.com/MJC6STElFXL_MRIkfyQQyWBsdBH58RDf-TS5O4M9QdEhqO3O2opToep_ySj-J5rE=w408-h306-k-no,Europe/Istanbul,,0x14caa05a1749215b:0xe19af00b92c981ce,"[{""title"":""All"",""image"":""//lh3.googleusercontent.com/MJC6STElFXL_MRIkfyQQyWBsdBH58RDf-TS5O4M9QdEhqO3O2opToep_ySj-J5rE=w397-h298-k-no""},{""title"":""Exterior"",""image"":""//lh6.googleusercontent.com/sIZ76e1Ib2Ze8NqFbT4nP8LX7CttTXpVgCLVGqcZh9KHaEu8GkQVwF4IN-s9Dg7pgw=w397-h298-k-no""},{""title"":""Inside"",""image"":""https://lh3.googleusercontent.com/gps-cs-s/AG0ilSyfNYx-GunBbpawiA2zhW4iaFOskBUWQeO6HDukiJxbWJmMgUVTLxnZdv_oqRF67HIO1qqEtL23ZHxiEKhrzckuBRMKpfgwmlJ06gQJCyGhakRdEHJBGBWysNBIHwy2uzmQJR1Nuw=w397-h298-k-no""},{""title"":""Real Estate"",""image"":""//lh3.googleusercontent.com/MJC6STElFXL_MRIkfyQQyWBsdBH58RDf-TS5O4M9QdEhqO3O2opToep_ySj-J5rE=w397-h298-k-no""},{""title"":""Street View \u0026 360°"",""image"":""https://streetviewpixels-pa.googleapis.com/v1/thumbnail?panoid=h-DWNzBtnenST1aFOXIWEg\u0026cb_client=maps_sv.tactile.gps\u0026w=224\u0026h=298\u0026yaw=41.398575\u0026pitch=0\u0026thumbfov=100""}]",null,null,"{""link"":"""",""source"":""""}","{""id"":""108392212594384747841"",""name"":""ASER GAYRİMENKUL DANIŞMANLIK HİZMETLERİ (Owner)"",""link"":""https://www.google.com/maps/contrib/108392212594384747841""}","{""borough"":""Cihangir"",""street"":""Karınca Sk. No:23"",""city"":""Avcılar"",""postal_code"":""34310"",""state"":""İstanbul"",""country"":""TR""}",null,[],null,
6dd7d639-603b-4ca5-b1d9-ccf2a2f9c326,https://www.google.com/maps/place/Luna+Gayrimenkul/data=!4m7!3m6!1s0x14cab71273f6d5a1:0xb1e949c5a452c978!8m2!3d41.050673!4d28.9874728!16s%2Fg%2F11f1ts7790!19sChIJodX2cxK3yhQReMlSpMVJ6bE?authuser=0&hl=en&rclk=1,Luna Gayrimenkul,Real estate agent,"Ergenekon, Halaskargazi Cd. Mert Apt. No: 61 Kat: 1, 34373 Şişli/İstanbul, Türkiye","{""Friday"":[""9 am–7 pm""],""Monday"":[""9 am–7 pm""],""Saturday"":[""9 am–7 pm""],""Sunday"":[""Closed""],""Thursday"":[""9 am–7 pm""],""Tuesday"":[""9 am–7 pm""],""Wednesday"":[""9 am–7 pm""]}",{},http://www.lunagayrimenkul.com/,+90 212 241 34 41,"3X2P+7X Şişli, İstanbul, Türkiye",13,4.800000,"{""1"":0,""2"":0,""3"":1,""4"":1,""5"":11}",41.050673,28.987473,12819858927501101432,,,,https://lh3.googleusercontent.com/p/AF1QipPfMOXgcWu-c-qOgwTxMATkHbzpSwslLiQh0a1G=w408-h544-k-no,Europe/Istanbul,,0x14cab71273f6d5a1:0xb1e949c5a452c978,"[{""title"":""All"",""image"":""https://lh3.googleusercontent.com/p/AF1QipPfMOXgcWu-c-qOgwTxMATkHbzpSwslLiQh0a1G=w224-h298-k-no""},{""title"":""Exterior"",""image"":""https://lh3.googleusercontent.com/p/AF1QipN6siVbmlp3702xhM6CMyexyPV062kGxQ0AJl75=w224-h298-k-no""},{""title"":""Inside"",""image"":""https://lh3.googleusercontent.com/p/AF1QipMLxTsU9YstQco0dl4UipjMdY38lvRn-qR0Otgt=w224-h298-k-no""},{""title"":""By owner"",""image"":""https://lh3.googleusercontent.com/p/AF1QipO_-KIhXJBQgAGoebUUqQeYxXnGwd9o9VSlfxSB=w224-h298-k-no""},{""title"":""Street View \u0026 360°"",""image"":""https://streetviewpixels-pa.googleapis.com/v1/thumbnail?panoid=77nshtop_TPkS5dI75FDrw\u0026cb_client=maps_sv.tactile.gps\u0026w=224\u0026h=298\u0026yaw=268.62793\u0026pitch=0\u0026thumbfov=100""}]",null,null,"{""link"":"""",""source"":""""}","{""id"":""116615549903849577553"",""name"":""Luna Gayrimenkul (Owner)"",""link"":""https://www.google.com/maps/contrib/116615549903849577553""}","{""borough"":""Ergenekon"",""street"":""Ergenekon, Halaskargazi Cd. Mert Apt. No: 61 Kat: 1"",""city"":""Şişli"",""postal_code"":""34373"",""state"":""İstanbul"",""country"":""TR""}",null,[],null,
6dd7d639-603b-4ca5-b1d9-ccf2a2f9c326,https://www.google.com/maps/place/MODERN+GAYR%C4%B0MENKUL+DANI%C5%9EMANLIK+H%C4%B0ZMETLER%C4%B0/data=!4m7!3m6!1s0x14cab18facd7b685:0xc546f4b3d77b6ae!8m2!3d41.0319929!4d28.9484389!16s%2Fg%2F11r4w_wq48!19sChIJhbbXrI-xyhQRrrZ3PUtvVAw?authuser=0&hl=en&rclk=1,MODERN GAYRİMENKUL DANIŞMANLIK HİZMETLERİ,Real estate consultant,"Balat, Yıldırım Cd. no:117, 34000 Fatih/İstanbul, Türkiye",{},{},http://modernyapigayrimenkul.com/,+90 553 841 40 22,"2WJX+Q9 Fatih, İstanbul, Türkiye",21,4.900000,"{""1"":0,""2"":0,""3"":0,""4"":2,""5"":19}",41.031993,28.948439,888457395443316398,,,,https://lh3.googleusercontent.com/p/AF1QipNDkrYcof4ZF_GGCVknRJ84UdBG6Nbj7BP0rnyD=w408-h427-k-no,Europe/Istanbul,,0x14cab18facd7b685:0xc546f4b3d77b6ae,"[{""title"":""All"",""image"":""https://lh3.googleusercontent.com/p/AF1QipNDkrYcof4ZF_GGCVknRJ84UdBG6Nbj7BP0rnyD=w284-h298-k-no""},{""title"":""Exterior"",""image"":""https://lh3.googleusercontent.com/p/AF1QipO6F33vZiPL-7dG8lCxuXupeDqSwInkQ7v2DyQL=w397-h298-k-no""},{""title"":""Videos"",""image"":""https://lh3.googleusercontent.com/p/AF1QipMwkQPjGq-u49FsozLvabtdg-vL2UoMdGKVeK7U=w224-h398-k-no""},{""title"":""Inside"",""image"":""https://lh3.googleusercontent.com/p/AF1QipNEhc3IIk_9pSYCf9tC1c38HzXUbcm87DzZdtAq=w397-h298-k-no""},{""title"":""By owner"",""image"":""https://lh3.googleusercontent.com/p/AF1QipNCaXiG-bTNjW7x7NsXPNnsNl2URhGyQcj07as_=w224-h403-k-no""},{""title"":""Street View \u0026 360°"",""image"":""https://streetviewpixels-pa.googleapis.com/v1/thumbnail?panoid=uGd_AiCiVP1PWW0nlHQzqA\u0026cb_client=maps_sv.tactile.gps\u0026w=224\u0026h=298\u0026yaw=212.0888\u0026pitch=0\u0026thumbfov=100""}]",null,null,"{""link"":"""",""source"":""""}","{""id"":""105970076981306096741"",""name"":""MODERN GAYRİMENKUL DANIŞMANLIK HİZMETLERİ (Owner)"",""link"":""https://www.google.com/maps/contrib/105970076981306096741""}","{""borough"":""Balat"",""street"":""Yıldırım Cd. no:117"",""city"":""Fatih"",""postal_code"":""34000"",""state"":""İstanbul"",""country"":""TR""}","[{""id"":""service_options"",""name"":""Service options"",""options"":[{""name"":""Online appointments"",""enabled"":true},{""name"":""On-site services"",""enabled"":true}]},{""id"":""planning"",""name"":""Planning"",""options"":[{""name"":""Appointment required"",""enabled"":true}]}]",[],null,
6dd7d639-603b-4ca5-b1d9-ccf2a2f9c326,https://www.google.com/maps/place/ATLAS+GRUP+GAYR%C4%B0MENKUL/data=!4m7!3m6!1s0x14b55f2a0e1d8b43:0x4d2f409d1738875b!8m2!3d41.0131275!4d28.6655306!16s%2Fg%2F11s168xj6v!19sChIJQ4sdDipftRQRW4c4F51AL00?authuser=0&hl=en&rclk=1,ATLAS GRUP GAYRİMENKUL,Real estate agency,"Mehmet Akif Ersoy, 2120. Sk No1, 34510 Esenyurt/İstanbul, Türkiye","{""Friday"":[""9 am–7:30 pm""],""Monday"":[""9 am–7:30 pm""],""Saturday"":[""9 am–7:30 pm""],""Sunday"":[""10:30 am–7:30 pm""],""Thursday"":[""9 am–7:30 pm""],""Tuesday"":[""9 am–7:30 pm""],""Wednesday"":[""9 am–7:30 pm""]}",{},,+90 538 622 05 05,"2M78+76 Esenyurt, İstanbul, Türkiye",54,4.800000,"{""1"":3,""2"":0,""3"":0,""4"":0,""5"":51}",41.013127,28.665531,5561735108269475675,,,,https://lh3.googleusercontent.com/p/AF1QipOdmKkAlVUQR4PiWQUClfdOPKbFUUSerlhndEc=w426-h240-k-no,Europe/Istanbul,,0x14b55f2a0e1d8b43:0x4d2f409d1738875b,"[{""title"":""All"",""image"":""https://lh3.googleusercontent.com/p/AF1QipOdmKkAlVUQR4PiWQUClfdOPKbFUUSerlhndEc=w529-h298-k-no""},{""title"":""Latest"",""image"":""https://lh3.googleusercontent.com/p/AF1QipMfba8y-vUJrH_HS1j3aUgWSF_S3XDIob2Wv_0=w224-h403-k-no""},{""title"":""Videos"",""image"":""https://lh3.googleusercontent.com/p/AF1QipPFP3nU_CNLmxhuFx8x9-wCFabgjOyLlHJ0YOA=w224-h298-k-no""},{""title"":""Exterior"",""image"":""https://lh3.googleusercontent.com/p/AF1QipO4mCIGKYVTJoULZ1ej_jshFMdX9Ne9gJIsZWg=w224-h300-k-no""},{""title"":""Inside"",""image"":""https://lh3.googleusercontent.com/p/AF1QipMQfF_4YtW14idIC16zyyT6P9MkeaAA92AKvjo=w224-h298-k-no""},{""title"":""By owner"",""image"":""https://lh3.googleusercontent.com/p/AF1QipOaylT91cyYtz2frbOHPcM3h_uVTb9W0rQOauo=w224-h298-k-no""},{""title"":""Street View \u0026 360°"",""image"":""https://streetviewpixels-pa.googleapis.com/v1/thumbnail?panoid=vz4JOGGjZ6Q-kLtQKDaxqA\u0026cb_client=maps_sv.tactile.gps\u0026w=224\u0026h=298\u0026yaw=224.05817\u0026pitch=0\u0026thumbfov=100""}]",null,null,"{""link"":"""",""source"":""""}","{""id"":""108219531467719042417"",""name"":""ATLAS GRUP GAYRİMENKUL (Owner)"",""link"":""https://www.google.com/maps/contrib/108219531467719042417""}","{""borough"":""Mehmet Akif Ersoy"",""street"":""2120. Sk No1"",""city"":""Esenyurt"",""postal_code"":""34510"",""state"":""İstanbul"",""country"":""TR""}","[{""id"":""service_options"",""name"":""Service options"",""options"":[{""name"":""On-site services"",""enabled"":true},{""name"":""Online appointments"",""enabled"":false}]},{""id"":""planning"",""name"":""Planning"",""options"":[{""name"":""Appointment required"",""enabled"":true}]}]",[],null,
6dd7d639-603b-4ca5-b1d9-ccf2a2f9c326,https://www.google.com/maps/place/Tekta%C5%9F+Gayrimenkul/data=!4m7!3m6!1s0x14cab1d33fcf4e13:0xb2dabb3f846ce6e9!8m2!3d41.1000168!4d28.8669591!16s%2Fg%2F11df4489hj!19sChIJE07PP9OxyhQR6eZshD-72rI?authuser=0&hl=en&rclk=1,Tektaş Gayrimenkul,Real estate agency,"Uğur Mumcu, N Cd. No:31, 34265 Sultangazi/İstanbul, Türkiye","{""Friday"":[""Open 24 hours""],""Monday"":[""Open 24 hours""],""Saturday"":[""Open 24 hours""],""Sunday"":[""Open 24 hours""],""Thursday"":[""Open 24 hours""],""Tuesday"":[""Open 24 hours""],""Wednesday"":[""Open 24 hours""]}",{},,+90 539 598 36 46,"4V28+2Q Sultangazi, İstanbul, Türkiye",10,4.600000,"{""1"":1,""2"":0,""3"":0,""4"":0,""5"":9}",41.100017,28.866959,12887819165153158889,,,,//lh5.googleusercontent.com/h1riym5roCSgCYAsz7RmxL43tweTHPplI92smXa92pJthy1y544bO-1H3oK9TQyZHQ=w426-h240-k-no,Europe/Istanbul,,0x14cab1d33fcf4e13:0xb2dabb3f846ce6e9,"[{""title"":""All"",""image"":""//lh5.googleusercontent.com/h1riym5roCSgCYAsz7RmxL43tweTHPplI92smXa92pJthy1y544bO-1H3oK9TQyZHQ=w529-h298-k-no""},{""title"":""Exterior"",""image"":""//lh3.googleusercontent.com/4Wy4JH-FYtIsBjT8RdFk0G4-UwZ-QuTebXAu2zTGUZNPwCWH2QX_pdHxwYKK6ba4=w529-h298-k-no""},{""title"":""Street View \u0026 360°"",""image"":""https://streetviewpixels-pa.googleapis.com/v1/thumbnail?panoid=fsT6DHFyjzGyWqAaKwNdAw\u0026cb_client=maps_sv.tactile.gps\u0026w=224\u0026h=298\u0026yaw=338.35733\u0026pitch=0\u0026thumbfov=100""}]",null,null,"{""link"":"""",""source"":""""}","{""id"":"""",""name"":""Tektaş Gayrimenkul (Owner)"",""link"":""""}","{""borough"":""Uğur Mumcu"",""street"":""N Cd. No:31"",""city"":""Sultangazi"",""postal_code"":""34265"",""state"":""İstanbul"",""country"":""TR""}",null,[],null,
6dd7d639-603b-4ca5-b1d9-ccf2a2f9c326,https://www.google.com/maps/place/Bulvar+Emlak+Gayrimenkul+Dan%C4%B1%C5%9Fmanl%C4%B1%C4%9F%C4%B1/data=!4m7!3m6!1s0x14caa702063613d3:0xdc5df2f270060e8f!8m2!3d41.0696974!4d28.7108551!16s%2Fg%2F11g1mlz3xh!19sChIJ0xM2BgKnyhQRjw4GcPLyXdw?authuser=0&hl=en&rclk=1,Bulvar Emlak Gayrimenkul Danışmanlığı,Real estate agency,"Ispartakule Bulvarı Unikonut Sitesi 12D Ispartakule, Tahtakale, 34325 Avcılar/İstanbul, Türkiye",{},{},http://www.ispartakulebulvaremlak.com/,+90 533 810 10 01,"3P96+V8 Avcılar, İstanbul, Türkiye",65,4.800000,"{""1"":3,""2"":1,""3"":0,""4"":0,""5"":61}",41.069697,28.710855,15879114984253689487,,,,https://lh3.googleusercontent.com/p/AF1QipPqq_FZpicXZ4O5dPFlfF9hQSttXIcMlFF3yTYj=w426-h240-k-no,Europe/Istanbul,,0x14caa702063613d3:0xdc5df2f270060e8f,"[{""title"":""All"",""image"":""https://lh3.googleusercontent.com/p/AF1QipPqq_FZpicXZ4O5dPFlfF9hQSttXIcMlFF3yTYj=w529-h298-k-no""},{""title"":""Exterior"",""image"":""https://lh3.googleusercontent.com/p/AF1QipOCj0ua9qQsUPfQNy56Xh0RW-fbFUDNqFYh3ZdG=w529-h298-k-no""},{""title"":""Videos"",""image"":""https://lh3.googleusercontent.com/p/AF1QipOHDYyVDYL9hqluLieE3IAnCluA7JrtEbFBmB52=w224-h398-k-no""},{""title"":""Inside"",""image"":""https://lh3.googleusercontent.com/gps-cs-s/AG0ilSzDrgXCED07v7DYMtyeHDX15dWACFpKpopheW5fWqlSCKzPUcIiG--Gcg2beS83oMt5M-hNnoxwcWEcKf9OTxCyH4khQWIBrK3JOrYma56G02MvqU4GO8EWBO7Nx1P4i-RHbN7NoVIiajs=w224-h298-k-no""},{""title"":""By owner"",""image"":""https://lh3.googleusercontent.com/p/AF1QipM3c99xtbB5DNFkjP-jQd2jQSDvlHuYa82Z2RLg=w396-h298-k-no""},{""title"":""Street View \u0026 360°"",""image"":""https://streetviewpixels-pa.googleapis.com/v1/thumbnail?panoid=X6yOYGmIyGc8LIgXBoWV1w\u0026cb_client=maps_sv.tactile.gps\u0026w=224\u0026h=298\u0026yaw=127.58888\u0026pitch=0\u0026thumbfov=100""}]",null,null,"{""link"":"""",""source"":""""}","{""id"":""102584267472858236266"",""name"":""Bulvar Emlak Gayrimenkul Danışmanlığı (Owner)"",""link"":""https://www.google.com/maps/contrib/102584267472858236266""}","{""borough"":""Tahtakale"",""street"":""Ispartakule Bulvarı Unikonut Sitesi 12D Ispartakule"",""city"":""Avcılar"",""postal_code"":""34325"",""state"":""İstanbul"",""country"":""TR""}","[{""id"":""accessibility"",""name"":""Accessibility"",""options"":[{""name"":""Wheelchair-accessible car park"",""enabled"":true},{""name"":""Wheelchair-accessible entrance"",""enabled"":true},{""name"":""Wheelchair-accessible seating"",""enabled"":true},{""name"":""Wheelchair-accessible toilet"",""enabled"":false}]},{""id"":""amenities"",""name"":""Amenities"",""options"":[{""name"":""Gender-neutral toilets"",""enabled"":true}]}]",[],null,
6dd7d639-603b-4ca5-b1d9-ccf2a2f9c326,https://www.google.com/maps/place/Class+Gayrimenkul+Dan%C4%B1%C5%9Fmanl%C4%B1k/data=!4m7!3m6!1s0x14cab868c68c257f:0x3204c693cc8248ba!8m2!3d40.9918244!4d29.0270932!16s%2Fg%2F1tdfqgnk!19sChIJfyWMxmi4yhQRukiCzJPGBDI?authuser=0&hl=en&rclk=1,Class Gayrimenkul Danışmanlık,Real estate agency,"Halitağa Cad. Osmanağa Mah. Yıldırım Han No:17, Osmanağa, Vahap Bey Sk., 34714 Kadıköy/İstanbul, Türkiye",{},{},http://www.classemlak.com/,+90 532 224 27 15,"X2RG+PR Kadıköy, İstanbul, Türkiye",47,4.100000,"{""1"":10,""2"":0,""3"":0,""4"":1,""5"":36}",40.991824,29.027093,3604223939896821946,,,,https://lh3.googleusercontent.com/p/AF1QipNJkDb6HORjBcC1oyt6Ta-27nQVk_mPx2Ty9mHh=w408-h244-k-no,Europe/Istanbul,,0x14cab868c68c257f:0x3204c693cc8248ba,"[{""title"":""All"",""image"":""https://lh3.googleusercontent.com/p/AF1QipNJkDb6HORjBcC1oyt6Ta-27nQVk_mPx2Ty9mHh=w497-h298-k-no""},{""title"":""Exterior"",""image"":""https://lh3.googleusercontent.com/p/AF1QipMtNw3gslAeG7q33kErWm0s928XjxdUYErh7Yyk=w224-h298-k-no""},{""title"":""Videos"",""image"":""https://lh3.googleusercontent.com/gps-cs-s/AG0ilSxUm_WT6QvAxHQzV_xGMWhoyKEKxh2sFYyYYvDov7pcML1WNYum5PYd_ITEGgTIR5YpQ4k9Dhs2zYZKCL_RWlBWKS0k65zNMv5i2CrIQtV5w0p9i40I05YrS-xfxb4JEIjG8Pjq=w238-h298-k-no""},{""title"":""Inside"",""image"":""https://lh3.googleusercontent.com/p/AF1QipMwRExcHtbTSITzMby-n5q7LwqfjhSj4GGnEbgT=w529-h298-k-no""},{""title"":""By owner"",""image"":""https://lh3.googleusercontent.com/p/AF1QipPwNmBonSTYAM1x1P3CRcNMQ8ZSwcLu2AVWLmyf=w529-h298-k-no""},{""title"":""Street View \u0026 360°"",""image"":""https://streetviewpixels-pa.googleapis.com/v1/thumbnail?panoid=L_Z-jGR4DkhxeTU-qFdqpw\u0026cb_client=maps_sv.tactile.gps\u0026w=224\u0026h=298\u0026yaw=347.08322\u0026pitch=0\u0026thumbfov=100""}]",null,"[{""link"":""https://www.classemlak.com/"",""source"":""classemlak.com""}]","{""link"":"""",""source"":""""}","{""id"":""102945502345670700906"",""name"":""Class Gayrimenkul Danışmanlık (Owner)"",""link"":""https://www.google.com/maps/contrib/102945502345670700906""}","{""borough"":""Osmanağa"",""street"":""Halitağa Cad. Osmanağa Mah. Yıldırım Han No:17, Vahap Bey Sk."",""city"":""Kadıköy"",""postal_code"":""34714"",""state"":""İstanbul"",""country"":""TR""}","[{""id"":""service_options"",""name"":""Service options"",""options"":[{""name"":""Online appointments"",""enabled"":true},{""name"":""On-site services"",""enabled"":true}]}]",[],null,
6dd7d639-603b-4ca5-b1d9-ccf2a2f9c326,https://www.google.com/maps/place/Can+Evim+Gayrimenkul/data=!4m7!3m6!1s0x14cac8cef3587697:0xb9850a83691c2b78!8m2!3d41.0148278!4d29.1309401!16s%2Fg%2F11c6vgh_cz!19sChIJl3ZY887IyhQReCscaYMKhbk?authuser=0&hl=en&rclk=1,Can Evim Gayrimenkul,Real estate consultant,"Tavukçuyolu Caddesi, Çakmak, Tuğra Sk. No:1, 34771 Ümraniye/İstanbul, Türkiye","{""Friday"":[""9 am–7 pm""],""Monday"":[""9 am–7 pm""],""Saturday"":[""9 am–7 pm""],""Sunday"":[""9 am–7 pm""],""Thursday"":[""9 am–7 pm""],""Tuesday"":[""9 am–7 pm""],""Wednesday"":[""9 am–7 pm""]}",{},,+90 530 787 76 79,"247J+W9 Ümraniye, İstanbul, Türkiye",27,4.500000,"{""1"":3,""2"":0,""3"":0,""4"":1,""5"":23}",41.014828,29.130940,13368102628439632760,,,,https://lh3.googleusercontent.com/p/AF1QipP3V7pdzbq7kp9-GHiW6E8uDbFmwGyiDm8xl0Y_=w408-h544-k-no,Europe/Istanbul,,0x14cac8cef3587697:0xb9850a83691c2b78,"[{""title"":""All"",""image"":""https://lh3.googleusercontent.com/p/AF1QipP3V7pdzbq7kp9-GHiW6E8uDbFmwGyiDm8xl0Y_=w224-h298-k-no""},{""title"":""Latest"",""image"":""https://lh3.googleusercontent.com/p/AF1QipNv0hLlv3flPeNt-SHqlihzLJMoGv6hSjpxPAwT=w224-h298-k-no""},{""title"":""Exterior"",""image"":""//lh3.googleusercontent.com/1DfCLn6tsAZ0L3DpLJknx-7TuhWUeTRlOEJLyd0Ff4uNFI-z-BSF3PnqFY7lS3Q=w529-h298-k-no""},{""title"":""Inside"",""image"":""https://lh3.googleusercontent.com/p/AF1QipO1fvecR4AjiV3k7mzJgAuE3CpVQqWcEZ27DslF=w447-h298-k-no""},{""title"":""Interior design"",""image"":""https://lh3.googleusercontent.com/p/AF1QipNij20J3u_hfHV9SOf_HSwIPgYCxSGEYywu1zbb=w224-h298-k-no""},{""title"":""By owner"",""image"":""https://lh3.googleusercontent.com/p/AF1QipM23ZsiVAyqv00AGSWhogRh-WdtUklXo_s3Vo0G=w224-h298-k-no""},{""title"":""Street View \u0026 360°"",""image"":""https://streetviewpixels-pa.googleapis.com/v1/thumbnail?panoid=SK-KfX0_L_e0WZ_32jcutw\u0026cb_client=maps_sv.tactile.gps\u0026w=224\u0026h=298\u0026yaw=292.71304\u0026pitch=0\u0026thumbfov=100""}]",null,null,"{""link"":"""",""source"":""""}","{""id"":""110633411699900274645"",""name"":""Can Evim Gayrimenkul (Owner)"",""link"":""https://www.google.com/maps/contrib/110633411699900274645""}","{""borough"":""Çakmak"",""street"":""Tavukçuyolu Caddesi, Tuğra Sk. No:1"",""city"":""Ümraniye"",""postal_code"":""34771"",""state"":""İstanbul"",""country"":""TR""}",null,[],null,
6dd7d639-603b-4ca5-b1d9-ccf2a2f9c326,https://www.google.com/maps/place/Remax+REMAX+Arnavutk%C3%B6y+Emlak+Konut+Arsa+Fabrika+Antrepo+Ticari+Gayrimenkul+Uzman%C4%B1+Arnavutk%C3%B6y+Yusuf+Aydemir+Remax+Marca/data=!4m7!3m6!1s0x14caab0af2a43aa9:0x5a4ed1119fcedfef!8m2!3d41.1841053!4d28.7202753!16s%2Fg%2F11fq8k37gf!19sChIJqTqk8gqryhQR79_OnxHRTlo?authuser=0&hl=en&rclk=1,Remax REMAX Arnavutköy Emlak Konut Arsa Fabrika Antrepo Ticari Gayrimenkul Uzmanı Arnavutköy Yusuf Aydemir Remax Marca,Real estate consultant,"Karlıbayır, 34281 Arnavutköy/İstanbul, Türkiye",{},{},,+90 532 232 35 25,"5PMC+J4 Arnavutköy, İstanbul, Türkiye",109,5.000000,"{""1"":0,""2"":0,""3"":1,""4"":0,""5"":108}",41.184105,28.720275,6507368385222729711,,,,https://lh3.googleusercontent.com/p/AF1QipNo5HfXXgCzgW_CnUzEeUlU73FW2ynuAO1gUL1t=w426-h240-k-no,Europe/Istanbul,,0x14caab0af2a43aa9:0x5a4ed1119fcedfef,"[{""title"":""All"",""image"":""https://lh3.googleusercontent.com/p/AF1QipNo5HfXXgCzgW_CnUzEeUlU73FW2ynuAO1gUL1t=w529-h298-k-no""},{""title"":""Inside"",""image"":""https://lh3.googleusercontent.com/p/AF1QipPGvmyugXvoQysNZKHtFpNStdD7tLAm75sYlPDd=w397-h298-k-no""},{""title"":""Videos"",""image"":""https://lh3.googleusercontent.com/p/AF1QipN36Xvw9tg7uZBCGywXXQVVKBDNokdeFc9vjxgX=w224-h398-k-no""},{""title"":""Interior design"",""image"":""https://lh3.googleusercontent.com/p/AF1QipNtHRzG81ZOrd7dxkh07iXqdk7GBOQfEeMkDMiY=w397-h298-k-no""},{""title"":""By owner"",""image"":""https://lh3.googleusercontent.com/p/AF1QipPUHe2YWfqypeh35owGd79s1n59uIeVM7Rml2GR=w224-h395-k-no""},{""title"":""Street View \u0026 360°"",""image"":""https://streetviewpixels-pa.googleapis.com/v1/thumbnail?panoid=XG5U2QTYAMIwvEJpomlUVg\u0026cb_client=maps_sv.tactile.gps\u0026w=224\u0026h=298\u0026yaw=289.05603\u0026pitch=0\u0026thumbfov=100""}]",null,null,"{""link"":"""",""source"":""""}","{""id"":""102472355045740139590"",""name"":""Remax REMAX Arnavutköy Emlak Konut Arsa Fabrika Antrepo Ticari Gayrimenkul Uzmanı Arnavutköy Yusuf Aydemir Remax Marca (Owner)"",""link"":""https://www.google.com/maps/contrib/102472355045740139590""}","{""borough"":""Karlıbayır"",""street"":"""",""city"":""Arnavutköy"",""postal_code"":""34281"",""state"":""İstanbul"",""country"":""TR""}","[{""id"":""service_options"",""name"":""Service options"",""options"":[{""name"":""On-site services"",""enabled"":true},{""name"":""Online appointments"",""enabled"":false}]},{""id"":""accessibility"",""name"":""Accessibility"",""options"":[{""name"":""Wheelchair-accessible car park"",""enabled"":true},{""name"":""Wheelchair-accessible entrance"",""enabled"":true},{""name"":""Wheelchair-accessible seating"",""enabled"":false},{""name"":""Wheelchair-accessible toilet"",""enabled"":false}]},{""id"":""planning"",""name"":""Planning"",""options"":[{""name"":""Appointment required"",""enabled"":true}]},{""id"":""parking"",""name"":""Parking"",""options"":[{""name"":""Free of charge street parking"",""enabled"":true},{""name"":""Free parking lot"",""enabled"":true},{""name"":""On-site parking"",""enabled"":true}]}]",[],null,
6dd7d639-603b-4ca5-b1d9-ccf2a2f9c326,https://www.google.com/maps/place/Yuvam+Gayrimenkul/data=!4m7!3m6!1s0x14cac7a55f42f653:0xa0016ae2be9f1a43!8m2!3d40.9739187!4d29.0814261!16s%2Fg%2F11d_w6vxyc!19sChIJU_ZCX6XHyhQRQxqfvuJqAaA?authuser=0&hl=en&rclk=1,Yuvam Gayrimenkul,Real estate agency,"ERENKÖY MAHALLESİ ŞEMSETTİN GÜNALTAY CADDESİ NO167 YUVAM APT. KAT 1 DAİRE 6, Erenköy, Şemsettin Günaltay Cd. YUVAM Apt No: 167, 34738 Kadıköy/İstanbul, Türkiye",{},{},http://www.yuvamgayrimenkul.com.tr/,+90 216 302 17 89,"X3FJ+HH Kadıköy, İstanbul, Türkiye",45,4.800000,"{""1"":2,""2"":0,""3"":0,""4"":2,""5"":41}",40.973919,29.081426,11529614043138431555,,,,https://lh3.googleusercontent.com/p/AF1QipOSmMWGBJmbPPSUYCmra3q-z9iUa6PqgRbrwk7B=w408-h306-k-no,Europe/Istanbul,,0x14cac7a55f42f653:0xa0016ae2be9f1a43,"[{""title"":""All"",""image"":""https://lh3.googleusercontent.com/p/AF1QipOSmMWGBJmbPPSUYCmra3q-z9iUa6PqgRbrwk7B=w397-h298-k-no""},{""title"":""Exterior"",""image"":""https://lh3.googleusercontent.com/p/AF1QipPFpTh5CEl-Cm6kpZS_m9SR0K2kVSLzbmCdCCVk=w397-h298-k-no""},{""title"":""Videos"",""image"":""https://lh3.googleusercontent.com/p/AF1QipOCJkRIPWi290tsMFVo_DFaZfzgFFTyel8uLEty=w529-h298-k-no""},{""title"":""By owner"",""image"":""https://lh3.googleusercontent.com/p/AF1QipOCJkRIPWi290tsMFVo_DFaZfzgFFTyel8uLEty=w529-h298-k-no""},{""title"":""Street View \u0026 360°"",""image"":""https://streetviewpixels-pa.googleapis.com/v1/thumbnail?panoid=ZXbOmsKAS3ALdykOReihhQ\u0026cb_client=maps_sv.tactile.gps\u0026w=224\u0026h=298\u0026yaw=237.64294\u0026pitch=0\u0026thumbfov=100""}]",null,null,"{""link"":"""",""source"":""""}","{""id"":""105103709138007060321"",""name"":""Yuvam Gayrimenkul (Owner)"",""link"":""https://www.google.com/maps/contrib/105103709138007060321""}","{""borough"":""Erenköy"",""street"":""ERENKÖY MAHALLESİ ŞEMSETTİN GÜNALTAY CADDESİ NO167 YUVAM APT. KAT 1 DAİRE 6, Şemsettin Günaltay Cd. YUVAM Apt No: 167"",""city"":""Kadıköy"",""postal_code"":""34738"",""state"":""İstanbul"",""country"":""TR""}","[{""id"":""service_options"",""name"":""Service options"",""options"":[{""name"":""Online appointments"",""enabled"":true},{""name"":""On-site services"",""enabled"":true}]},{""id"":""accessibility"",""name"":""Accessibility"",""options"":[{""name"":""Wheelchair-accessible seating"",""enabled"":true},{""name"":""Wheelchair-accessible toilet"",""enabled"":false}]},{""id"":""planning"",""name"":""Planning"",""options"":[{""name"":""Appointment required"",""enabled"":true}]},{""id"":""parking"",""name"":""Parking"",""options"":[{""name"":""Free of charge street parking"",""enabled"":true},{""name"":""Free parking lot"",""enabled"":true}]}]",[],null,
6dd7d639-603b-4ca5-b1d9-ccf2a2f9c326,https://www.google.com/maps/place/Somes+Gayrimenkul+Emlak+Dan%C4%B1%C5%9Fmanl%C4%B1%C4%9F%C4%B1+Bar%C4%B1%C5%9F+AKTA%C5%9E/data=!4m7!3m6!1s0x14cab11f960daed5:0x9a88096bb5f5ce0e!8m2!3d41.1054703!4d28.8958857!16s%2Fg%2F11jfdngvx3!19sChIJ1a4Nlh-xyhQRDs71tWsJiJo?authuser=0&hl=en&rclk=1,Somes Gayrimenkul Emlak Danışmanlığı Barış AKTAŞ,Real estate agency,"Gazi mahallesi ismetpaşa cad, Gazi, 1418. Sk. no 4, 34260 Sultangazi/İstanbul, Türkiye","{""Friday"":[""9 am–7 pm""],""Monday"":[""9 am–7 pm""],""Saturday"":[""9 am–7 pm""],""Sunday"":[""9 am–7 pm""],""Thursday"":[""9 am–7 pm""],""Tuesday"":[""9 am–7 pm""],""Wednesday"":[""9 am–7 pm""]}",{},http://www.somesgayrimenkul.com/,+90 532 675 13 92,"4V4W+59 Sultangazi, İstanbul, Türkiye",12,4.500000,"{""1"":1,""2"":0,""3"":1,""4"":0,""5"":10}",41.105470,28.895886,11135160436892487182,,,,https://lh3.googleusercontent.com/gps-cs-s/AG0ilSyM8u9RFZD2gMeGsbCX2-yyh766zS9j52LH9q8_oE0vkVbxUbdNyp_oBQBdkyyNbFdrX3KlIrtf7eIkDYjT8ezjG9LMMUDYN7Wt6NugDkOo3kd6ddgPs4rAf8yGiRPn5RsJdpkzg-O-I_KW=w546-h240-k-no,Europe/Istanbul,,0x14cab11f960daed5:0x9a88096bb5f5ce0e,"[{""title"":""All"",""image"":""https://lh3.googleusercontent.com/gps-cs-s/AG0ilSwbjeTmMyuk5CtD1nUiHfhLxe5W6b7lw7BynVU-01OvAFCYUesBmMoj_gj2NSNoWrME_WVZ1P4NRP_7Ddv_eubTzkcgGq2q_Zbixdv6KrFwlOOtkKZRvs5pEYSKscwYmk-xduAA=w397-h298-k-no""},{""title"":""Exterior"",""image"":""https://lh3.googleusercontent.com/p/AF1QipMXteBXv0JSLbh7d9I20sef6RssIFd-PicjgyiT=w397-h298-k-no""},{""title"":""Inside"",""image"":""https://lh3.googleusercontent.com/p/AF1QipN8AXjypv0skCkWYAgN1k9DZwB5BXWqk4GEtsd6=w397-h298-k-no""},{""title"":""By owner"",""image"":""https://lh3.googleusercontent.com/p/AF1QipP7_OGYxIYxeAUgAKSVh6nZayK86JmV-paBT6ee=w458-h298-k-no""}]",null,"[{""link"":""http://www.somesgayrimenkul.com/"",""source"":""somesgayrimenkul.com""}]","{""link"":"""",""source"":""""}","{""id"":""101464752670658322649"",""name"":""Somes Gayrimenkul Emlak Danışmanlığı Barış AKTAŞ (Owner)"",""link"":""https://www.google.com/maps/contrib/101464752670658322649""}","{""borough"":""Gazi"",""street"":""Gazi mahallesi ismetpaşa cad, 1418. Sk. no 4"",""city"":""Sultangazi"",""postal_code"":""34260"",""state"":""İstanbul"",""country"":""TR""}","[{""id"":""service_options"",""name"":""Service options"",""options"":[{""name"":""Online appointments"",""enabled"":true}]}]",[],null,
6dd7d639-603b-4ca5-b1d9-ccf2a2f9c326,https://www.google.com/maps/place/Space+Gayrimenkul+%E2%80%93+Kandilli+%C5%9Eubesi/data=!4m7!3m6!1s0x14cac9efe504e313:0x4956aa287ff75255!8m2!3d41.0738556!4d29.0585887!16s%2Fg%2F11cm0dp0h8!19sChIJE-ME5e_JyhQRVVL3fyiqVkk?authuser=0&hl=en&rclk=1,Space Gayrimenkul – Kandilli Şubesi,Real estate agency,"Kandilli, Kandilli İskele Cd. No:3, 34684 Üsküdar/İstanbul, Türkiye","{""Friday"":[""9 am–7 pm""],""Monday"":[""9 am–7 pm""],""Saturday"":[""10 am–6 pm""],""Sunday"":[""Closed""],""Thursday"":[""9 am–7 pm""],""Tuesday"":[""9 am–7 pm""],""Wednesday"":[""9 am–7 pm""]}",{},http://spaceistanbul.com/,+90 216 332 99 70,"33F5+GC Üsküdar, İstanbul, Türkiye",12,4.800000,"{""1"":0,""2"":0,""3"":1,""4"":1,""5"":10}",41.073856,29.058589,5284598303688184405,,,,https://lh3.googleusercontent.com/p/AF1QipPKi77PYJML8uhcCwcOKauPqIN7zyyUUDoe2ui4=w408-h256-k-no,Europe/Istanbul,,0x14cac9efe504e313:0x4956aa287ff75255,"[{""title"":""All"",""image"":""https://lh3.googleusercontent.com/p/AF1QipPKi77PYJML8uhcCwcOKauPqIN7zyyUUDoe2ui4=w474-h298-k-no""},{""title"":""Real Estate"",""image"":""//lh4.googleusercontent.com/TdOIh-hdLN7j8SPEElvbwIRC27KsHh63HKtbGQBPi5Tsch90kxjO-r9EgmW5wiA7tA=w529-h298-k-no""},{""title"":""By owner"",""image"":""https://lh3.googleusercontent.com/p/AF1QipP0TP6ebHPL8bNFKbdg-j7CoI_f7s9h1JThqSVU=w447-h298-k-no""},{""title"":""Street View \u0026 360°"",""image"":""https://streetviewpixels-pa.googleapis.com/v1/thumbnail?panoid=CkEvyWkqWfUD8rQZFHonmg\u0026cb_client=maps_sv.tactile.gps\u0026w=224\u0026h=298\u0026yaw=83.62488\u0026pitch=0\u0026thumbfov=100""}]",null,null,"{""link"":"""",""source"":""""}","{""id"":""109753363361522503894"",""name"":""Space Gayrimenkul – Kandilli Şubesi (Owner)"",""link"":""https://www.google.com/maps/contrib/109753363361522503894""}","{""borough"":""Kandilli"",""street"":""Kandilli İskele Cd. No:3"",""city"":""Üsküdar"",""postal_code"":""34684"",""state"":""İstanbul"",""country"":""TR""}","[{""id"":""service_options"",""name"":""Service options"",""options"":[{""name"":""Online appointments"",""enabled"":true},{""name"":""On-site services"",""enabled"":true}]},{""id"":""planning"",""name"":""Planning"",""options"":[{""name"":""Appointment required"",""enabled"":true}]}]",[],null,
6dd7d639-603b-4ca5-b1d9-ccf2a2f9c326,https://www.google.com/maps/place/ADRES+%C4%B0STANBUL+GAYR%C4%B0MENKUL/data=!4m7!3m6!1s0x14caa43993a02c69:0x93b9d30da6ce89d9!8m2!3d41.0367078!4d28.7845965!16s%2Fg%2F11c5_rzvfl!19sChIJaSygkzmkyhQR2YnOpg3TuZM?authuser=0&hl=en&rclk=1,ADRES İSTANBUL GAYRİMENKUL,Real estate agency,"Halkalı Merkez Mahallesi 1. Posta Sokak, Cadde 24, 34303 Küçükçekmece/İstanbul, Türkiye",{},{},,+90 532 215 11 56,"2QPM+MR Küçükçekmece, İstanbul, Türkiye",3,5.000000,"{""1"":0,""2"":0,""3"":0,""4"":0,""5"":3}",41.036708,28.784596,10644771249853467097,,,,https://lh3.googleusercontent.com/p/AF1QipNyZb_mAV9AYHyA6-MmePNu3N5kaWrNz24aI3yl=w427-h240-k-no,Europe/Istanbul,,0x14caa43993a02c69:0x93b9d30da6ce89d9,"[{""title"":""All"",""image"":""https://lh3.googleusercontent.com/p/AF1QipNyZb_mAV9AYHyA6-MmePNu3N5kaWrNz24aI3yl=w530-h298-k-no""},{""title"":""Exterior"",""image"":""https://lh3.googleusercontent.com/p/AF1QipO2NPwgT1W-B9qHBwzf6X3G4ffzrccL8YaIbWa0=w529-h298-k-no""},{""title"":""Videos"",""image"":""https://lh3.googleusercontent.com/p/AF1QipOj4Y_FAeqzYWtb8dB7oGGRvK4IEFglDAAcgmk5=w541-h298-k-no""},{""title"":""Inside"",""image"":""https://lh3.googleusercontent.com/p/AF1QipMYUjPkFelpxOpdRlJFCeprZuvBlJpq0fWIWI9X=w529-h298-k-no""},{""title"":""Real Estate"",""image"":""https://lh3.googleusercontent.com/p/AF1QipNmX76gByK36dtoISxHdMmkd4pzLW8wXf-9vPj9=w529-h298-k-no""},{""title"":""By owner"",""image"":""https://lh3.googleusercontent.com/p/AF1QipOj4Y_FAeqzYWtb8dB7oGGRvK4IEFglDAAcgmk5=w541-h298-k-no""},{""title"":""Street View \u0026 360°"",""image"":""https://streetviewpixels-pa.googleapis.com/v1/thumbnail?panoid=J76KuR0yP1bNnuK4oB08QA\u0026cb_client=maps_sv.tactile.gps\u0026w=224\u0026h=298\u0026yaw=212.22215\u0026pitch=0\u0026thumbfov=100""}]",null,null,"{""link"":"""",""source"":""""}","{""id"":""105522971784736384228"",""name"":""ADRES İSTANBUL GAYRİMENKUL (Owner)"",""link"":""https://www.google.com/maps/contrib/105522971784736384228""}","{""borough"":""Halkalı Merkez"",""street"":""Halkalı Merkez Mahallesi 1. Posta Sokak, Cadde 24"",""city"":""Küçükçekmece"",""postal_code"":""34303"",""state"":""İstanbul"",""country"":""TR""}","[{""id"":""service_options"",""name"":""Service options"",""options"":[{""name"":""Online appointments"",""enabled"":true},{""name"":""On-site services"",""enabled"":true}]},{""id"":""accessibility"",""name"":""Accessibility"",""options"":[{""name"":""Wheelchair-accessible car park"",""enabled"":true},{""name"":""Wheelchair-accessible entrance"",""enabled"":true},{""name"":""Wheelchair-accessible seating"",""enabled"":true},{""name"":""Wheelchair-accessible toilet"",""enabled"":true}]}]",[],null,
6dd7d639-603b-4ca5-b1d9-ccf2a2f9c326,https://www.google.com/maps/place/Valikona%C4%9F%C4%B1+Construction+%26+Real+Estate/data=!4m7!3m6!1s0x14cab70e8f00fee1:0xacbaaf853cb2bf37!8m2!3d41.0527284!4d28.993454!16s%2Fg%2F1trs_6v3!19sChIJ4f4Ajw63yhQRN7-yPIWvuqw?authuser=0&hl=en&rclk=1,Valikonağı Construction & Real Estate,Construction company,"Teşvikiye, Prf. Dr. Orhan Ersek Sk. No:9/5, 34365 Şişli/İstanbul, Türkiye","{""Friday"":[""9 am–6:30 pm""],""Monday"":[""9 am–6:30 pm""],""Saturday"":[""9 am–6:30 pm""],""Sunday"":[""Closed""],""Thursday"":[""9 am–6:30 pm""],""Tuesday"":[""9 am–6:30 pm""],""Wednesday"":[""9 am–6:30 pm""]}",{},http://www.valikonagiinsaat.com/,+90 532 428 25 85,"3X3V+39 Şişli, İstanbul, Türkiye",4,4.800000,"{""1"":0,""2"":0,""3"":0,""4"":1,""5"":3}",41.052728,28.993454,12446453506975645495,,,,//lh5.googleusercontent.com/mBfqN1aFZSaS0ZtNmXYsJi_WIaAwIbgVxrAR9GYOOYrTb6CElDsfqqsxfZv5rqN0=w426-h240-k-no,Europe/Istanbul,,0x14cab70e8f00fee1:0xacbaaf853cb2bf37,"[{""title"":""All"",""image"":""//lh5.googleusercontent.com/mBfqN1aFZSaS0ZtNmXYsJi_WIaAwIbgVxrAR9GYOOYrTb6CElDsfqqsxfZv5rqN0=w529-h298-k-no""},{""title"":""By owner"",""image"":""https://lh3.googleusercontent.com/p/AF1QipP0gw6jsvZFGuNZ8EW_sT_HFoGpuCWM1GARl4Wi=w298-h298-k-no""},{""title"":""Street View \u0026 360°"",""image"":""https://streetviewpixels-pa.googleapis.com/v1/thumbnail?panoid=PzTJp1uyOC7OEtZUtvrnaA\u0026cb_client=maps_sv.tactile.gps\u0026w=224\u0026h=298\u0026yaw=7.614\u0026pitch=0\u0026thumbfov=100""}]",null,null,"{""link"":"""",""source"":""""}","{""id"":""108934560777133419890"",""name"":""Valikonağı Construction \u0026 Real Estate (Owner)"",""link"":""https://www.google.com/maps/contrib/108934560777133419890""}","{""borough"":""Teşvikiye"",""street"":""Prf. Dr. Orhan Ersek Sk. No:9/5"",""city"":""Şişli"",""postal_code"":""34365"",""state"":""İstanbul"",""country"":""TR""}",null,[],null,
6dd7d639-603b-4ca5-b1d9-ccf2a2f9c326,https://www.google.com/maps/place/AG+Gayrimenkul+Emlak+Dan%C4%B1%C5%9Fmanl%C4%B1k/data=!4m7!3m6!1s0x14cab65f8775fbf1:0xb0767208a166f39a!8m2!3d41.079338!4d28.9995054!16s%2Fg%2F11c32674b7!19sChIJ8ft1h1-2yhQRmvNmoQhydrA?authuser=0&hl=en&rclk=1,AG Gayrimenkul Emlak Danışmanlık,Real estate agency,"18 Talatpaşa Caddesi & Ulu Sokak Gültepe Mah, 34410 Kağıthane/İstanbul, Türkiye","{""Friday"":[""8 am–8 pm""],""Monday"":[""8 am–8 pm""],""Saturday"":[""8 am–8 pm""],""Sunday"":[""8 am–8 pm""],""Thursday"":[""8 am–8 pm""],""Tuesday"":[""8 am–8 pm""],""Wednesday"":[""8 am–8 pm""]}",{},https://banaozel.sahibinden.com/ilanlarim,+90 532 747 99 43,"3XHX+PR Kağıthane, İstanbul, Türkiye",18,3.400000,"{""1"":7,""2"":0,""3"":0,""4"":0,""5"":11}",41.079338,28.999505,12715475979320357786,,,,//lh6.googleusercontent.com/oxNd6w81Mk-WgpyaSLCoeAWFiMdFkrJb5Y8zT5YMAAn3BJtpPl7Z5VV0mRMYZrwQ=w426-h240-k-no,Europe/Istanbul,,0x14cab65f8775fbf1:0xb0767208a166f39a,"[{""title"":""All"",""image"":""//lh6.googleusercontent.com/oxNd6w81Mk-WgpyaSLCoeAWFiMdFkrJb5Y8zT5YMAAn3BJtpPl7Z5VV0mRMYZrwQ=w529-h298-k-no""},{""title"":""Exterior"",""image"":""https://lh3.googleusercontent.com/gps-cs-s/AG0ilSzrEhocbapPpxO-R6-vH7HIQ8kdVeZvkcRM_0uh-0w7rcZb6cmpbfvg0alXXd0kaX_BW_qMpy9GlwRLAhRbm-ryqLriauxc6RMOBGMY1dMztljnDC38AQ5yF-lFv-wNWayo7SF3xg=w397-h298-k-no""},{""title"":""Real Estate"",""image"":""https://lh3.googleusercontent.com/gps-cs-s/AG0ilSzRGXY30rVIyBD-Uw014c8UO4tpyBsON26Z3m6rc2GlllMJ2vkNI1wWIwy09VgJgkH7Z8LPkOag5sXkAEWWo7d8Bj-DWv6F2awMO7jbtZsOt8PYNQS4h58kWzLcp_7lslGfv2AB=w794-h298-k-no""}]",null,null,"{""link"":"""",""source"":""""}","{""id"":""107418951594629330172"",""name"":""AG Gayrimenkul Emlak Danışmanlık (Owner)"",""link"":""https://www.google.com/maps/contrib/107418951594629330172""}","{""borough"":""Telsizler"",""street"":""18 Talatpaşa Caddesi \u0026 Ulu Sokak Gültepe Mah"",""city"":""Kağıthane"",""postal_code"":""34410"",""state"":""İstanbul"",""country"":""TR""}","[{""id"":""service_options"",""name"":""Service options"",""options"":[{""name"":""Online appointments"",""enabled"":true},{""name"":""On-site services"",""enabled"":true}]}]",[],null,
